[
{
    "model": "auth.permission",
    "pk": 1,
    "fields": {
        "name": "Can add log entry",
        "content_type": 1,
        "codename": "add_logentry"
    }
},
{
    "model": "auth.permission",
    "pk": 2,
    "fields": {
        "name": "Can change log entry",
        "content_type": 1,
        "codename": "change_logentry"
    }
},
{
    "model": "auth.permission",
    "pk": 3,
    "fields": {
        "name": "Can delete log entry",
        "content_type": 1,
        "codename": "delete_logentry"
    }
},
{
    "model": "auth.permission",
    "pk": 4,
    "fields": {
        "name": "Can view log entry",
        "content_type": 1,
        "codename": "view_logentry"
    }
},
{
    "model": "auth.permission",
    "pk": 5,
    "fields": {
        "name": "Can add permission",
        "content_type": 2,
        "codename": "add_permission"
    }
},
{
    "model": "auth.permission",
    "pk": 6,
    "fields": {
        "name": "Can change permission",
        "content_type": 2,
        "codename": "change_permission"
    }
},
{
    "model": "auth.permission",
    "pk": 7,
    "fields": {
        "name": "Can delete permission",
        "content_type": 2,
        "codename": "delete_permission"
    }
},
{
    "model": "auth.permission",
    "pk": 8,
    "fields": {
        "name": "Can view permission",
        "content_type": 2,
        "codename": "view_permission"
    }
},
{
    "model": "auth.permission",
    "pk": 9,
    "fields": {
        "name": "Can add group",
        "content_type": 3,
        "codename": "add_group"
    }
},
{
    "model": "auth.permission",
    "pk": 10,
    "fields": {
        "name": "Can change group",
        "content_type": 3,
        "codename": "change_group"
    }
},
{
    "model": "auth.permission",
    "pk": 11,
    "fields": {
        "name": "Can delete group",
        "content_type": 3,
        "codename": "delete_group"
    }
},
{
    "model": "auth.permission",
    "pk": 12,
    "fields": {
        "name": "Can view group",
        "content_type": 3,
        "codename": "view_group"
    }
},
{
    "model": "auth.permission",
    "pk": 13,
    "fields": {
        "name": "Can add content type",
        "content_type": 4,
        "codename": "add_contenttype"
    }
},
{
    "model": "auth.permission",
    "pk": 14,
    "fields": {
        "name": "Can change content type",
        "content_type": 4,
        "codename": "change_contenttype"
    }
},
{
    "model": "auth.permission",
    "pk": 15,
    "fields": {
        "name": "Can delete content type",
        "content_type": 4,
        "codename": "delete_contenttype"
    }
},
{
    "model": "auth.permission",
    "pk": 16,
    "fields": {
        "name": "Can view content type",
        "content_type": 4,
        "codename": "view_contenttype"
    }
},
{
    "model": "auth.permission",
    "pk": 17,
    "fields": {
        "name": "Can add session",
        "content_type": 5,
        "codename": "add_session"
    }
},
{
    "model": "auth.permission",
    "pk": 18,
    "fields": {
        "name": "Can change session",
        "content_type": 5,
        "codename": "change_session"
    }
},
{
    "model": "auth.permission",
    "pk": 19,
    "fields": {
        "name": "Can delete session",
        "content_type": 5,
        "codename": "delete_session"
    }
},
{
    "model": "auth.permission",
    "pk": 20,
    "fields": {
        "name": "Can view session",
        "content_type": 5,
        "codename": "view_session"
    }
},
{
    "model": "auth.permission",
    "pk": 21,
    "fields": {
        "name": "Can add cliente",
        "content_type": 6,
        "codename": "add_cliente"
    }
},
{
    "model": "auth.permission",
    "pk": 22,
    "fields": {
        "name": "Can change cliente",
        "content_type": 6,
        "codename": "change_cliente"
    }
},
{
    "model": "auth.permission",
    "pk": 23,
    "fields": {
        "name": "Can delete cliente",
        "content_type": 6,
        "codename": "delete_cliente"
    }
},
{
    "model": "auth.permission",
    "pk": 24,
    "fields": {
        "name": "Can view cliente",
        "content_type": 6,
        "codename": "view_cliente"
    }
},
{
    "model": "auth.permission",
    "pk": 25,
    "fields": {
        "name": "Can add empresa externa",
        "content_type": 7,
        "codename": "add_empresaexterna"
    }
},
{
    "model": "auth.permission",
    "pk": 26,
    "fields": {
        "name": "Can change empresa externa",
        "content_type": 7,
        "codename": "change_empresaexterna"
    }
},
{
    "model": "auth.permission",
    "pk": 27,
    "fields": {
        "name": "Can delete empresa externa",
        "content_type": 7,
        "codename": "delete_empresaexterna"
    }
},
{
    "model": "auth.permission",
    "pk": 28,
    "fields": {
        "name": "Can view empresa externa",
        "content_type": 7,
        "codename": "view_empresaexterna"
    }
},
{
    "model": "auth.permission",
    "pk": 29,
    "fields": {
        "name": "Can add estacion itv",
        "content_type": 8,
        "codename": "add_estacionitv"
    }
},
{
    "model": "auth.permission",
    "pk": 30,
    "fields": {
        "name": "Can change estacion itv",
        "content_type": 8,
        "codename": "change_estacionitv"
    }
},
{
    "model": "auth.permission",
    "pk": 31,
    "fields": {
        "name": "Can delete estacion itv",
        "content_type": 8,
        "codename": "delete_estacionitv"
    }
},
{
    "model": "auth.permission",
    "pk": 32,
    "fields": {
        "name": "Can view estacion itv",
        "content_type": 8,
        "codename": "view_estacionitv"
    }
},
{
    "model": "auth.permission",
    "pk": 33,
    "fields": {
        "name": "Can add inspeccion",
        "content_type": 9,
        "codename": "add_inspeccion"
    }
},
{
    "model": "auth.permission",
    "pk": 34,
    "fields": {
        "name": "Can change inspeccion",
        "content_type": 9,
        "codename": "change_inspeccion"
    }
},
{
    "model": "auth.permission",
    "pk": 35,
    "fields": {
        "name": "Can delete inspeccion",
        "content_type": 9,
        "codename": "delete_inspeccion"
    }
},
{
    "model": "auth.permission",
    "pk": 36,
    "fields": {
        "name": "Can view inspeccion",
        "content_type": 9,
        "codename": "view_inspeccion"
    }
},
{
    "model": "auth.permission",
    "pk": 37,
    "fields": {
        "name": "Can add local",
        "content_type": 10,
        "codename": "add_local"
    }
},
{
    "model": "auth.permission",
    "pk": 38,
    "fields": {
        "name": "Can change local",
        "content_type": 10,
        "codename": "change_local"
    }
},
{
    "model": "auth.permission",
    "pk": 39,
    "fields": {
        "name": "Can delete local",
        "content_type": 10,
        "codename": "delete_local"
    }
},
{
    "model": "auth.permission",
    "pk": 40,
    "fields": {
        "name": "Can view local",
        "content_type": 10,
        "codename": "view_local"
    }
},
{
    "model": "auth.permission",
    "pk": 41,
    "fields": {
        "name": "Can add cita",
        "content_type": 11,
        "codename": "add_cita"
    }
},
{
    "model": "auth.permission",
    "pk": 42,
    "fields": {
        "name": "Can change cita",
        "content_type": 11,
        "codename": "change_cita"
    }
},
{
    "model": "auth.permission",
    "pk": 43,
    "fields": {
        "name": "Can delete cita",
        "content_type": 11,
        "codename": "delete_cita"
    }
},
{
    "model": "auth.permission",
    "pk": 44,
    "fields": {
        "name": "Can view cita",
        "content_type": 11,
        "codename": "view_cita"
    }
},
{
    "model": "auth.permission",
    "pk": 45,
    "fields": {
        "name": "Can add factura",
        "content_type": 12,
        "codename": "add_factura"
    }
},
{
    "model": "auth.permission",
    "pk": 46,
    "fields": {
        "name": "Can change factura",
        "content_type": 12,
        "codename": "change_factura"
    }
},
{
    "model": "auth.permission",
    "pk": 47,
    "fields": {
        "name": "Can delete factura",
        "content_type": 12,
        "codename": "delete_factura"
    }
},
{
    "model": "auth.permission",
    "pk": 48,
    "fields": {
        "name": "Can view factura",
        "content_type": 12,
        "codename": "view_factura"
    }
},
{
    "model": "auth.permission",
    "pk": 49,
    "fields": {
        "name": "Can add maquinaria",
        "content_type": 13,
        "codename": "add_maquinaria"
    }
},
{
    "model": "auth.permission",
    "pk": 50,
    "fields": {
        "name": "Can change maquinaria",
        "content_type": 13,
        "codename": "change_maquinaria"
    }
},
{
    "model": "auth.permission",
    "pk": 51,
    "fields": {
        "name": "Can delete maquinaria",
        "content_type": 13,
        "codename": "delete_maquinaria"
    }
},
{
    "model": "auth.permission",
    "pk": 52,
    "fields": {
        "name": "Can view maquinaria",
        "content_type": 13,
        "codename": "view_maquinaria"
    }
},
{
    "model": "auth.permission",
    "pk": 53,
    "fields": {
        "name": "Can add trabajador",
        "content_type": 14,
        "codename": "add_trabajador"
    }
},
{
    "model": "auth.permission",
    "pk": 54,
    "fields": {
        "name": "Can change trabajador",
        "content_type": 14,
        "codename": "change_trabajador"
    }
},
{
    "model": "auth.permission",
    "pk": 55,
    "fields": {
        "name": "Can delete trabajador",
        "content_type": 14,
        "codename": "delete_trabajador"
    }
},
{
    "model": "auth.permission",
    "pk": 56,
    "fields": {
        "name": "Can view trabajador",
        "content_type": 14,
        "codename": "view_trabajador"
    }
},
{
    "model": "auth.permission",
    "pk": 57,
    "fields": {
        "name": "Can add vehiculo",
        "content_type": 15,
        "codename": "add_vehiculo"
    }
},
{
    "model": "auth.permission",
    "pk": 58,
    "fields": {
        "name": "Can change vehiculo",
        "content_type": 15,
        "codename": "change_vehiculo"
    }
},
{
    "model": "auth.permission",
    "pk": 59,
    "fields": {
        "name": "Can delete vehiculo",
        "content_type": 15,
        "codename": "delete_vehiculo"
    }
},
{
    "model": "auth.permission",
    "pk": 60,
    "fields": {
        "name": "Can view vehiculo",
        "content_type": 15,
        "codename": "view_vehiculo"
    }
},
{
    "model": "auth.permission",
    "pk": 61,
    "fields": {
        "name": "Can add user",
        "content_type": 16,
        "codename": "add_usuario"
    }
},
{
    "model": "auth.permission",
    "pk": 62,
    "fields": {
        "name": "Can change user",
        "content_type": 16,
        "codename": "change_usuario"
    }
},
{
    "model": "auth.permission",
    "pk": 63,
    "fields": {
        "name": "Can delete user",
        "content_type": 16,
        "codename": "delete_usuario"
    }
},
{
    "model": "auth.permission",
    "pk": 64,
    "fields": {
        "name": "Can view user",
        "content_type": 16,
        "codename": "view_usuario"
    }
},
{
    "model": "contenttypes.contenttype",
    "pk": 1,
    "fields": {
        "app_label": "admin",
        "model": "logentry"
    }
},
{
    "model": "contenttypes.contenttype",
    "pk": 2,
    "fields": {
        "app_label": "auth",
        "model": "permission"
    }
},
{
    "model": "contenttypes.contenttype",
    "pk": 3,
    "fields": {
        "app_label": "auth",
        "model": "group"
    }
},
{
    "model": "contenttypes.contenttype",
    "pk": 4,
    "fields": {
        "app_label": "contenttypes",
        "model": "contenttype"
    }
},
{
    "model": "contenttypes.contenttype",
    "pk": 5,
    "fields": {
        "app_label": "sessions",
        "model": "session"
    }
},
{
    "model": "contenttypes.contenttype",
    "pk": 6,
    "fields": {
        "app_label": "ITV",
        "model": "cliente"
    }
},
{
    "model": "contenttypes.contenttype",
    "pk": 7,
    "fields": {
        "app_label": "ITV",
        "model": "empresaexterna"
    }
},
{
    "model": "contenttypes.contenttype",
    "pk": 8,
    "fields": {
        "app_label": "ITV",
        "model": "estacionitv"
    }
},
{
    "model": "contenttypes.contenttype",
    "pk": 9,
    "fields": {
        "app_label": "ITV",
        "model": "inspeccion"
    }
},
{
    "model": "contenttypes.contenttype",
    "pk": 10,
    "fields": {
        "app_label": "ITV",
        "model": "local"
    }
},
{
    "model": "contenttypes.contenttype",
    "pk": 11,
    "fields": {
        "app_label": "ITV",
        "model": "cita"
    }
},
{
    "model": "contenttypes.contenttype",
    "pk": 12,
    "fields": {
        "app_label": "ITV",
        "model": "factura"
    }
},
{
    "model": "contenttypes.contenttype",
    "pk": 13,
    "fields": {
        "app_label": "ITV",
        "model": "maquinaria"
    }
},
{
    "model": "contenttypes.contenttype",
    "pk": 14,
    "fields": {
        "app_label": "ITV",
        "model": "trabajador"
    }
},
{
    "model": "contenttypes.contenttype",
    "pk": 15,
    "fields": {
        "app_label": "ITV",
        "model": "vehiculo"
    }
},
{
    "model": "contenttypes.contenttype",
    "pk": 16,
    "fields": {
        "app_label": "ITV",
        "model": "usuario"
    }
},
{
    "model": "ITV.usuario",
    "pk": 1,
    "fields": {
        "password": "Nice over second nearly kid deep. Everybody guy believe approach author.\nSomething between capital bad.",
        "last_login": "1985-03-21T21:23:55.592",
        "is_superuser": true,
        "username": "cathy81",
        "first_name": "Briana",
        "last_name": "Jackson",
        "email": "diazkari@example.org",
        "is_staff": false,
        "is_active": true,
        "date_joined": "2025-01-09T19:51:29.132",
        "rol": 2,
        "groups": [],
        "user_permissions": []
    }
},
{
    "model": "ITV.usuario",
    "pk": 2,
    "fields": {
        "password": "Level fine level black whether. Effect guy day report interview property method. Article business project stop positive.",
        "last_login": "1976-06-17T22:51:12.045",
        "is_superuser": true,
        "username": "longjoshua",
        "first_name": "Mary",
        "last_name": "Castaneda",
        "email": "jamesgilbert@example.com",
        "is_staff": true,
        "is_active": true,
        "date_joined": "2025-01-09T19:51:29.132",
        "rol": 2,
        "groups": [],
        "user_permissions": []
    }
},
{
    "model": "ITV.usuario",
    "pk": 3,
    "fields": {
        "password": "Later money walk sign investment security. Fill last dream or painting goal street on.",
        "last_login": "2015-01-11T13:11:54.758",
        "is_superuser": true,
        "username": "sheppardmichelle",
        "first_name": "Lori",
        "last_name": "Cox",
        "email": "baileywilliam@example.net",
        "is_staff": true,
        "is_active": true,
        "date_joined": "2025-01-09T19:51:29.132",
        "rol": 2,
        "groups": [],
        "user_permissions": []
    }
},
{
    "model": "ITV.usuario",
    "pk": 4,
    "fields": {
        "password": "Yet teacher production crime. Center care keep hear per city television.\nBuy responsibility scene anything side final.",
        "last_login": "1995-08-20T22:11:28.798",
        "is_superuser": true,
        "username": "jamesmcclain",
        "first_name": "Lisa",
        "last_name": "Robles",
        "email": "christymartinez@example.org",
        "is_staff": false,
        "is_active": true,
        "date_joined": "2025-01-09T19:51:29.132",
        "rol": 2,
        "groups": [],
        "user_permissions": []
    }
},
{
    "model": "ITV.usuario",
    "pk": 5,
    "fields": {
        "password": "Rich clearly away network seek ten we certainly. Go pattern vote near run meet sing.",
        "last_login": "1998-12-28T00:28:38.095",
        "is_superuser": false,
        "username": "nboyle",
        "first_name": "Steven",
        "last_name": "Bennett",
        "email": "webbteresa@example.com",
        "is_staff": true,
        "is_active": true,
        "date_joined": "2025-01-09T19:51:29.132",
        "rol": 2,
        "groups": [],
        "user_permissions": []
    }
},
{
    "model": "ITV.usuario",
    "pk": 6,
    "fields": {
        "password": "Election matter image foreign traditional to.",
        "last_login": "1979-04-07T05:24:48.473",
        "is_superuser": false,
        "username": "craig80",
        "first_name": "David",
        "last_name": "Alvarez",
        "email": "carrbrandon@example.net",
        "is_staff": true,
        "is_active": true,
        "date_joined": "2025-01-09T19:51:29.132",
        "rol": 2,
        "groups": [],
        "user_permissions": []
    }
},
{
    "model": "ITV.usuario",
    "pk": 7,
    "fields": {
        "password": "Read loss about while. Either hit television fast since until claim herself. Mean road describe car draw civil feel.",
        "last_login": "1972-07-31T17:55:15.426",
        "is_superuser": true,
        "username": "rogersmichael",
        "first_name": "Beth",
        "last_name": "Garcia",
        "email": "qmontoya@example.com",
        "is_staff": false,
        "is_active": true,
        "date_joined": "2025-01-09T19:51:29.132",
        "rol": 2,
        "groups": [],
        "user_permissions": []
    }
},
{
    "model": "ITV.usuario",
    "pk": 8,
    "fields": {
        "password": "Nothing page recently moment eye. Just there financial able send road society. See market arm series.",
        "last_login": "1982-08-15T08:14:43.352",
        "is_superuser": false,
        "username": "lamwilliam",
        "first_name": "Sarah",
        "last_name": "Chandler",
        "email": "dixonalexa@example.net",
        "is_staff": false,
        "is_active": true,
        "date_joined": "2025-01-09T19:51:29.132",
        "rol": 2,
        "groups": [],
        "user_permissions": []
    }
},
{
    "model": "ITV.usuario",
    "pk": 9,
    "fields": {
        "password": "Mind item sport worker government center. Grow especially eye me. Able religious herself experience.",
        "last_login": "1984-02-08T07:27:39.096",
        "is_superuser": false,
        "username": "kimberly69",
        "first_name": "Edward",
        "last_name": "Johnson",
        "email": "bellandrew@example.org",
        "is_staff": true,
        "is_active": true,
        "date_joined": "2025-01-09T19:51:29.132",
        "rol": 2,
        "groups": [],
        "user_permissions": []
    }
},
{
    "model": "ITV.usuario",
    "pk": 10,
    "fields": {
        "password": "Great natural magazine land. Everything professor turn five decide seat. There coach discussion woman fund.",
        "last_login": "2022-03-26T06:31:16.629",
        "is_superuser": true,
        "username": "belljessica",
        "first_name": "Kimberly",
        "last_name": "Boyle",
        "email": "shahkarl@example.net",
        "is_staff": false,
        "is_active": true,
        "date_joined": "2025-01-09T19:51:29.132",
        "rol": 2,
        "groups": [],
        "user_permissions": []
    }
},
{
    "model": "ITV.usuario",
    "pk": 11,
    "fields": {
        "password": "Between its within whether view relationship. Deal exactly yourself mind lay various prevent. Value cold friend where.",
        "last_login": "1980-10-09T02:51:26.649",
        "is_superuser": false,
        "username": "erikandrade",
        "first_name": "Charles",
        "last_name": "Pittman",
        "email": "stephanie83@example.org",
        "is_staff": true,
        "is_active": true,
        "date_joined": "2025-01-09T19:51:29.132",
        "rol": 2,
        "groups": [],
        "user_permissions": []
    }
},
{
    "model": "ITV.usuario",
    "pk": 12,
    "fields": {
        "password": "Camera expert decade seem suggest water professional. May minute scene many.",
        "last_login": "2016-09-26T02:58:42.094",
        "is_superuser": false,
        "username": "gallegosmichael",
        "first_name": "Colleen",
        "last_name": "Goodwin",
        "email": "aprilpacheco@example.net",
        "is_staff": true,
        "is_active": true,
        "date_joined": "2025-01-09T19:51:29.132",
        "rol": 2,
        "groups": [],
        "user_permissions": []
    }
},
{
    "model": "ITV.usuario",
    "pk": 13,
    "fields": {
        "password": "Economic summer why game more score treatment. Young three even star relate. If hotel most seem protect per.",
        "last_login": "1971-12-06T08:18:37.338",
        "is_superuser": true,
        "username": "phillipfarley",
        "first_name": "Carolyn",
        "last_name": "Banks",
        "email": "wardheather@example.net",
        "is_staff": false,
        "is_active": true,
        "date_joined": "2025-01-09T19:51:29.132",
        "rol": 2,
        "groups": [],
        "user_permissions": []
    }
},
{
    "model": "ITV.usuario",
    "pk": 14,
    "fields": {
        "password": "Speech able already will final. Deal any represent with improve.\nFear far find throughout once town. Nice firm under attention.",
        "last_login": "1999-05-31T14:47:01.027",
        "is_superuser": false,
        "username": "krystal61",
        "first_name": "Ivan",
        "last_name": "Stafford",
        "email": "matthewdavis@example.com",
        "is_staff": false,
        "is_active": true,
        "date_joined": "2025-01-09T19:51:29.132",
        "rol": 2,
        "groups": [],
        "user_permissions": []
    }
},
{
    "model": "ITV.usuario",
    "pk": 15,
    "fields": {
        "password": "Ground level success go short. Require end forget agent none inside. Time leader realize speech present.",
        "last_login": "2015-07-04T14:54:49.153",
        "is_superuser": false,
        "username": "vargasjulie",
        "first_name": "Danielle",
        "last_name": "Hanna",
        "email": "monicawatts@example.org",
        "is_staff": true,
        "is_active": true,
        "date_joined": "2025-01-09T19:51:29.132",
        "rol": 2,
        "groups": [],
        "user_permissions": []
    }
},
{
    "model": "ITV.cliente",
    "pk": 1,
    "fields": {
        "apellidos": "Treat you election weight exist drive wish.",
        "sexo": "F",
        "fecha_nacimiento": "1981-08-24",
        "codigo_postal": 18852,
        "domicilio": "Ever though perform live. From year small anyone choice. Western approach fly.\nMight real simply step entire. Large light expert project represent project.",
        "telefono": 31250,
        "dni": "Place.",
        "imagen": "phone.mp3",
        "usuario": 7
    }
},
{
    "model": "ITV.cliente",
    "pk": 2,
    "fields": {
        "apellidos": "Song else effect attack card.",
        "sexo": "F",
        "fecha_nacimiento": "2001-12-18",
        "codigo_postal": 25728,
        "domicilio": "Without personal focus network food baby hotel rise. Citizen from could important establish send usually. Public hotel ok seem town. Thought eye memory information from.",
        "telefono": 12733,
        "dni": "Few will.",
        "imagen": "political.mp4",
        "usuario": 2
    }
},
{
    "model": "ITV.cliente",
    "pk": 3,
    "fields": {
        "apellidos": "Eight mind action white his ability.",
        "sexo": "M",
        "fecha_nacimiento": "1989-06-29",
        "codigo_postal": -17708,
        "domicilio": "Light picture near difficult should. Design offer soldier their thought finish draw general.\nInterview lawyer offer current.",
        "telefono": 15716,
        "dni": "Today.",
        "imagen": "they.avi",
        "usuario": 15
    }
},
{
    "model": "ITV.cliente",
    "pk": 4,
    "fields": {
        "apellidos": "Get manager try mouth.",
        "sexo": "M",
        "fecha_nacimiento": "1990-01-11",
        "codigo_postal": 8539,
        "domicilio": "Together fight night fall end visit. Activity around business should light hot decision. Enough tell yard else its.\nSport up while any establish kid federal. Outside option open feeling play.",
        "telefono": 18785,
        "dni": "Year.",
        "imagen": "help.tiff",
        "usuario": 14
    }
},
{
    "model": "ITV.cliente",
    "pk": 5,
    "fields": {
        "apellidos": "Member nation there stop form.",
        "sexo": "F",
        "fecha_nacimiento": "2020-11-30",
        "codigo_postal": 12138,
        "domicilio": "Deal soon test trade story data thing first. International defense every human. Edge generation style adult course good mean.\nData matter whom pass ok avoid daughter.",
        "telefono": 31496,
        "dni": "Whom.",
        "imagen": "something.flac",
        "usuario": 10
    }
},
{
    "model": "ITV.cliente",
    "pk": 6,
    "fields": {
        "apellidos": "Reality cost know bill whose campaign.",
        "sexo": "M",
        "fecha_nacimiento": "1989-05-31",
        "codigo_postal": -16619,
        "domicilio": "Much nearly key court. Traditional drop vote central. Pull conference only might call of.\nMoment left car the Mrs case like. Old quickly stuff fine happen rest animal.",
        "telefono": 32192,
        "dni": "Laugh.",
        "imagen": "a.jpg",
        "usuario": 6
    }
},
{
    "model": "ITV.cliente",
    "pk": 7,
    "fields": {
        "apellidos": "American movement child few goal future.",
        "sexo": "M",
        "fecha_nacimiento": "2003-02-14",
        "codigo_postal": 28209,
        "domicilio": "Ability especially knowledge born week sea director newspaper. Hour Mrs case with. Thought sister street care only real.\nCity we south no lay whatever. Seem possible its few almost.",
        "telefono": 21330,
        "dni": "Art.",
        "imagen": "image.mov",
        "usuario": 1
    }
},
{
    "model": "ITV.cliente",
    "pk": 8,
    "fields": {
        "apellidos": "Hear although example answer one.",
        "sexo": "F",
        "fecha_nacimiento": "1994-02-20",
        "codigo_postal": 12114,
        "domicilio": "Soon media interview get live. Money least participant believe man PM.",
        "telefono": 14149,
        "dni": "Sign.",
        "imagen": "between.tiff",
        "usuario": 5
    }
},
{
    "model": "ITV.cliente",
    "pk": 9,
    "fields": {
        "apellidos": "Soldier pick interest together top use or.",
        "sexo": "M",
        "fecha_nacimiento": "1973-07-12",
        "codigo_postal": 8975,
        "domicilio": "Together see sing Congress weight develop. National huge parent campaign actually.\nBit week throw rich. Son center city camera color. Federal thought camera care expect understand.",
        "telefono": 22914,
        "dni": "Mr Mrs.",
        "imagen": "factor.gif",
        "usuario": 12
    }
},
{
    "model": "ITV.cliente",
    "pk": 10,
    "fields": {
        "apellidos": "Production office account worker who lose.",
        "sexo": "F",
        "fecha_nacimiento": "2008-03-04",
        "codigo_postal": -3996,
        "domicilio": "Model care save difference need. Start team stop pull.\nCustomer most idea. Spend low issue nearly sell give standard.\nWhole be light skill. Why method effort old test.",
        "telefono": 26117,
        "dni": "Bag use.",
        "imagen": "often.jpg",
        "usuario": 9
    }
},
{
    "model": "ITV.cliente",
    "pk": 11,
    "fields": {
        "apellidos": "Significant soon occur show red issue nature.",
        "sexo": "M",
        "fecha_nacimiento": "1999-10-30",
        "codigo_postal": 6245,
        "domicilio": "Eye accept you culture amount. Great hot wide green marriage region.",
        "telefono": 29590,
        "dni": "Ahead.",
        "imagen": "public.jpeg",
        "usuario": 11
    }
},
{
    "model": "ITV.cliente",
    "pk": 12,
    "fields": {
        "apellidos": "Than home fly different say spring decision.",
        "sexo": "M",
        "fecha_nacimiento": "1971-10-02",
        "codigo_postal": 24237,
        "domicilio": "Other group activity different others first.\nComputer tend sea involve. Science art travel away letter.",
        "telefono": 13283,
        "dni": "Fear.",
        "imagen": "country.css",
        "usuario": 3
    }
},
{
    "model": "ITV.cliente",
    "pk": 13,
    "fields": {
        "apellidos": "Maintain language support prepare.",
        "sexo": "M",
        "fecha_nacimiento": "2000-01-31",
        "codigo_postal": 11563,
        "domicilio": "Surface little deep consider itself apply page. Mrs interest real religious at poor investment. Hear imagine think month trial establish.",
        "telefono": 9671,
        "dni": "Image.",
        "imagen": "might.bmp",
        "usuario": 8
    }
},
{
    "model": "ITV.cliente",
    "pk": 14,
    "fields": {
        "apellidos": "Alone anything end music.",
        "sexo": "M",
        "fecha_nacimiento": "1998-11-24",
        "codigo_postal": -10547,
        "domicilio": "Baby wall join keep fine tough. Play my dog success sell arrive.\nUp story reflect according pressure eye. From perhaps performance price financial report. Produce need station almost resource spring.",
        "telefono": 16166,
        "dni": "Home boy.",
        "imagen": "four.tiff",
        "usuario": 4
    }
},
{
    "model": "ITV.cliente",
    "pk": 15,
    "fields": {
        "apellidos": "Turn then tell concern see.",
        "sexo": "M",
        "fecha_nacimiento": "2021-04-05",
        "codigo_postal": 11098,
        "domicilio": "Rich draw college key seem page reduce. Alone life my son trial front deep.\nHigh number everyone home. Subject send arrive boy.\nTown experience part today and agree.",
        "telefono": 28676,
        "dni": "Game.",
        "imagen": "respond.bmp",
        "usuario": 13
    }
},
{
    "model": "ITV.local",
    "pk": 1,
    "fields": {
        "precio": 0.39577551374103603,
        "metros": "0.641",
        "anio_arrendamiento": "1996-11-16",
        "duenio": "Sport reduce to chair of."
    }
},
{
    "model": "ITV.local",
    "pk": 2,
    "fields": {
        "precio": 0.13430757243425584,
        "metros": "0.446",
        "anio_arrendamiento": "2006-04-07",
        "duenio": "Bring everything man bed article event."
    }
},
{
    "model": "ITV.local",
    "pk": 3,
    "fields": {
        "precio": 0.8778703213521553,
        "metros": "0.262",
        "anio_arrendamiento": "2018-01-28",
        "duenio": "Claim even know really main suffer present."
    }
},
{
    "model": "ITV.local",
    "pk": 4,
    "fields": {
        "precio": 0.10055428202917494,
        "metros": "0.880",
        "anio_arrendamiento": "1988-11-12",
        "duenio": "Who energy everybody father available."
    }
},
{
    "model": "ITV.local",
    "pk": 5,
    "fields": {
        "precio": 0.5933038172283719,
        "metros": "0.321",
        "anio_arrendamiento": "2010-10-05",
        "duenio": "Oil rich heavy when soon all by."
    }
},
{
    "model": "ITV.local",
    "pk": 6,
    "fields": {
        "precio": 0.23872111268018514,
        "metros": "0.613",
        "anio_arrendamiento": "1988-07-02",
        "duenio": "Million establish art attention camera trip."
    }
},
{
    "model": "ITV.local",
    "pk": 7,
    "fields": {
        "precio": 0.8682121109656502,
        "metros": "0.370",
        "anio_arrendamiento": "1985-09-24",
        "duenio": "Region study benefit."
    }
},
{
    "model": "ITV.local",
    "pk": 8,
    "fields": {
        "precio": 0.0039056182198689005,
        "metros": "0.208",
        "anio_arrendamiento": "2006-08-29",
        "duenio": "Cup too catch spend institution suddenly much."
    }
},
{
    "model": "ITV.local",
    "pk": 9,
    "fields": {
        "precio": 0.5702120033675702,
        "metros": "0.316",
        "anio_arrendamiento": "2015-12-15",
        "duenio": "Yeah law service player source raise some board."
    }
},
{
    "model": "ITV.local",
    "pk": 10,
    "fields": {
        "precio": 0.955878874317395,
        "metros": "1.000",
        "anio_arrendamiento": "2014-02-25",
        "duenio": "Begin also always myself deal box measure."
    }
},
{
    "model": "ITV.local",
    "pk": 11,
    "fields": {
        "precio": 0.3841366901611555,
        "metros": "0.890",
        "anio_arrendamiento": "2025-01-01",
        "duenio": "Property article staff song."
    }
},
{
    "model": "ITV.local",
    "pk": 12,
    "fields": {
        "precio": 0.1802667770543126,
        "metros": "0.562",
        "anio_arrendamiento": "2002-02-17",
        "duenio": "Treatment bad production person civil."
    }
},
{
    "model": "ITV.local",
    "pk": 13,
    "fields": {
        "precio": 0.19970631315013376,
        "metros": "0.097",
        "anio_arrendamiento": "2003-03-17",
        "duenio": "Throw full clearly information rock score such."
    }
},
{
    "model": "ITV.local",
    "pk": 14,
    "fields": {
        "precio": 0.7213884847412807,
        "metros": "0.129",
        "anio_arrendamiento": "1978-12-06",
        "duenio": "Almost mean value somebody."
    }
},
{
    "model": "ITV.local",
    "pk": 15,
    "fields": {
        "precio": 0.4174359082736603,
        "metros": "0.254",
        "anio_arrendamiento": "1988-09-22",
        "duenio": "Ever family center argue three card many serve."
    }
},
{
    "model": "ITV.estacionitv",
    "pk": 1,
    "fields": {
        "local": 5,
        "nombre": "Whom risk several reason participant space.",
        "munipio": "Relate must care concern contain again town.",
        "eficiencia_energetica": "d",
        "comunidad_autonoma": "Leg radio produce."
    }
},
{
    "model": "ITV.estacionitv",
    "pk": 2,
    "fields": {
        "local": 3,
        "nombre": "Meet six down form job hand buy.",
        "munipio": "Must time system.",
        "eficiencia_energetica": "r",
        "comunidad_autonoma": "Rock relate human."
    }
},
{
    "model": "ITV.estacionitv",
    "pk": 3,
    "fields": {
        "local": 8,
        "nombre": "Rest race performance front. Fly charge himself.",
        "munipio": "Health property represent option.",
        "eficiencia_energetica": "m",
        "comunidad_autonoma": "Career window enter."
    }
},
{
    "model": "ITV.estacionitv",
    "pk": 4,
    "fields": {
        "local": 13,
        "nombre": "Back read increase answer that.",
        "munipio": "Source I food billion between study indeed.",
        "eficiencia_energetica": "s",
        "comunidad_autonoma": "Threat develop."
    }
},
{
    "model": "ITV.estacionitv",
    "pk": 5,
    "fields": {
        "local": 7,
        "nombre": "Worker six stop modern fine.",
        "munipio": "Where day very assume toward.",
        "eficiencia_energetica": "g",
        "comunidad_autonoma": "Hear coach miss."
    }
},
{
    "model": "ITV.estacionitv",
    "pk": 6,
    "fields": {
        "local": 9,
        "nombre": "Throughout daughter hear spring.",
        "munipio": "Cold drop field back.",
        "eficiencia_energetica": "r",
        "comunidad_autonoma": "Center similar town."
    }
},
{
    "model": "ITV.estacionitv",
    "pk": 7,
    "fields": {
        "local": 4,
        "nombre": "Week current tell again just.",
        "munipio": "Agreement color impact senior.",
        "eficiencia_energetica": "c",
        "comunidad_autonoma": "Himself throw."
    }
},
{
    "model": "ITV.estacionitv",
    "pk": 8,
    "fields": {
        "local": 15,
        "nombre": "City alone attorney rise he at.",
        "munipio": "Option tell official newspaper.",
        "eficiencia_energetica": "r",
        "comunidad_autonoma": "Tell start cultural."
    }
},
{
    "model": "ITV.estacionitv",
    "pk": 9,
    "fields": {
        "local": 10,
        "nombre": "Cell company spring reflect.",
        "munipio": "Really hair owner market evening responsibility.",
        "eficiencia_energetica": "s",
        "comunidad_autonoma": "White lawyer across."
    }
},
{
    "model": "ITV.estacionitv",
    "pk": 10,
    "fields": {
        "local": 2,
        "nombre": "Grow memory lot. And than seem western.",
        "munipio": "Fall blue effect. Goal memory what.",
        "eficiencia_energetica": "c",
        "comunidad_autonoma": "Tough property more."
    }
},
{
    "model": "ITV.estacionitv",
    "pk": 11,
    "fields": {
        "local": 14,
        "nombre": "Range audience end painting strong.",
        "munipio": "Suffer time decade lead.",
        "eficiencia_energetica": "s",
        "comunidad_autonoma": "Put view into."
    }
},
{
    "model": "ITV.estacionitv",
    "pk": 12,
    "fields": {
        "local": 12,
        "nombre": "Yet seat how tough.",
        "munipio": "Activity building beat offer water.",
        "eficiencia_energetica": "t",
        "comunidad_autonoma": "Of almost red."
    }
},
{
    "model": "ITV.estacionitv",
    "pk": 13,
    "fields": {
        "local": 6,
        "nombre": "Pretty in free.",
        "munipio": "Sign without control or social.",
        "eficiencia_energetica": "w",
        "comunidad_autonoma": "Scientist feel."
    }
},
{
    "model": "ITV.estacionitv",
    "pk": 14,
    "fields": {
        "local": 1,
        "nombre": "Argue spend either east.",
        "munipio": "Bank test suddenly. Particularly small board.",
        "eficiencia_energetica": "h",
        "comunidad_autonoma": "Arrive thousand."
    }
},
{
    "model": "ITV.estacionitv",
    "pk": 15,
    "fields": {
        "local": 11,
        "nombre": "Help tend so season. Western property note.",
        "munipio": "Issue camera above my five ready product.",
        "eficiencia_energetica": "m",
        "comunidad_autonoma": "Against note break."
    }
},
{
    "model": "ITV.cita",
    "pk": 1,
    "fields": {
        "cliente": 1,
        "estacion": 15,
        "matricula": "Five.",
        "fecha_matriculacion": "1991-06-06",
        "numero_bastidor": "Body box.",
        "tipo_inspeccion": "VETAXV",
        "remolque": false,
        "tipo_pago": "EF",
        "fecha_propuesta": "1972-06-11",
        "hora_propuesta": "19:43:10"
    }
},
{
    "model": "ITV.cita",
    "pk": 2,
    "fields": {
        "cliente": 6,
        "estacion": 2,
        "matricula": "Red.",
        "fecha_matriculacion": "1971-11-02",
        "numero_bastidor": "Why their allow.",
        "tipo_inspeccion": "VETAXV",
        "remolque": true,
        "tipo_pago": "EF",
        "fecha_propuesta": "2013-06-22",
        "hora_propuesta": "01:25:38"
    }
},
{
    "model": "ITV.cita",
    "pk": 3,
    "fields": {
        "cliente": 1,
        "estacion": 14,
        "matricula": "Indeed.",
        "fecha_matriculacion": "1986-03-31",
        "numero_bastidor": "Business amount.",
        "tipo_inspeccion": "PE",
        "remolque": true,
        "tipo_pago": "EF",
        "fecha_propuesta": "1980-12-15",
        "hora_propuesta": "07:11:14"
    }
},
{
    "model": "ITV.cita",
    "pk": 4,
    "fields": {
        "cliente": 3,
        "estacion": 15,
        "matricula": "Night.",
        "fecha_matriculacion": "1980-09-14",
        "numero_bastidor": "Guy product.",
        "tipo_inspeccion": "NOPE",
        "remolque": true,
        "tipo_pago": "EF",
        "fecha_propuesta": "1984-05-07",
        "hora_propuesta": "20:01:46"
    }
},
{
    "model": "ITV.cita",
    "pk": 5,
    "fields": {
        "cliente": 10,
        "estacion": 7,
        "matricula": "For.",
        "fecha_matriculacion": "2015-08-16",
        "numero_bastidor": "Also different.",
        "tipo_inspeccion": "VETAX",
        "remolque": false,
        "tipo_pago": "EF",
        "fecha_propuesta": "1978-05-03",
        "hora_propuesta": "09:59:49"
    }
},
{
    "model": "ITV.cita",
    "pk": 6,
    "fields": {
        "cliente": 10,
        "estacion": 8,
        "matricula": "Policy.",
        "fecha_matriculacion": "2015-10-12",
        "numero_bastidor": "Above blood.",
        "tipo_inspeccion": "VETAX",
        "remolque": true,
        "tipo_pago": "EF",
        "fecha_propuesta": "1984-04-03",
        "hora_propuesta": "03:43:05"
    }
},
{
    "model": "ITV.cita",
    "pk": 7,
    "fields": {
        "cliente": 9,
        "estacion": 15,
        "matricula": "Baby.",
        "fecha_matriculacion": "2020-06-30",
        "numero_bastidor": "Threat measure.",
        "tipo_inspeccion": "VETAXV",
        "remolque": false,
        "tipo_pago": "TA",
        "fecha_propuesta": "2017-05-28",
        "hora_propuesta": "12:38:21"
    }
},
{
    "model": "ITV.cita",
    "pk": 8,
    "fields": {
        "cliente": 6,
        "estacion": 12,
        "matricula": "Our.",
        "fecha_matriculacion": "2016-09-30",
        "numero_bastidor": "Before style.",
        "tipo_inspeccion": "VETAXV",
        "remolque": true,
        "tipo_pago": "TA",
        "fecha_propuesta": "1977-02-09",
        "hora_propuesta": "13:20:50"
    }
},
{
    "model": "ITV.cita",
    "pk": 9,
    "fields": {
        "cliente": 6,
        "estacion": 1,
        "matricula": "Writer.",
        "fecha_matriculacion": "2018-05-15",
        "numero_bastidor": "Board Congress.",
        "tipo_inspeccion": "NOPE",
        "remolque": false,
        "tipo_pago": "EF",
        "fecha_propuesta": "1996-11-22",
        "hora_propuesta": "05:21:00"
    }
},
{
    "model": "ITV.cita",
    "pk": 10,
    "fields": {
        "cliente": 9,
        "estacion": 14,
        "matricula": "Down.",
        "fecha_matriculacion": "1985-08-16",
        "numero_bastidor": "Government some.",
        "tipo_inspeccion": "PE",
        "remolque": false,
        "tipo_pago": "EF",
        "fecha_propuesta": "1970-11-15",
        "hora_propuesta": "05:59:30"
    }
},
{
    "model": "ITV.cita",
    "pk": 11,
    "fields": {
        "cliente": 14,
        "estacion": 3,
        "matricula": "Reason.",
        "fecha_matriculacion": "1999-09-04",
        "numero_bastidor": "Task phone.",
        "tipo_inspeccion": "VETAX",
        "remolque": true,
        "tipo_pago": "EF",
        "fecha_propuesta": "2012-11-24",
        "hora_propuesta": "04:04:54"
    }
},
{
    "model": "ITV.cita",
    "pk": 12,
    "fields": {
        "cliente": 7,
        "estacion": 5,
        "matricula": "Third.",
        "fecha_matriculacion": "2012-07-29",
        "numero_bastidor": "Position.",
        "tipo_inspeccion": "VETAX",
        "remolque": true,
        "tipo_pago": "EF",
        "fecha_propuesta": "2017-05-13",
        "hora_propuesta": "19:44:59"
    }
},
{
    "model": "ITV.cita",
    "pk": 13,
    "fields": {
        "cliente": 11,
        "estacion": 4,
        "matricula": "Hear.",
        "fecha_matriculacion": "1983-01-10",
        "numero_bastidor": "Apply Mrs.",
        "tipo_inspeccion": "VETAX",
        "remolque": true,
        "tipo_pago": "EF",
        "fecha_propuesta": "1984-01-28",
        "hora_propuesta": "09:59:56"
    }
},
{
    "model": "ITV.cita",
    "pk": 14,
    "fields": {
        "cliente": 14,
        "estacion": 7,
        "matricula": "Second.",
        "fecha_matriculacion": "2023-12-24",
        "numero_bastidor": "Bag peace indeed.",
        "tipo_inspeccion": "VETAXV",
        "remolque": true,
        "tipo_pago": "EF",
        "fecha_propuesta": "1997-08-14",
        "hora_propuesta": "00:28:23"
    }
},
{
    "model": "ITV.cita",
    "pk": 15,
    "fields": {
        "cliente": 3,
        "estacion": 1,
        "matricula": "Toward.",
        "fecha_matriculacion": "2016-02-14",
        "numero_bastidor": "Quality know.",
        "tipo_inspeccion": "VETAXV",
        "remolque": false,
        "tipo_pago": "EF",
        "fecha_propuesta": "1972-08-03",
        "hora_propuesta": "19:05:47"
    }
},
{
    "model": "ITV.empresaexterna",
    "pk": 1,
    "fields": {
        "nombre": "Prepare time office may.",
        "municipio": "Possible many language rock.",
        "coste": 0.5152611462068449,
        "cif": "Put give."
    }
},
{
    "model": "ITV.empresaexterna",
    "pk": 2,
    "fields": {
        "nombre": "Authority commercial air.",
        "municipio": "News daughter create leg would.",
        "coste": 0.7929951236137707,
        "cif": "Cold much into."
    }
},
{
    "model": "ITV.empresaexterna",
    "pk": 3,
    "fields": {
        "nombre": "Personal when thousand raise free argue child.",
        "municipio": "Million national catch spend address.",
        "coste": 0.8801241103325911,
        "cif": "Instead."
    }
},
{
    "model": "ITV.empresaexterna",
    "pk": 4,
    "fields": {
        "nombre": "Detail suggest image month after.",
        "municipio": "Big bar us wide dream. Lawyer whatever under I.",
        "coste": 0.743282278656499,
        "cif": "Step culture."
    }
},
{
    "model": "ITV.empresaexterna",
    "pk": 5,
    "fields": {
        "nombre": "Example whatever loss less.",
        "municipio": "Young body natural million put important.",
        "coste": 0.293709478167281,
        "cif": "Head by learn."
    }
},
{
    "model": "ITV.empresaexterna",
    "pk": 6,
    "fields": {
        "nombre": "Role charge recent its boy experience weight.",
        "municipio": "Purpose rise cause above situation current range.",
        "coste": 0.37967192922868864,
        "cif": "East eat."
    }
},
{
    "model": "ITV.empresaexterna",
    "pk": 7,
    "fields": {
        "nombre": "Three investment serve decision.",
        "municipio": "Bar if run money watch. Personal year would.",
        "coste": 0.4659974598272377,
        "cif": "Size make."
    }
},
{
    "model": "ITV.empresaexterna",
    "pk": 8,
    "fields": {
        "nombre": "Thousand discuss food employee raise.",
        "municipio": "Race travel nice son identify.",
        "coste": 0.0789789830962151,
        "cif": "Worker."
    }
},
{
    "model": "ITV.empresaexterna",
    "pk": 9,
    "fields": {
        "nombre": "Will senior participant.",
        "municipio": "Should our rich citizen idea network.",
        "coste": 0.17248886945489283,
        "cif": "Middle serve."
    }
},
{
    "model": "ITV.empresaexterna",
    "pk": 10,
    "fields": {
        "nombre": "Among though south fish big do example lay.",
        "municipio": "Common eight name around.",
        "coste": 0.1979124558849924,
        "cif": "Far police."
    }
},
{
    "model": "ITV.empresaexterna",
    "pk": 11,
    "fields": {
        "nombre": "Fact word at practice join.",
        "municipio": "Attack really hit heart.",
        "coste": 0.17646769951354369,
        "cif": "Wonder control."
    }
},
{
    "model": "ITV.empresaexterna",
    "pk": 12,
    "fields": {
        "nombre": "Gun suddenly must writer drop. The short visit.",
        "municipio": "Far seven since pick husband reveal.",
        "coste": 0.8860507962924168,
        "cif": "Because last."
    }
},
{
    "model": "ITV.empresaexterna",
    "pk": 13,
    "fields": {
        "nombre": "Professional expert career example.",
        "municipio": "Attack short Congress recently.",
        "coste": 0.824831398770062,
        "cif": "Hold."
    }
},
{
    "model": "ITV.empresaexterna",
    "pk": 14,
    "fields": {
        "nombre": "All early crime wish stand.",
        "municipio": "Create own to side.",
        "coste": 0.8931621167114394,
        "cif": "Interview."
    }
},
{
    "model": "ITV.empresaexterna",
    "pk": 15,
    "fields": {
        "nombre": "Range even experience recent.",
        "municipio": "Such somebody thousand skin try.",
        "coste": 0.15835781202681798,
        "cif": "Threat agency."
    }
},
{
    "model": "ITV.maquinaria",
    "pk": 1,
    "fields": {
        "iestacionItv": 10,
        "idmpresaExterna": 6,
        "nombre": "Hold especially small expert be.",
        "tipo": "FR",
        "ultimo_mantenimiento": "2000-04-15",
        "funcionando": true
    }
},
{
    "model": "ITV.maquinaria",
    "pk": 2,
    "fields": {
        "iestacionItv": 9,
        "idmpresaExterna": 7,
        "nombre": "Dark perform consumer standard soon story none.",
        "tipo": "EM",
        "ultimo_mantenimiento": "1970-01-20",
        "funcionando": true
    }
},
{
    "model": "ITV.maquinaria",
    "pk": 3,
    "fields": {
        "iestacionItv": 15,
        "idmpresaExterna": 2,
        "nombre": "Serious Congress ground their environment body.",
        "tipo": "EM",
        "ultimo_mantenimiento": "2023-03-28",
        "funcionando": true
    }
},
{
    "model": "ITV.maquinaria",
    "pk": 4,
    "fields": {
        "iestacionItv": 9,
        "idmpresaExterna": 9,
        "nombre": "Order can beyond student safe job seek.",
        "tipo": "EM",
        "ultimo_mantenimiento": "1992-08-27",
        "funcionando": true
    }
},
{
    "model": "ITV.maquinaria",
    "pk": 5,
    "fields": {
        "iestacionItv": 15,
        "idmpresaExterna": 13,
        "nombre": "Arrive site record significant free.",
        "tipo": "EM",
        "ultimo_mantenimiento": "2005-01-09",
        "funcionando": true
    }
},
{
    "model": "ITV.maquinaria",
    "pk": 6,
    "fields": {
        "iestacionItv": 11,
        "idmpresaExterna": 12,
        "nombre": "Serve lawyer enough member fire behind.",
        "tipo": "FR",
        "ultimo_mantenimiento": "2015-04-09",
        "funcionando": true
    }
},
{
    "model": "ITV.maquinaria",
    "pk": 7,
    "fields": {
        "iestacionItv": 3,
        "idmpresaExterna": 3,
        "nombre": "Training than answer activity throw ok hand.",
        "tipo": "EM",
        "ultimo_mantenimiento": "1972-06-29",
        "funcionando": true
    }
},
{
    "model": "ITV.maquinaria",
    "pk": 8,
    "fields": {
        "iestacionItv": 5,
        "idmpresaExterna": 6,
        "nombre": "Expert many history evening.",
        "tipo": "DI",
        "ultimo_mantenimiento": "2009-04-11",
        "funcionando": true
    }
},
{
    "model": "ITV.maquinaria",
    "pk": 9,
    "fields": {
        "iestacionItv": 10,
        "idmpresaExterna": 11,
        "nombre": "Shake student fire possible particularly.",
        "tipo": "DI",
        "ultimo_mantenimiento": "1997-11-22",
        "funcionando": true
    }
},
{
    "model": "ITV.maquinaria",
    "pk": 10,
    "fields": {
        "iestacionItv": 11,
        "idmpresaExterna": 10,
        "nombre": "Member then eat defense scene though other.",
        "tipo": "EM",
        "ultimo_mantenimiento": "2024-07-10",
        "funcionando": true
    }
},
{
    "model": "ITV.maquinaria",
    "pk": 11,
    "fields": {
        "iestacionItv": 15,
        "idmpresaExterna": 13,
        "nombre": "Food gas scientist common.",
        "tipo": "DI",
        "ultimo_mantenimiento": "1984-10-08",
        "funcionando": true
    }
},
{
    "model": "ITV.maquinaria",
    "pk": 12,
    "fields": {
        "iestacionItv": 4,
        "idmpresaExterna": 10,
        "nombre": "Past discover his wonder.",
        "tipo": "DI",
        "ultimo_mantenimiento": "2001-09-19",
        "funcionando": true
    }
},
{
    "model": "ITV.maquinaria",
    "pk": 13,
    "fields": {
        "iestacionItv": 15,
        "idmpresaExterna": 11,
        "nombre": "Interest believe total.",
        "tipo": "FR",
        "ultimo_mantenimiento": "2014-09-14",
        "funcionando": true
    }
},
{
    "model": "ITV.maquinaria",
    "pk": 14,
    "fields": {
        "iestacionItv": 13,
        "idmpresaExterna": 2,
        "nombre": "Get our wish if past bring seem.",
        "tipo": "DI",
        "ultimo_mantenimiento": "2018-03-13",
        "funcionando": true
    }
},
{
    "model": "ITV.maquinaria",
    "pk": 15,
    "fields": {
        "iestacionItv": 15,
        "idmpresaExterna": 8,
        "nombre": "Today information myself security.",
        "tipo": "FR",
        "ultimo_mantenimiento": "1979-03-12",
        "funcionando": true
    }
},
{
    "model": "ITV.trabajador",
    "pk": 1,
    "fields": {
        "usuario": 6,
        "apellidos": "Ask his also grow case. Start young under data.",
        "puesto": "DI",
        "sueldo": 0.40764312689149573,
        "observaciones": "Difference during yourself generation. Candidate cut the already student. A buy myself once remember serious.",
        "estacion": [
            2,
            11
        ]
    }
},
{
    "model": "ITV.trabajador",
    "pk": 2,
    "fields": {
        "usuario": 1,
        "apellidos": "Half various own.",
        "puesto": "EM",
        "sueldo": 0.8113026614364026,
        "observaciones": "Pull network industry else think firm. Feel soldier minute hope you street music. Almost soldier impact bring financial.",
        "estacion": [
            3,
            4,
            13,
            15
        ]
    }
},
{
    "model": "ITV.trabajador",
    "pk": 3,
    "fields": {
        "usuario": 12,
        "apellidos": "President evening room argue.",
        "puesto": "FR",
        "sueldo": 0.4211480992716429,
        "observaciones": "Inside many perhaps good. Organization mention fly father consumer away party.\nCertain officer any environment can much. Before place kid hair indeed your.",
        "estacion": [
            1,
            8
        ]
    }
},
{
    "model": "ITV.trabajador",
    "pk": 4,
    "fields": {
        "usuario": 13,
        "apellidos": "Model walk man brother ball simple.",
        "puesto": "EM",
        "sueldo": 0.2270462560315264,
        "observaciones": "Eight scene idea policy training Republican tend.\nIndustry measure music which difficult grow dream. Adult very but TV indicate trial. Power discover character choice.",
        "estacion": [
            5,
            11
        ]
    }
},
{
    "model": "ITV.trabajador",
    "pk": 5,
    "fields": {
        "usuario": 7,
        "apellidos": "Place size college book.",
        "puesto": "FR",
        "sueldo": 0.970402319284716,
        "observaciones": "Cup bank hundred despite culture report speak. Form who Congress two week level.\nAgo beautiful their course the. Speech industry situation when store. Speech ball whose tax. National available real.",
        "estacion": [
            1,
            4,
            6,
            15
        ]
    }
},
{
    "model": "ITV.trabajador",
    "pk": 6,
    "fields": {
        "usuario": 11,
        "apellidos": "Interview information for another.",
        "puesto": "FR",
        "sueldo": 0.32300699553320655,
        "observaciones": "View shake rich end set. Especially education follow appear. Kid skill lose beautiful coach.\nSkill firm star leave cause prepare. Industry when who citizen government available who.",
        "estacion": [
            1,
            2,
            5
        ]
    }
},
{
    "model": "ITV.trabajador",
    "pk": 7,
    "fields": {
        "usuario": 10,
        "apellidos": "Himself middle land toward woman leave.",
        "puesto": "DI",
        "sueldo": 0.9811765559837714,
        "observaciones": "Kitchen scientist Mr job cold. Author bag government floor.\nWall dark just myself far deep keep. Line hotel car response majority.\nRepresent me fast a although. More on people institution gun glass.",
        "estacion": [
            6,
            8,
            11
        ]
    }
},
{
    "model": "ITV.trabajador",
    "pk": 8,
    "fields": {
        "usuario": 8,
        "apellidos": "She our green.",
        "puesto": "EM",
        "sueldo": 0.2768033282601937,
        "observaciones": "Wish kitchen particularly. Provide institution table term small debate activity. Meet design type end bar position.",
        "estacion": [
            3
        ]
    }
},
{
    "model": "ITV.trabajador",
    "pk": 9,
    "fields": {
        "usuario": 14,
        "apellidos": "Street maintain she whether prevent.",
        "puesto": "FR",
        "sueldo": 0.7128152117979687,
        "observaciones": "Will car improve stop carry create suffer.\nCost ahead least third contain. Hand half guy find there. Add society within Congress out than stand.",
        "estacion": [
            9,
            13,
            14
        ]
    }
},
{
    "model": "ITV.trabajador",
    "pk": 10,
    "fields": {
        "usuario": 2,
        "apellidos": "Thing economy evening enough nature test quite.",
        "puesto": "FR",
        "sueldo": 0.8141109722182767,
        "observaciones": "Anyone when ready statement. Raise American rather value.",
        "estacion": [
            5,
            9
        ]
    }
},
{
    "model": "ITV.trabajador",
    "pk": 11,
    "fields": {
        "usuario": 9,
        "apellidos": "Difficult after weight reduce account fall of.",
        "puesto": "DI",
        "sueldo": 0.401208319660148,
        "observaciones": "Other everything close appear agree. Couple from become close different.\nReveal sign main. Card rather news usually magazine such final American. Shoulder business page authority.",
        "estacion": [
            10,
            11,
            12,
            15
        ]
    }
},
{
    "model": "ITV.trabajador",
    "pk": 12,
    "fields": {
        "usuario": 5,
        "apellidos": "Town board knowledge report.",
        "puesto": "EM",
        "sueldo": 0.4030709459477705,
        "observaciones": "Since easy heart. Too clear TV technology. Discover school pretty want.\nPeace question music health seek usually figure partner. Size national trouble need.",
        "estacion": [
            1,
            6,
            10,
            15
        ]
    }
},
{
    "model": "ITV.trabajador",
    "pk": 13,
    "fields": {
        "usuario": 4,
        "apellidos": "Everything view mission record.",
        "puesto": "EM",
        "sueldo": 0.3796423147980814,
        "observaciones": "Seven evening growth break process. Also since everyone rich. Us author build your western yeah standard. Available Republican hear upon field term.\nMoment score song audience even by six.",
        "estacion": [
            7
        ]
    }
},
{
    "model": "ITV.trabajador",
    "pk": 14,
    "fields": {
        "usuario": 3,
        "apellidos": "Later inside term seem no bring practice owner.",
        "puesto": "EM",
        "sueldo": 0.739609044779618,
        "observaciones": "Television race high huge dinner. This face media system. Story reality such spring happy maintain. Rise exactly together.",
        "estacion": [
            1,
            2,
            3,
            4
        ]
    }
},
{
    "model": "ITV.trabajador",
    "pk": 15,
    "fields": {
        "usuario": 15,
        "apellidos": "Color health American part family.",
        "puesto": "EM",
        "sueldo": 0.7345305209804688,
        "observaciones": "Town than during hospital that. Family until reality serve box product.\nExpect perform no family attack across. Local ever huge scientist edge include. Yes lose certainly after fish remember.",
        "estacion": [
            1,
            2,
            8
        ]
    }
},
{
    "model": "ITV.vehiculo",
    "pk": 1,
    "fields": {
        "fecha_matriculacion": "1975-09-22",
        "marca": "Seek plan move appear sea.",
        "modelo": "Lead parent participant enough cell.",
        "numero_bastidor": "Clearly consumer.",
        "tipo_vehiculo": "bus",
        "cilindrada": -4352,
        "potencia": 14381,
        "combustible": "die",
        "mma": 5443,
        "asientos": 23596,
        "ejes": 24947,
        "dni_propietario": "Woman up.",
        "matricula": "Fire."
    }
},
{
    "model": "ITV.vehiculo",
    "pk": 2,
    "fields": {
        "fecha_matriculacion": "2020-05-22",
        "marca": "Note old family certain drug four me.",
        "modelo": "Story life player than thing.",
        "numero_bastidor": "Theory reason.",
        "tipo_vehiculo": "quad",
        "cilindrada": 2241,
        "potencia": -23613,
        "combustible": "gnv",
        "mma": 6887,
        "asientos": 17876,
        "ejes": 2487,
        "dni_propietario": "Exactly.",
        "matricula": "Result."
    }
},
{
    "model": "ITV.vehiculo",
    "pk": 3,
    "fields": {
        "fecha_matriculacion": "2008-11-01",
        "marca": "Set look bank with list nearly another doctor.",
        "modelo": "Little at number.",
        "numero_bastidor": "Market course a.",
        "tipo_vehiculo": "tur",
        "cilindrada": -3559,
        "potencia": 8051,
        "combustible": "gpl",
        "mma": 28625,
        "asientos": 13564,
        "ejes": 6069,
        "dni_propietario": "Rise.",
        "matricula": "Tell."
    }
},
{
    "model": "ITV.vehiculo",
    "pk": 4,
    "fields": {
        "fecha_matriculacion": "2012-01-14",
        "marca": "As owner smile still picture.",
        "modelo": "Sort grow tax president radio he affect.",
        "numero_bastidor": "Less democratic.",
        "tipo_vehiculo": "furg",
        "cilindrada": -14870,
        "potencia": 732,
        "combustible": "gnv",
        "mma": 770,
        "asientos": 13796,
        "ejes": 7728,
        "dni_propietario": "Others.",
        "matricula": "Recent."
    }
},
{
    "model": "ITV.vehiculo",
    "pk": 5,
    "fields": {
        "fecha_matriculacion": "2018-01-31",
        "marca": "Though example benefit first personal.",
        "modelo": "Ago including it more appear technology lawyer.",
        "numero_bastidor": "Parent affect.",
        "tipo_vehiculo": "cam",
        "cilindrada": -3741,
        "potencia": 21399,
        "combustible": "gnv",
        "mma": 11438,
        "asientos": 11212,
        "ejes": 24044,
        "dni_propietario": "Without.",
        "matricula": "Happy."
    }
},
{
    "model": "ITV.vehiculo",
    "pk": 6,
    "fields": {
        "fecha_matriculacion": "2016-03-28",
        "marca": "Despite recent soldier effort.",
        "modelo": "Happy save science treatment.",
        "numero_bastidor": "This out ask.",
        "tipo_vehiculo": "furg",
        "cilindrada": -11132,
        "potencia": 3708,
        "combustible": "gpl",
        "mma": 7362,
        "asientos": 21208,
        "ejes": 14851,
        "dni_propietario": "Product.",
        "matricula": "Field."
    }
},
{
    "model": "ITV.vehiculo",
    "pk": 7,
    "fields": {
        "fecha_matriculacion": "2009-11-28",
        "marca": "Candidate identify bit end minute debate want.",
        "modelo": "Later recently whose between a piece fly force.",
        "numero_bastidor": "Husband use.",
        "tipo_vehiculo": "moto",
        "cilindrada": 7401,
        "potencia": -6708,
        "combustible": "die",
        "mma": 19737,
        "asientos": 30798,
        "ejes": 4497,
        "dni_propietario": "To.",
        "matricula": "Nor."
    }
},
{
    "model": "ITV.vehiculo",
    "pk": 8,
    "fields": {
        "fecha_matriculacion": "1979-08-26",
        "marca": "Book decade there special him simple.",
        "modelo": "Wall identify forward represent commercial.",
        "numero_bastidor": "Everybody fish.",
        "tipo_vehiculo": "quad",
        "cilindrada": 1732,
        "potencia": -12196,
        "combustible": "ele",
        "mma": 7261,
        "asientos": 22079,
        "ejes": 25510,
        "dni_propietario": "Call.",
        "matricula": "Worker."
    }
},
{
    "model": "ITV.vehiculo",
    "pk": 9,
    "fields": {
        "fecha_matriculacion": "2006-01-18",
        "marca": "Represent tough six.",
        "modelo": "Movie area low happy attack economy build.",
        "numero_bastidor": "Treat seem us.",
        "tipo_vehiculo": "tracto",
        "cilindrada": -19389,
        "potencia": -10039,
        "combustible": "hib",
        "mma": 23516,
        "asientos": 12360,
        "ejes": 13965,
        "dni_propietario": "Hundred.",
        "matricula": "Too."
    }
},
{
    "model": "ITV.vehiculo",
    "pk": 10,
    "fields": {
        "fecha_matriculacion": "1982-11-14",
        "marca": "Someone really line leave both space.",
        "modelo": "Wait and brother field I century itself many.",
        "numero_bastidor": "Approach whether.",
        "tipo_vehiculo": "cam",
        "cilindrada": -641,
        "potencia": -13252,
        "combustible": "gpl",
        "mma": 29503,
        "asientos": 6711,
        "ejes": 10525,
        "dni_propietario": "Green.",
        "matricula": "Field."
    }
},
{
    "model": "ITV.vehiculo",
    "pk": 11,
    "fields": {
        "fecha_matriculacion": "1975-09-30",
        "marca": "View camera magazine democratic make imagine.",
        "modelo": "Energy reality but fly anything make piece data.",
        "numero_bastidor": "Space fall.",
        "tipo_vehiculo": "quad",
        "cilindrada": 7197,
        "potencia": 6770,
        "combustible": "gpl",
        "mma": 20099,
        "asientos": 1912,
        "ejes": 8664,
        "dni_propietario": "Yourself.",
        "matricula": "Bring."
    }
},
{
    "model": "ITV.vehiculo",
    "pk": 12,
    "fields": {
        "fecha_matriculacion": "2008-09-05",
        "marca": "Night couple style line second.",
        "modelo": "Pay many understand trade picture.",
        "numero_bastidor": "National article.",
        "tipo_vehiculo": "bus",
        "cilindrada": -24180,
        "potencia": -13192,
        "combustible": "gpl",
        "mma": 2594,
        "asientos": 8552,
        "ejes": 23386,
        "dni_propietario": "He.",
        "matricula": "Color."
    }
},
{
    "model": "ITV.vehiculo",
    "pk": 13,
    "fields": {
        "fecha_matriculacion": "1996-04-19",
        "marca": "May wide later argue public skin.",
        "modelo": "Loss note experience scientist.",
        "numero_bastidor": "Effect green.",
        "tipo_vehiculo": "moto",
        "cilindrada": 6075,
        "potencia": 26685,
        "combustible": "hib",
        "mma": 10948,
        "asientos": 23546,
        "ejes": 7294,
        "dni_propietario": "Official.",
        "matricula": "Money."
    }
},
{
    "model": "ITV.vehiculo",
    "pk": 14,
    "fields": {
        "fecha_matriculacion": "1992-12-20",
        "marca": "Here table better protect eat point hair.",
        "modelo": "Change indeed break.",
        "numero_bastidor": "Miss cover cup.",
        "tipo_vehiculo": "bus",
        "cilindrada": 24397,
        "potencia": -29125,
        "combustible": "gpl",
        "mma": 2280,
        "asientos": 22709,
        "ejes": 10315,
        "dni_propietario": "Tonight.",
        "matricula": "Meet."
    }
},
{
    "model": "ITV.vehiculo",
    "pk": 15,
    "fields": {
        "fecha_matriculacion": "1985-04-28",
        "marca": "Sit might remember cell want beyond.",
        "modelo": "Concern magazine and box.",
        "numero_bastidor": "So easy phone.",
        "tipo_vehiculo": "cam",
        "cilindrada": -1778,
        "potencia": -32038,
        "combustible": "gnv",
        "mma": 25768,
        "asientos": 884,
        "ejes": 12545,
        "dni_propietario": "Society.",
        "matricula": "Summer."
    }
},
{
    "model": "ITV.inspeccion",
    "pk": 1,
    "fields": {
        "trabajador": 6,
        "vehiculo": 1,
        "fecha_inspeccion": "2025-01-09",
        "resultado_inspeccion": "",
        "notas_inspeccion": "",
        "cliente_puntual": true
    }
},
{
    "model": "ITV.inspeccion",
    "pk": 2,
    "fields": {
        "trabajador": 11,
        "vehiculo": 1,
        "fecha_inspeccion": "2025-01-09",
        "resultado_inspeccion": "",
        "notas_inspeccion": "",
        "cliente_puntual": true
    }
},
{
    "model": "ITV.inspeccion",
    "pk": 3,
    "fields": {
        "trabajador": 12,
        "vehiculo": 2,
        "fecha_inspeccion": "2025-01-09",
        "resultado_inspeccion": "",
        "notas_inspeccion": "",
        "cliente_puntual": true
    }
},
{
    "model": "ITV.inspeccion",
    "pk": 4,
    "fields": {
        "trabajador": 11,
        "vehiculo": 3,
        "fecha_inspeccion": "2025-01-09",
        "resultado_inspeccion": "",
        "notas_inspeccion": "",
        "cliente_puntual": true
    }
},
{
    "model": "ITV.inspeccion",
    "pk": 5,
    "fields": {
        "trabajador": 8,
        "vehiculo": 3,
        "fecha_inspeccion": "2025-01-09",
        "resultado_inspeccion": "",
        "notas_inspeccion": "",
        "cliente_puntual": true
    }
},
{
    "model": "ITV.inspeccion",
    "pk": 6,
    "fields": {
        "trabajador": 11,
        "vehiculo": 4,
        "fecha_inspeccion": "2025-01-09",
        "resultado_inspeccion": "",
        "notas_inspeccion": "",
        "cliente_puntual": true
    }
},
{
    "model": "ITV.inspeccion",
    "pk": 7,
    "fields": {
        "trabajador": 2,
        "vehiculo": 5,
        "fecha_inspeccion": "2025-01-09",
        "resultado_inspeccion": "",
        "notas_inspeccion": "",
        "cliente_puntual": true
    }
},
{
    "model": "ITV.inspeccion",
    "pk": 8,
    "fields": {
        "trabajador": 11,
        "vehiculo": 6,
        "fecha_inspeccion": "2025-01-09",
        "resultado_inspeccion": "",
        "notas_inspeccion": "",
        "cliente_puntual": true
    }
},
{
    "model": "ITV.inspeccion",
    "pk": 9,
    "fields": {
        "trabajador": 6,
        "vehiculo": 6,
        "fecha_inspeccion": "2025-01-09",
        "resultado_inspeccion": "",
        "notas_inspeccion": "",
        "cliente_puntual": true
    }
},
{
    "model": "ITV.inspeccion",
    "pk": 10,
    "fields": {
        "trabajador": 14,
        "vehiculo": 6,
        "fecha_inspeccion": "2025-01-09",
        "resultado_inspeccion": "",
        "notas_inspeccion": "",
        "cliente_puntual": true
    }
},
{
    "model": "ITV.inspeccion",
    "pk": 11,
    "fields": {
        "trabajador": 7,
        "vehiculo": 6,
        "fecha_inspeccion": "2025-01-09",
        "resultado_inspeccion": "",
        "notas_inspeccion": "",
        "cliente_puntual": true
    }
},
{
    "model": "ITV.inspeccion",
    "pk": 12,
    "fields": {
        "trabajador": 4,
        "vehiculo": 7,
        "fecha_inspeccion": "2025-01-09",
        "resultado_inspeccion": "",
        "notas_inspeccion": "",
        "cliente_puntual": true
    }
},
{
    "model": "ITV.inspeccion",
    "pk": 13,
    "fields": {
        "trabajador": 8,
        "vehiculo": 7,
        "fecha_inspeccion": "2025-01-09",
        "resultado_inspeccion": "",
        "notas_inspeccion": "",
        "cliente_puntual": true
    }
},
{
    "model": "ITV.inspeccion",
    "pk": 14,
    "fields": {
        "trabajador": 10,
        "vehiculo": 8,
        "fecha_inspeccion": "2025-01-09",
        "resultado_inspeccion": "",
        "notas_inspeccion": "",
        "cliente_puntual": true
    }
},
{
    "model": "ITV.inspeccion",
    "pk": 15,
    "fields": {
        "trabajador": 6,
        "vehiculo": 8,
        "fecha_inspeccion": "2025-01-09",
        "resultado_inspeccion": "",
        "notas_inspeccion": "",
        "cliente_puntual": true
    }
},
{
    "model": "ITV.inspeccion",
    "pk": 16,
    "fields": {
        "trabajador": 13,
        "vehiculo": 8,
        "fecha_inspeccion": "2025-01-09",
        "resultado_inspeccion": "",
        "notas_inspeccion": "",
        "cliente_puntual": true
    }
},
{
    "model": "ITV.inspeccion",
    "pk": 17,
    "fields": {
        "trabajador": 14,
        "vehiculo": 8,
        "fecha_inspeccion": "2025-01-09",
        "resultado_inspeccion": "",
        "notas_inspeccion": "",
        "cliente_puntual": true
    }
},
{
    "model": "ITV.inspeccion",
    "pk": 18,
    "fields": {
        "trabajador": 11,
        "vehiculo": 9,
        "fecha_inspeccion": "2025-01-09",
        "resultado_inspeccion": "",
        "notas_inspeccion": "",
        "cliente_puntual": true
    }
},
{
    "model": "ITV.inspeccion",
    "pk": 19,
    "fields": {
        "trabajador": 4,
        "vehiculo": 10,
        "fecha_inspeccion": "2025-01-09",
        "resultado_inspeccion": "",
        "notas_inspeccion": "",
        "cliente_puntual": true
    }
},
{
    "model": "ITV.inspeccion",
    "pk": 20,
    "fields": {
        "trabajador": 6,
        "vehiculo": 10,
        "fecha_inspeccion": "2025-01-09",
        "resultado_inspeccion": "",
        "notas_inspeccion": "",
        "cliente_puntual": true
    }
},
{
    "model": "ITV.inspeccion",
    "pk": 21,
    "fields": {
        "trabajador": 8,
        "vehiculo": 11,
        "fecha_inspeccion": "2025-01-09",
        "resultado_inspeccion": "",
        "notas_inspeccion": "",
        "cliente_puntual": true
    }
},
{
    "model": "ITV.inspeccion",
    "pk": 22,
    "fields": {
        "trabajador": 9,
        "vehiculo": 12,
        "fecha_inspeccion": "2025-01-09",
        "resultado_inspeccion": "",
        "notas_inspeccion": "",
        "cliente_puntual": true
    }
},
{
    "model": "ITV.inspeccion",
    "pk": 23,
    "fields": {
        "trabajador": 14,
        "vehiculo": 12,
        "fecha_inspeccion": "2025-01-09",
        "resultado_inspeccion": "",
        "notas_inspeccion": "",
        "cliente_puntual": true
    }
},
{
    "model": "ITV.inspeccion",
    "pk": 24,
    "fields": {
        "trabajador": 12,
        "vehiculo": 12,
        "fecha_inspeccion": "2025-01-09",
        "resultado_inspeccion": "",
        "notas_inspeccion": "",
        "cliente_puntual": true
    }
},
{
    "model": "ITV.inspeccion",
    "pk": 25,
    "fields": {
        "trabajador": 15,
        "vehiculo": 13,
        "fecha_inspeccion": "2025-01-09",
        "resultado_inspeccion": "",
        "notas_inspeccion": "",
        "cliente_puntual": true
    }
},
{
    "model": "ITV.inspeccion",
    "pk": 26,
    "fields": {
        "trabajador": 5,
        "vehiculo": 13,
        "fecha_inspeccion": "2025-01-09",
        "resultado_inspeccion": "",
        "notas_inspeccion": "",
        "cliente_puntual": true
    }
},
{
    "model": "ITV.inspeccion",
    "pk": 27,
    "fields": {
        "trabajador": 4,
        "vehiculo": 13,
        "fecha_inspeccion": "2025-01-09",
        "resultado_inspeccion": "",
        "notas_inspeccion": "",
        "cliente_puntual": true
    }
},
{
    "model": "ITV.inspeccion",
    "pk": 28,
    "fields": {
        "trabajador": 2,
        "vehiculo": 14,
        "fecha_inspeccion": "2025-01-09",
        "resultado_inspeccion": "",
        "notas_inspeccion": "",
        "cliente_puntual": true
    }
},
{
    "model": "ITV.inspeccion",
    "pk": 29,
    "fields": {
        "trabajador": 11,
        "vehiculo": 14,
        "fecha_inspeccion": "2025-01-09",
        "resultado_inspeccion": "",
        "notas_inspeccion": "",
        "cliente_puntual": true
    }
},
{
    "model": "ITV.inspeccion",
    "pk": 30,
    "fields": {
        "trabajador": 10,
        "vehiculo": 15,
        "fecha_inspeccion": "2025-01-09",
        "resultado_inspeccion": "",
        "notas_inspeccion": "",
        "cliente_puntual": true
    }
},
{
    "model": "ITV.inspeccion",
    "pk": 31,
    "fields": {
        "trabajador": 6,
        "vehiculo": 3,
        "fecha_inspeccion": "2025-01-09",
        "resultado_inspeccion": "Yes scientist number bed reach hand down community. Deep sign future leave strong can over.",
        "notas_inspeccion": "Focus set happen car seat cause. Often article us stay knowledge peace hard. Mission instead tend factor billion figure behind.",
        "cliente_puntual": true
    }
},
{
    "model": "ITV.inspeccion",
    "pk": 32,
    "fields": {
        "trabajador": 9,
        "vehiculo": 6,
        "fecha_inspeccion": "2025-01-09",
        "resultado_inspeccion": "Authority nice sing bed within someone value. Century head build.",
        "notas_inspeccion": "Role trade laugh man. Future both job science security suddenly future production.",
        "cliente_puntual": true
    }
},
{
    "model": "ITV.inspeccion",
    "pk": 33,
    "fields": {
        "trabajador": 2,
        "vehiculo": 1,
        "fecha_inspeccion": "2025-01-09",
        "resultado_inspeccion": "Thing throughout cup religious.",
        "notas_inspeccion": "Begin everyone draw difficult firm between. Administration man officer capital heart.\nPrepare PM price certainly marriage mother. Knowledge thought statement assume purpose soldier magazine.",
        "cliente_puntual": true
    }
},
{
    "model": "ITV.inspeccion",
    "pk": 34,
    "fields": {
        "trabajador": 5,
        "vehiculo": 2,
        "fecha_inspeccion": "2025-01-09",
        "resultado_inspeccion": "Believe hold side action give live. Probably later data feeling billion into.",
        "notas_inspeccion": "Ask different rate agent short plant letter. Page science growth chair teach very process.",
        "cliente_puntual": true
    }
},
{
    "model": "ITV.inspeccion",
    "pk": 35,
    "fields": {
        "trabajador": 14,
        "vehiculo": 14,
        "fecha_inspeccion": "2025-01-09",
        "resultado_inspeccion": "Market world audience phone.\nThose without eye set moment. Suddenly pick ball west picture.",
        "notas_inspeccion": "Strategy finally guess always white work. However these realize none including strategy white.\nPoint myself short learn car.",
        "cliente_puntual": true
    }
},
{
    "model": "ITV.inspeccion",
    "pk": 36,
    "fields": {
        "trabajador": 9,
        "vehiculo": 6,
        "fecha_inspeccion": "2025-01-09",
        "resultado_inspeccion": "Home camera skill create. Capital sing support interest.",
        "notas_inspeccion": "Fund off call eat position. Whatever me rule position shake during. Statement door someone direction buy should. Audience whom unit always add nature fly.",
        "cliente_puntual": true
    }
},
{
    "model": "ITV.inspeccion",
    "pk": 37,
    "fields": {
        "trabajador": 15,
        "vehiculo": 9,
        "fecha_inspeccion": "2025-01-09",
        "resultado_inspeccion": "But foot drive meet.",
        "notas_inspeccion": "Better while line federal set everybody them. Activity after reach might recognize financial be line.",
        "cliente_puntual": true
    }
},
{
    "model": "ITV.inspeccion",
    "pk": 38,
    "fields": {
        "trabajador": 15,
        "vehiculo": 10,
        "fecha_inspeccion": "2025-01-09",
        "resultado_inspeccion": "Special store gun result young necessary watch oil. Scientist race price other maintain.",
        "notas_inspeccion": "Choose hour throughout lay tough involve indeed. Force have finish none right as reduce. Treatment country almost thought.",
        "cliente_puntual": true
    }
},
{
    "model": "ITV.inspeccion",
    "pk": 39,
    "fields": {
        "trabajador": 7,
        "vehiculo": 7,
        "fecha_inspeccion": "2025-01-09",
        "resultado_inspeccion": "Often consumer drug nearly successful capital book moment.",
        "notas_inspeccion": "Official them month really citizen money office. Other along third speech nice surface task task. Lawyer from eat tend yes prepare.",
        "cliente_puntual": true
    }
},
{
    "model": "ITV.inspeccion",
    "pk": 40,
    "fields": {
        "trabajador": 8,
        "vehiculo": 12,
        "fecha_inspeccion": "2025-01-09",
        "resultado_inspeccion": "Lawyer information coach world actually. Join around important sense base.",
        "notas_inspeccion": "Door leader there for TV. Else reality key yard let skin heavy. Service him couple anyone level.",
        "cliente_puntual": true
    }
},
{
    "model": "ITV.inspeccion",
    "pk": 41,
    "fields": {
        "trabajador": 13,
        "vehiculo": 8,
        "fecha_inspeccion": "2025-01-09",
        "resultado_inspeccion": "Not whom condition part. Term firm fill people.",
        "notas_inspeccion": "Owner into deal now that statement when type. I many and adult.\nStrong west yourself peace statement.\nCare remain sing. Act approach night account.",
        "cliente_puntual": true
    }
},
{
    "model": "ITV.inspeccion",
    "pk": 42,
    "fields": {
        "trabajador": 9,
        "vehiculo": 6,
        "fecha_inspeccion": "2025-01-09",
        "resultado_inspeccion": "Customer technology beat go walk. Notice thus Mr amount position PM.",
        "notas_inspeccion": "Alone involve hundred six democratic camera positive. Thus every yourself national fight easy. Issue half indicate growth effort theory drop.",
        "cliente_puntual": true
    }
},
{
    "model": "ITV.inspeccion",
    "pk": 43,
    "fields": {
        "trabajador": 1,
        "vehiculo": 1,
        "fecha_inspeccion": "2025-01-09",
        "resultado_inspeccion": "Her serious affect manager. He century want board family. Address develop since society.",
        "notas_inspeccion": "Thank begin behavior road make accept. Push her group any film put. Me indicate trip difference.\nLaw across almost day so against deep. Something political finally conference suggest away pass smile.",
        "cliente_puntual": true
    }
},
{
    "model": "ITV.inspeccion",
    "pk": 44,
    "fields": {
        "trabajador": 9,
        "vehiculo": 2,
        "fecha_inspeccion": "2025-01-09",
        "resultado_inspeccion": "Seat tend under Republican window. Often start reason young subject.",
        "notas_inspeccion": "Play thank international nature. Approach detail green analysis image. Attention upon fall reach treat far run.",
        "cliente_puntual": true
    }
},
{
    "model": "ITV.inspeccion",
    "pk": 45,
    "fields": {
        "trabajador": 14,
        "vehiculo": 15,
        "fecha_inspeccion": "2025-01-09",
        "resultado_inspeccion": "Draw impact vote experience receive lawyer. Learn want boy speech peace. Wonder paper theory.",
        "notas_inspeccion": "Meeting officer miss. Heart star eye discussion book.",
        "cliente_puntual": true
    }
},
{
    "model": "ITV.factura",
    "pk": 1,
    "fields": {
        "inspeccion": 40,
        "importe": "0.58",
        "pagado": true,
        "fecha_emision_factura": "2025-01-09",
        "observaciones": "Protect ever safe. Point hit Republican late mouth exactly imagine. Buy fear interview wide."
    }
},
{
    "model": "ITV.factura",
    "pk": 2,
    "fields": {
        "inspeccion": 42,
        "importe": "0.88",
        "pagado": false,
        "fecha_emision_factura": "2025-01-09",
        "observaciones": "Short later per say. Rest break increase road forward.\nRoad right movement thing mention first. Hotel lot mind mother. Skill source act capital low. Early media recently notice director."
    }
},
{
    "model": "ITV.factura",
    "pk": 3,
    "fields": {
        "inspeccion": 35,
        "importe": "0.93",
        "pagado": true,
        "fecha_emision_factura": "2025-01-09",
        "observaciones": "Show yeah mission. Reveal tough someone worker team admit wall. Meeting answer process. Check his control.\nResponsibility sea age have project building together. Catch hotel western."
    }
},
{
    "model": "ITV.factura",
    "pk": 4,
    "fields": {
        "inspeccion": 41,
        "importe": "0.43",
        "pagado": true,
        "fecha_emision_factura": "2025-01-09",
        "observaciones": "Imagine future debate focus. Power community indeed become listen guess wrong. Charge edge her value nature politics field."
    }
},
{
    "model": "ITV.factura",
    "pk": 5,
    "fields": {
        "inspeccion": 34,
        "importe": "0.52",
        "pagado": false,
        "fecha_emision_factura": "2025-01-09",
        "observaciones": "Hold measure tend. Full speech choice character election meeting. Region guy letter least able. Easy public president."
    }
},
{
    "model": "ITV.factura",
    "pk": 6,
    "fields": {
        "inspeccion": 45,
        "importe": "0.68",
        "pagado": false,
        "fecha_emision_factura": "2025-01-09",
        "observaciones": "City develop every together. Information into health wall wind response. Of draw offer matter open treat."
    }
},
{
    "model": "ITV.factura",
    "pk": 7,
    "fields": {
        "inspeccion": 39,
        "importe": "0.21",
        "pagado": true,
        "fecha_emision_factura": "2025-01-09",
        "observaciones": "Eye of free should. Late line suffer tell.\nBoth person work front nearly buy last. Plant inside can week kind father democratic. Where her though strong long ability."
    }
},
{
    "model": "ITV.factura",
    "pk": 8,
    "fields": {
        "inspeccion": 44,
        "importe": "0.85",
        "pagado": true,
        "fecha_emision_factura": "2025-01-09",
        "observaciones": "Money drive wide side describe magazine item prevent. Know can those central.\nMovie through policy news firm. Hit against myself bit rise."
    }
},
{
    "model": "ITV.factura",
    "pk": 9,
    "fields": {
        "inspeccion": 38,
        "importe": "0.10",
        "pagado": true,
        "fecha_emision_factura": "2025-01-09",
        "observaciones": "Pass explain necessary reach. Same skin base. Brother before sport level.\nHis cultural people step peace research positive. Argue while bank fill."
    }
},
{
    "model": "ITV.factura",
    "pk": 10,
    "fields": {
        "inspeccion": 33,
        "importe": "0.95",
        "pagado": false,
        "fecha_emision_factura": "2025-01-09",
        "observaciones": "Test meeting discussion weight a their. Way concern by continue foreign.\nDuring other itself arm share.\nFuture case his usually pick child man."
    }
},
{
    "model": "ITV.factura",
    "pk": 11,
    "fields": {
        "inspeccion": 31,
        "importe": "0.85",
        "pagado": true,
        "fecha_emision_factura": "2025-01-09",
        "observaciones": "Course way get. Financial sort only staff.\nInterview knowledge lose particular. Page fact audience deep particularly end loss. Bar early leave manage whatever."
    }
},
{
    "model": "ITV.factura",
    "pk": 12,
    "fields": {
        "inspeccion": 36,
        "importe": "0.38",
        "pagado": false,
        "fecha_emision_factura": "2025-01-09",
        "observaciones": "Identify require indicate each best.\nMilitary technology soldier environmental hand. Total first example."
    }
},
{
    "model": "ITV.factura",
    "pk": 13,
    "fields": {
        "inspeccion": 37,
        "importe": "0.39",
        "pagado": false,
        "fecha_emision_factura": "2025-01-09",
        "observaciones": "Sure race edge near listen.\nNecessary outside family measure fact rise throw account."
    }
},
{
    "model": "ITV.factura",
    "pk": 14,
    "fields": {
        "inspeccion": 43,
        "importe": "0.98",
        "pagado": true,
        "fecha_emision_factura": "2025-01-09",
        "observaciones": "Company eye ready total modern hand. Parent know future improve. Tree along black former drug. Bed worry reach might force bag."
    }
},
{
    "model": "ITV.factura",
    "pk": 15,
    "fields": {
        "inspeccion": 32,
        "importe": "0.84",
        "pagado": true,
        "fecha_emision_factura": "2025-01-09",
        "observaciones": "Attention management quickly help company much. Position service team one trip.\nDetail in evidence. Visit method thus.\nOffice pull service. Race such western career."
    }
}
]
