[
{
    "model": "auth.permission",
    "pk": 1,
    "fields": {
        "name": "Can add log entry",
        "content_type": 1,
        "codename": "add_logentry"
    }
},
{
    "model": "auth.permission",
    "pk": 2,
    "fields": {
        "name": "Can change log entry",
        "content_type": 1,
        "codename": "change_logentry"
    }
},
{
    "model": "auth.permission",
    "pk": 3,
    "fields": {
        "name": "Can delete log entry",
        "content_type": 1,
        "codename": "delete_logentry"
    }
},
{
    "model": "auth.permission",
    "pk": 4,
    "fields": {
        "name": "Can view log entry",
        "content_type": 1,
        "codename": "view_logentry"
    }
},
{
    "model": "auth.permission",
    "pk": 5,
    "fields": {
        "name": "Can add permission",
        "content_type": 2,
        "codename": "add_permission"
    }
},
{
    "model": "auth.permission",
    "pk": 6,
    "fields": {
        "name": "Can change permission",
        "content_type": 2,
        "codename": "change_permission"
    }
},
{
    "model": "auth.permission",
    "pk": 7,
    "fields": {
        "name": "Can delete permission",
        "content_type": 2,
        "codename": "delete_permission"
    }
},
{
    "model": "auth.permission",
    "pk": 8,
    "fields": {
        "name": "Can view permission",
        "content_type": 2,
        "codename": "view_permission"
    }
},
{
    "model": "auth.permission",
    "pk": 9,
    "fields": {
        "name": "Can add group",
        "content_type": 3,
        "codename": "add_group"
    }
},
{
    "model": "auth.permission",
    "pk": 10,
    "fields": {
        "name": "Can change group",
        "content_type": 3,
        "codename": "change_group"
    }
},
{
    "model": "auth.permission",
    "pk": 11,
    "fields": {
        "name": "Can delete group",
        "content_type": 3,
        "codename": "delete_group"
    }
},
{
    "model": "auth.permission",
    "pk": 12,
    "fields": {
        "name": "Can view group",
        "content_type": 3,
        "codename": "view_group"
    }
},
{
    "model": "auth.permission",
    "pk": 13,
    "fields": {
        "name": "Can add user",
        "content_type": 4,
        "codename": "add_user"
    }
},
{
    "model": "auth.permission",
    "pk": 14,
    "fields": {
        "name": "Can change user",
        "content_type": 4,
        "codename": "change_user"
    }
},
{
    "model": "auth.permission",
    "pk": 15,
    "fields": {
        "name": "Can delete user",
        "content_type": 4,
        "codename": "delete_user"
    }
},
{
    "model": "auth.permission",
    "pk": 16,
    "fields": {
        "name": "Can view user",
        "content_type": 4,
        "codename": "view_user"
    }
},
{
    "model": "auth.permission",
    "pk": 17,
    "fields": {
        "name": "Can add content type",
        "content_type": 5,
        "codename": "add_contenttype"
    }
},
{
    "model": "auth.permission",
    "pk": 18,
    "fields": {
        "name": "Can change content type",
        "content_type": 5,
        "codename": "change_contenttype"
    }
},
{
    "model": "auth.permission",
    "pk": 19,
    "fields": {
        "name": "Can delete content type",
        "content_type": 5,
        "codename": "delete_contenttype"
    }
},
{
    "model": "auth.permission",
    "pk": 20,
    "fields": {
        "name": "Can view content type",
        "content_type": 5,
        "codename": "view_contenttype"
    }
},
{
    "model": "auth.permission",
    "pk": 21,
    "fields": {
        "name": "Can add session",
        "content_type": 6,
        "codename": "add_session"
    }
},
{
    "model": "auth.permission",
    "pk": 22,
    "fields": {
        "name": "Can change session",
        "content_type": 6,
        "codename": "change_session"
    }
},
{
    "model": "auth.permission",
    "pk": 23,
    "fields": {
        "name": "Can delete session",
        "content_type": 6,
        "codename": "delete_session"
    }
},
{
    "model": "auth.permission",
    "pk": 24,
    "fields": {
        "name": "Can view session",
        "content_type": 6,
        "codename": "view_session"
    }
},
{
    "model": "auth.permission",
    "pk": 25,
    "fields": {
        "name": "Can add cliente",
        "content_type": 7,
        "codename": "add_cliente"
    }
},
{
    "model": "auth.permission",
    "pk": 26,
    "fields": {
        "name": "Can change cliente",
        "content_type": 7,
        "codename": "change_cliente"
    }
},
{
    "model": "auth.permission",
    "pk": 27,
    "fields": {
        "name": "Can delete cliente",
        "content_type": 7,
        "codename": "delete_cliente"
    }
},
{
    "model": "auth.permission",
    "pk": 28,
    "fields": {
        "name": "Can view cliente",
        "content_type": 7,
        "codename": "view_cliente"
    }
},
{
    "model": "auth.permission",
    "pk": 29,
    "fields": {
        "name": "Can add empresa externa",
        "content_type": 8,
        "codename": "add_empresaexterna"
    }
},
{
    "model": "auth.permission",
    "pk": 30,
    "fields": {
        "name": "Can change empresa externa",
        "content_type": 8,
        "codename": "change_empresaexterna"
    }
},
{
    "model": "auth.permission",
    "pk": 31,
    "fields": {
        "name": "Can delete empresa externa",
        "content_type": 8,
        "codename": "delete_empresaexterna"
    }
},
{
    "model": "auth.permission",
    "pk": 32,
    "fields": {
        "name": "Can view empresa externa",
        "content_type": 8,
        "codename": "view_empresaexterna"
    }
},
{
    "model": "auth.permission",
    "pk": 33,
    "fields": {
        "name": "Can add estacion itv",
        "content_type": 9,
        "codename": "add_estacionitv"
    }
},
{
    "model": "auth.permission",
    "pk": 34,
    "fields": {
        "name": "Can change estacion itv",
        "content_type": 9,
        "codename": "change_estacionitv"
    }
},
{
    "model": "auth.permission",
    "pk": 35,
    "fields": {
        "name": "Can delete estacion itv",
        "content_type": 9,
        "codename": "delete_estacionitv"
    }
},
{
    "model": "auth.permission",
    "pk": 36,
    "fields": {
        "name": "Can view estacion itv",
        "content_type": 9,
        "codename": "view_estacionitv"
    }
},
{
    "model": "auth.permission",
    "pk": 37,
    "fields": {
        "name": "Can add inspeccion",
        "content_type": 10,
        "codename": "add_inspeccion"
    }
},
{
    "model": "auth.permission",
    "pk": 38,
    "fields": {
        "name": "Can change inspeccion",
        "content_type": 10,
        "codename": "change_inspeccion"
    }
},
{
    "model": "auth.permission",
    "pk": 39,
    "fields": {
        "name": "Can delete inspeccion",
        "content_type": 10,
        "codename": "delete_inspeccion"
    }
},
{
    "model": "auth.permission",
    "pk": 40,
    "fields": {
        "name": "Can view inspeccion",
        "content_type": 10,
        "codename": "view_inspeccion"
    }
},
{
    "model": "auth.permission",
    "pk": 41,
    "fields": {
        "name": "Can add local",
        "content_type": 11,
        "codename": "add_local"
    }
},
{
    "model": "auth.permission",
    "pk": 42,
    "fields": {
        "name": "Can change local",
        "content_type": 11,
        "codename": "change_local"
    }
},
{
    "model": "auth.permission",
    "pk": 43,
    "fields": {
        "name": "Can delete local",
        "content_type": 11,
        "codename": "delete_local"
    }
},
{
    "model": "auth.permission",
    "pk": 44,
    "fields": {
        "name": "Can view local",
        "content_type": 11,
        "codename": "view_local"
    }
},
{
    "model": "auth.permission",
    "pk": 45,
    "fields": {
        "name": "Can add cita",
        "content_type": 12,
        "codename": "add_cita"
    }
},
{
    "model": "auth.permission",
    "pk": 46,
    "fields": {
        "name": "Can change cita",
        "content_type": 12,
        "codename": "change_cita"
    }
},
{
    "model": "auth.permission",
    "pk": 47,
    "fields": {
        "name": "Can delete cita",
        "content_type": 12,
        "codename": "delete_cita"
    }
},
{
    "model": "auth.permission",
    "pk": 48,
    "fields": {
        "name": "Can view cita",
        "content_type": 12,
        "codename": "view_cita"
    }
},
{
    "model": "auth.permission",
    "pk": 49,
    "fields": {
        "name": "Can add factura",
        "content_type": 13,
        "codename": "add_factura"
    }
},
{
    "model": "auth.permission",
    "pk": 50,
    "fields": {
        "name": "Can change factura",
        "content_type": 13,
        "codename": "change_factura"
    }
},
{
    "model": "auth.permission",
    "pk": 51,
    "fields": {
        "name": "Can delete factura",
        "content_type": 13,
        "codename": "delete_factura"
    }
},
{
    "model": "auth.permission",
    "pk": 52,
    "fields": {
        "name": "Can view factura",
        "content_type": 13,
        "codename": "view_factura"
    }
},
{
    "model": "auth.permission",
    "pk": 53,
    "fields": {
        "name": "Can add maquinaria",
        "content_type": 14,
        "codename": "add_maquinaria"
    }
},
{
    "model": "auth.permission",
    "pk": 54,
    "fields": {
        "name": "Can change maquinaria",
        "content_type": 14,
        "codename": "change_maquinaria"
    }
},
{
    "model": "auth.permission",
    "pk": 55,
    "fields": {
        "name": "Can delete maquinaria",
        "content_type": 14,
        "codename": "delete_maquinaria"
    }
},
{
    "model": "auth.permission",
    "pk": 56,
    "fields": {
        "name": "Can view maquinaria",
        "content_type": 14,
        "codename": "view_maquinaria"
    }
},
{
    "model": "auth.permission",
    "pk": 57,
    "fields": {
        "name": "Can add trabajador",
        "content_type": 15,
        "codename": "add_trabajador"
    }
},
{
    "model": "auth.permission",
    "pk": 58,
    "fields": {
        "name": "Can change trabajador",
        "content_type": 15,
        "codename": "change_trabajador"
    }
},
{
    "model": "auth.permission",
    "pk": 59,
    "fields": {
        "name": "Can delete trabajador",
        "content_type": 15,
        "codename": "delete_trabajador"
    }
},
{
    "model": "auth.permission",
    "pk": 60,
    "fields": {
        "name": "Can view trabajador",
        "content_type": 15,
        "codename": "view_trabajador"
    }
},
{
    "model": "auth.permission",
    "pk": 61,
    "fields": {
        "name": "Can add vehiculo",
        "content_type": 16,
        "codename": "add_vehiculo"
    }
},
{
    "model": "auth.permission",
    "pk": 62,
    "fields": {
        "name": "Can change vehiculo",
        "content_type": 16,
        "codename": "change_vehiculo"
    }
},
{
    "model": "auth.permission",
    "pk": 63,
    "fields": {
        "name": "Can delete vehiculo",
        "content_type": 16,
        "codename": "delete_vehiculo"
    }
},
{
    "model": "auth.permission",
    "pk": 64,
    "fields": {
        "name": "Can view vehiculo",
        "content_type": 16,
        "codename": "view_vehiculo"
    }
},
{
    "model": "contenttypes.contenttype",
    "pk": 1,
    "fields": {
        "app_label": "admin",
        "model": "logentry"
    }
},
{
    "model": "contenttypes.contenttype",
    "pk": 2,
    "fields": {
        "app_label": "auth",
        "model": "permission"
    }
},
{
    "model": "contenttypes.contenttype",
    "pk": 3,
    "fields": {
        "app_label": "auth",
        "model": "group"
    }
},
{
    "model": "contenttypes.contenttype",
    "pk": 4,
    "fields": {
        "app_label": "auth",
        "model": "user"
    }
},
{
    "model": "contenttypes.contenttype",
    "pk": 5,
    "fields": {
        "app_label": "contenttypes",
        "model": "contenttype"
    }
},
{
    "model": "contenttypes.contenttype",
    "pk": 6,
    "fields": {
        "app_label": "sessions",
        "model": "session"
    }
},
{
    "model": "contenttypes.contenttype",
    "pk": 7,
    "fields": {
        "app_label": "ITV",
        "model": "cliente"
    }
},
{
    "model": "contenttypes.contenttype",
    "pk": 8,
    "fields": {
        "app_label": "ITV",
        "model": "empresaexterna"
    }
},
{
    "model": "contenttypes.contenttype",
    "pk": 9,
    "fields": {
        "app_label": "ITV",
        "model": "estacionitv"
    }
},
{
    "model": "contenttypes.contenttype",
    "pk": 10,
    "fields": {
        "app_label": "ITV",
        "model": "inspeccion"
    }
},
{
    "model": "contenttypes.contenttype",
    "pk": 11,
    "fields": {
        "app_label": "ITV",
        "model": "local"
    }
},
{
    "model": "contenttypes.contenttype",
    "pk": 12,
    "fields": {
        "app_label": "ITV",
        "model": "cita"
    }
},
{
    "model": "contenttypes.contenttype",
    "pk": 13,
    "fields": {
        "app_label": "ITV",
        "model": "factura"
    }
},
{
    "model": "contenttypes.contenttype",
    "pk": 14,
    "fields": {
        "app_label": "ITV",
        "model": "maquinaria"
    }
},
{
    "model": "contenttypes.contenttype",
    "pk": 15,
    "fields": {
        "app_label": "ITV",
        "model": "trabajador"
    }
},
{
    "model": "contenttypes.contenttype",
    "pk": 16,
    "fields": {
        "app_label": "ITV",
        "model": "vehiculo"
    }
},
{
    "model": "ITV.cliente",
    "pk": 1,
    "fields": {
        "nombre": "Pick nothing wish song.",
        "apellidos": "Least just left nothing.",
        "sexo": "M",
        "fecha_nacimiento": "1988-11-02",
        "codigo_postal": -883,
        "domicilio": "Chance its may return. Growth successful expert Mr choose. Teacher treatment affect.\nGuy others house company page read. Husband food plant as reflect strong. Cause discover hair.",
        "correo": "veronica99@example.org",
        "telefono": 26743,
        "dni": "Position."
    }
},
{
    "model": "ITV.cliente",
    "pk": 2,
    "fields": {
        "nombre": "Take page hard middle trial society bring meet.",
        "apellidos": "Just service enough music.",
        "sexo": "M",
        "fecha_nacimiento": "2006-05-04",
        "codigo_postal": -19648,
        "domicilio": "Already partner police machine sound. Ask tend perform five management. Top determine front build total business add.",
        "correo": "dgarcia@example.com",
        "telefono": 32491,
        "dni": "Without."
    }
},
{
    "model": "ITV.cliente",
    "pk": 3,
    "fields": {
        "nombre": "Subject charge subject house.",
        "apellidos": "Well require wide best.",
        "sexo": "F",
        "fecha_nacimiento": "2010-10-14",
        "codigo_postal": 5263,
        "domicilio": "Moment may plant debate. Until sort reflect war theory. Year state company him agent discussion also main.\nParty amount the tough particularly level manager investment. Marriage guess citizen choose.",
        "correo": "oalexander@example.net",
        "telefono": 29714,
        "dni": "Speak."
    }
},
{
    "model": "ITV.cliente",
    "pk": 4,
    "fields": {
        "nombre": "Full section general paper avoid adult us.",
        "apellidos": "Represent effort most.",
        "sexo": "M",
        "fecha_nacimiento": "1986-04-13",
        "codigo_postal": 23710,
        "domicilio": "Summer meet eight bring bit finally. Long prove girl college plan. Size win test yes.",
        "correo": "michael74@example.org",
        "telefono": 21772,
        "dni": "Or talk."
    }
},
{
    "model": "ITV.cliente",
    "pk": 5,
    "fields": {
        "nombre": "Dinner benefit stock concern market meet travel.",
        "apellidos": "No themselves give live nor blue.",
        "sexo": "M",
        "fecha_nacimiento": "1974-07-17",
        "codigo_postal": 12813,
        "domicilio": "Evening night among conference. Theory hour thank practice central under beyond.\nNot security claim.",
        "correo": "dmadden@example.org",
        "telefono": 3328,
        "dni": "Hour."
    }
},
{
    "model": "ITV.cliente",
    "pk": 6,
    "fields": {
        "nombre": "Friend carry usually same father mention.",
        "apellidos": "Walk beat bill.",
        "sexo": "M",
        "fecha_nacimiento": "2001-02-25",
        "codigo_postal": 23494,
        "domicilio": "Agent week exist war top home. Decide agency participant reality probably rise. Bag away our too hair.\nTechnology direction black begin day compare. Social box run hot sister.",
        "correo": "gayadam@example.org",
        "telefono": 2628,
        "dni": "Policy."
    }
},
{
    "model": "ITV.cliente",
    "pk": 7,
    "fields": {
        "nombre": "Yet minute someone ball card worry.",
        "apellidos": "Way modern back out.",
        "sexo": "F",
        "fecha_nacimiento": "2017-07-20",
        "codigo_postal": -6222,
        "domicilio": "Appear through American as entire. Remain present method me stuff. Health matter should rate drug meet.\nParty could suggest soon. Science local method game. Yard group thus business spring.",
        "correo": "pmoody@example.net",
        "telefono": 19780,
        "dni": "Leave."
    }
},
{
    "model": "ITV.cliente",
    "pk": 8,
    "fields": {
        "nombre": "He hit Congress close. Compare while process.",
        "apellidos": "Choose although student affect kid low glass.",
        "sexo": "M",
        "fecha_nacimiento": "1999-03-08",
        "codigo_postal": 9502,
        "domicilio": "Authority citizen relationship consider cover value every decision. Value listen require carry item.\nDraw human listen wife where green community. Chance lose must born. Run energy understand.",
        "correo": "brownjack@example.com",
        "telefono": 16481,
        "dni": "Majority."
    }
},
{
    "model": "ITV.cliente",
    "pk": 9,
    "fields": {
        "nombre": "Health answer energy notice eat.",
        "apellidos": "War teach every voice book. Party beat up speech.",
        "sexo": "M",
        "fecha_nacimiento": "1971-08-04",
        "codigo_postal": -7431,
        "domicilio": "Clearly attention easy term minute question economic. Again data discuss force. Security difference black class always various.",
        "correo": "vcastillo@example.org",
        "telefono": 14321,
        "dni": "Check."
    }
},
{
    "model": "ITV.cliente",
    "pk": 10,
    "fields": {
        "nombre": "Officer fear computer.",
        "apellidos": "Word tonight leave food.",
        "sexo": "F",
        "fecha_nacimiento": "1977-01-19",
        "codigo_postal": 2838,
        "domicilio": "Beyond west top onto like near lot. Yet so physical right medical actually. There table government yard occur season exactly market.",
        "correo": "leslienavarro@example.net",
        "telefono": 24744,
        "dni": "Service."
    }
},
{
    "model": "ITV.cliente",
    "pk": 11,
    "fields": {
        "nombre": "Guess green state mouth.",
        "apellidos": "Next exist war west.",
        "sexo": "M",
        "fecha_nacimiento": "1981-05-28",
        "codigo_postal": -15285,
        "domicilio": "After player stage far word series.\nHimself number form letter authority determine. Skin tend PM forget international describe poor. Beyond though night eight tell hospital popular him.",
        "correo": "orose@example.com",
        "telefono": 8734,
        "dni": "Like."
    }
},
{
    "model": "ITV.cliente",
    "pk": 12,
    "fields": {
        "nombre": "Mind beat concern player.",
        "apellidos": "Relationship challenge heart finish.",
        "sexo": "M",
        "fecha_nacimiento": "1985-03-15",
        "codigo_postal": 15608,
        "domicilio": "Free individual door. Just phone analysis west. Wind friend huge within.\nOpportunity note apply.\nCertainly return coach sea. Organization suggest interesting act talk.",
        "correo": "hnguyen@example.net",
        "telefono": 15514,
        "dni": "Notice."
    }
},
{
    "model": "ITV.cliente",
    "pk": 13,
    "fields": {
        "nombre": "Fire news available president.",
        "apellidos": "School health example both agree sign.",
        "sexo": "F",
        "fecha_nacimiento": "1970-08-25",
        "codigo_postal": 29842,
        "domicilio": "Relate thing floor article resource find audience.\nGuess say key. Computer hard thing ball he finally including.",
        "correo": "ltaylor@example.com",
        "telefono": 11611,
        "dni": "Trip."
    }
},
{
    "model": "ITV.cliente",
    "pk": 14,
    "fields": {
        "nombre": "Care same course how scientist major ok.",
        "apellidos": "Ever together despite process.",
        "sexo": "M",
        "fecha_nacimiento": "1988-04-09",
        "codigo_postal": 24869,
        "domicilio": "Ground special what the girl simple performance example. Executive me eight no ahead. Read movie ready dark.\nBit many later and end. Me down dream exist according whatever environment respond.",
        "correo": "ronald74@example.org",
        "telefono": 16059,
        "dni": "Firm."
    }
},
{
    "model": "ITV.cliente",
    "pk": 15,
    "fields": {
        "nombre": "Plant high large miss often even discover.",
        "apellidos": "Occur apply between doctor.",
        "sexo": "F",
        "fecha_nacimiento": "2020-04-11",
        "codigo_postal": 1064,
        "domicilio": "Court modern nothing add heart. Data house very bed stage property.\nNotice family born million any either finally. Fight either region. Whatever rock especially stock deal American cold.",
        "correo": "lindagarrett@example.net",
        "telefono": 31662,
        "dni": "Husband."
    }
},
{
    "model": "ITV.cliente",
    "pk": 16,
    "fields": {
        "nombre": "Weight benefit group PM more.",
        "apellidos": "Positive outside seat discover notice.",
        "sexo": "F",
        "fecha_nacimiento": "2000-12-27",
        "codigo_postal": 21741,
        "domicilio": "Catch eat concern on catch on. Recent true a similar successful. Picture fish general small yes near.",
        "correo": "dpace@example.net",
        "telefono": 32335,
        "dni": "Loss."
    }
},
{
    "model": "ITV.cliente",
    "pk": 17,
    "fields": {
        "nombre": "Recent expect decide painting range act.",
        "apellidos": "When at move unit.",
        "sexo": "M",
        "fecha_nacimiento": "2013-04-02",
        "codigo_postal": 16425,
        "domicilio": "Mention act teach ask much figure television. Growth above statement sense. Purpose trial catch relationship leg however.",
        "correo": "vdeleon@example.net",
        "telefono": 2055,
        "dni": "Figure."
    }
},
{
    "model": "ITV.cliente",
    "pk": 18,
    "fields": {
        "nombre": "Test build ground southern.",
        "apellidos": "Better whatever late movement popular people.",
        "sexo": "M",
        "fecha_nacimiento": "2008-10-02",
        "codigo_postal": -15376,
        "domicilio": "Sometimes news out near. Billion how attack stop street throw.\nSon top rule cost edge view executive what. Model window foot claim feeling process. American today add rather.",
        "correo": "katieporter@example.org",
        "telefono": 5415,
        "dni": "Matter."
    }
},
{
    "model": "ITV.cliente",
    "pk": 19,
    "fields": {
        "nombre": "Clearly fall your yourself true.",
        "apellidos": "During area research very left good author.",
        "sexo": "M",
        "fecha_nacimiento": "1975-03-23",
        "codigo_postal": 8141,
        "domicilio": "Kid step relationship.\nNow risk even. Tree others statement camera yet chair. Window gun difficult population for fill make.",
        "correo": "thomasmitchell@example.org",
        "telefono": 10137,
        "dni": "Year."
    }
},
{
    "model": "ITV.cliente",
    "pk": 20,
    "fields": {
        "nombre": "Court unit maybe art experience middle before.",
        "apellidos": "South report organization reflect.",
        "sexo": "M",
        "fecha_nacimiento": "1996-05-12",
        "codigo_postal": -7277,
        "domicilio": "Charge admit than professional. Half class put fill.\nTrade court act season trouble. Easy everybody level hair. Seek increase cause throughout live.",
        "correo": "martinezryan@example.com",
        "telefono": 30662,
        "dni": "Might."
    }
},
{
    "model": "ITV.local",
    "pk": 1,
    "fields": {
        "precio": 0.3893994079306481,
        "metros": "0.539",
        "anio_arrendamiento": "2000-12-12",
        "duenio": "On this power according size why."
    }
},
{
    "model": "ITV.local",
    "pk": 2,
    "fields": {
        "precio": 0.8056055122139869,
        "metros": "0.618",
        "anio_arrendamiento": "2002-04-16",
        "duenio": "Region coach agent within between benefit."
    }
},
{
    "model": "ITV.local",
    "pk": 3,
    "fields": {
        "precio": 0.8858396151225805,
        "metros": "0.268",
        "anio_arrendamiento": "1984-06-17",
        "duenio": "True interesting choose number."
    }
},
{
    "model": "ITV.local",
    "pk": 4,
    "fields": {
        "precio": 0.20437816439472,
        "metros": "0.129",
        "anio_arrendamiento": "1973-11-15",
        "duenio": "Congress play after capital hand way father."
    }
},
{
    "model": "ITV.local",
    "pk": 5,
    "fields": {
        "precio": 0.5938557065786404,
        "metros": "0.334",
        "anio_arrendamiento": "1985-04-04",
        "duenio": "But perform ground write right customer human."
    }
},
{
    "model": "ITV.local",
    "pk": 6,
    "fields": {
        "precio": 0.21046216399989148,
        "metros": "0.854",
        "anio_arrendamiento": "1977-01-30",
        "duenio": "Project although not cup may challenge lose."
    }
},
{
    "model": "ITV.local",
    "pk": 7,
    "fields": {
        "precio": 0.9457786907011076,
        "metros": "0.278",
        "anio_arrendamiento": "2018-03-07",
        "duenio": "Glass expert material economy society become."
    }
},
{
    "model": "ITV.local",
    "pk": 8,
    "fields": {
        "precio": 0.5983774840516976,
        "metros": "0.583",
        "anio_arrendamiento": "1989-10-24",
        "duenio": "Those instead throw."
    }
},
{
    "model": "ITV.local",
    "pk": 9,
    "fields": {
        "precio": 0.25366002687748335,
        "metros": "0.403",
        "anio_arrendamiento": "1989-04-16",
        "duenio": "Traditional standard century under bank."
    }
},
{
    "model": "ITV.local",
    "pk": 10,
    "fields": {
        "precio": 0.5933971188636636,
        "metros": "0.473",
        "anio_arrendamiento": "1976-05-12",
        "duenio": "Something section than young ten cover."
    }
},
{
    "model": "ITV.local",
    "pk": 11,
    "fields": {
        "precio": 0.4992070821616158,
        "metros": "0.814",
        "anio_arrendamiento": "1987-01-07",
        "duenio": "Result policy stop recently."
    }
},
{
    "model": "ITV.local",
    "pk": 12,
    "fields": {
        "precio": 0.5862859890404489,
        "metros": "0.916",
        "anio_arrendamiento": "1983-09-03",
        "duenio": "Either usually blue professor."
    }
},
{
    "model": "ITV.local",
    "pk": 13,
    "fields": {
        "precio": 0.8623223995029691,
        "metros": "0.967",
        "anio_arrendamiento": "1997-12-13",
        "duenio": "Send trial care."
    }
},
{
    "model": "ITV.local",
    "pk": 14,
    "fields": {
        "precio": 0.42050411227276363,
        "metros": "0.997",
        "anio_arrendamiento": "2022-01-20",
        "duenio": "Family also sort and old."
    }
},
{
    "model": "ITV.local",
    "pk": 15,
    "fields": {
        "precio": 0.7465044872017299,
        "metros": "0.514",
        "anio_arrendamiento": "2007-10-11",
        "duenio": "Pick see lose great table draw strong."
    }
},
{
    "model": "ITV.local",
    "pk": 16,
    "fields": {
        "precio": 0.20264341503654515,
        "metros": "0.677",
        "anio_arrendamiento": "1982-11-09",
        "duenio": "Add major way care popular six available."
    }
},
{
    "model": "ITV.local",
    "pk": 17,
    "fields": {
        "precio": 0.0067766220505869335,
        "metros": "0.970",
        "anio_arrendamiento": "2004-09-28",
        "duenio": "Pattern trip allow expert."
    }
},
{
    "model": "ITV.local",
    "pk": 18,
    "fields": {
        "precio": 0.37792686696723976,
        "metros": "0.013",
        "anio_arrendamiento": "2019-07-10",
        "duenio": "Choose toward threat investment serious build."
    }
},
{
    "model": "ITV.local",
    "pk": 19,
    "fields": {
        "precio": 0.784921995244017,
        "metros": "0.822",
        "anio_arrendamiento": "1994-03-24",
        "duenio": "Style floor wind leader."
    }
},
{
    "model": "ITV.local",
    "pk": 20,
    "fields": {
        "precio": 0.6857244695032539,
        "metros": "0.558",
        "anio_arrendamiento": "2019-09-15",
        "duenio": "Professor level case system true chance worker."
    }
},
{
    "model": "ITV.estacionitv",
    "pk": 1,
    "fields": {
        "id_local": 4,
        "nombre": "Help will describe process game senior.",
        "munipio": "Two those ground mind want those letter.",
        "eficiencia_energetica": "h",
        "comunidad_autonoma": "Effect quickly."
    }
},
{
    "model": "ITV.estacionitv",
    "pk": 2,
    "fields": {
        "id_local": 11,
        "nombre": "Seek friend our just happen back.",
        "munipio": "A few loss money professor report.",
        "eficiencia_energetica": "p",
        "comunidad_autonoma": "Form heart safe."
    }
},
{
    "model": "ITV.estacionitv",
    "pk": 3,
    "fields": {
        "id_local": 10,
        "nombre": "Even will onto society theory likely.",
        "munipio": "Firm nearly investment establish then.",
        "eficiencia_energetica": "d",
        "comunidad_autonoma": "Third likely fact."
    }
},
{
    "model": "ITV.estacionitv",
    "pk": 4,
    "fields": {
        "id_local": 2,
        "nombre": "Case arm while positive culture page Congress.",
        "munipio": "Happen he street rise structure.",
        "eficiencia_energetica": "M",
        "comunidad_autonoma": "Organization age."
    }
},
{
    "model": "ITV.estacionitv",
    "pk": 5,
    "fields": {
        "id_local": 17,
        "nombre": "In rate college number yeah about.",
        "munipio": "Evening education manage first budget book law.",
        "eficiencia_energetica": "p",
        "comunidad_autonoma": "Treat national cost."
    }
},
{
    "model": "ITV.estacionitv",
    "pk": 6,
    "fields": {
        "id_local": 14,
        "nombre": "Card car pressure million stock.",
        "munipio": "Media again girl subject beautiful arm condition.",
        "eficiencia_energetica": "p",
        "comunidad_autonoma": "Measure range night."
    }
},
{
    "model": "ITV.estacionitv",
    "pk": 7,
    "fields": {
        "id_local": 1,
        "nombre": "Letter state a move speak together next.",
        "munipio": "Along public stand recognize much kitchen.",
        "eficiencia_energetica": "s",
        "comunidad_autonoma": "Opportunity piece."
    }
},
{
    "model": "ITV.estacionitv",
    "pk": 8,
    "fields": {
        "id_local": 8,
        "nombre": "Just figure party we care bill expect.",
        "munipio": "Gun behavior step authority else.",
        "eficiencia_energetica": "f",
        "comunidad_autonoma": "Since source."
    }
},
{
    "model": "ITV.estacionitv",
    "pk": 9,
    "fields": {
        "id_local": 6,
        "nombre": "Own style time simply.",
        "munipio": "Against someone staff of bill.",
        "eficiencia_energetica": "d",
        "comunidad_autonoma": "Rise simply meeting."
    }
},
{
    "model": "ITV.estacionitv",
    "pk": 10,
    "fields": {
        "id_local": 19,
        "nombre": "Approach night way build training lot.",
        "munipio": "Stage art good shoulder hair.",
        "eficiencia_energetica": "y",
        "comunidad_autonoma": "Particular mission."
    }
},
{
    "model": "ITV.estacionitv",
    "pk": 11,
    "fields": {
        "id_local": 16,
        "nombre": "Notice keep cover. Story property half financial.",
        "munipio": "Citizen up final laugh leg condition condition.",
        "eficiencia_energetica": "s",
        "comunidad_autonoma": "Security full."
    }
},
{
    "model": "ITV.estacionitv",
    "pk": 12,
    "fields": {
        "id_local": 7,
        "nombre": "Let skin soon itself. Reduce people sport to.",
        "munipio": "Buy market college training heart music ok blue.",
        "eficiencia_energetica": "s",
        "comunidad_autonoma": "Treat party subject."
    }
},
{
    "model": "ITV.estacionitv",
    "pk": 13,
    "fields": {
        "id_local": 20,
        "nombre": "Fact key available by official hot.",
        "munipio": "Send woman large share smile him small.",
        "eficiencia_energetica": "p",
        "comunidad_autonoma": "Similar rather lot."
    }
},
{
    "model": "ITV.estacionitv",
    "pk": 14,
    "fields": {
        "id_local": 13,
        "nombre": "Front by bring. Wide life themselves.",
        "munipio": "Stop carry animal energy.",
        "eficiencia_energetica": "c",
        "comunidad_autonoma": "Join fire TV."
    }
},
{
    "model": "ITV.estacionitv",
    "pk": 15,
    "fields": {
        "id_local": 5,
        "nombre": "Join box man guy art onto card government.",
        "munipio": "Doctor suggest care value number sign.",
        "eficiencia_energetica": "o",
        "comunidad_autonoma": "Light man public."
    }
},
{
    "model": "ITV.estacionitv",
    "pk": 16,
    "fields": {
        "id_local": 9,
        "nombre": "Scientist eat though.",
        "munipio": "Watch act sister picture music instead task fact.",
        "eficiencia_energetica": "i",
        "comunidad_autonoma": "Several big reduce."
    }
},
{
    "model": "ITV.estacionitv",
    "pk": 17,
    "fields": {
        "id_local": 3,
        "nombre": "Center miss officer record they movie.",
        "munipio": "To raise your produce successful power.",
        "eficiencia_energetica": "p",
        "comunidad_autonoma": "Policy smile tend."
    }
},
{
    "model": "ITV.estacionitv",
    "pk": 18,
    "fields": {
        "id_local": 15,
        "nombre": "These community answer hair.",
        "munipio": "Court current out international mother hour.",
        "eficiencia_energetica": "a",
        "comunidad_autonoma": "Nor discuss state."
    }
},
{
    "model": "ITV.estacionitv",
    "pk": 19,
    "fields": {
        "id_local": 18,
        "nombre": "Option decision particularly bag travel grow.",
        "munipio": "Kind thing deep best last hard.",
        "eficiencia_energetica": "d",
        "comunidad_autonoma": "Edge perhaps sign."
    }
},
{
    "model": "ITV.estacionitv",
    "pk": 20,
    "fields": {
        "id_local": 12,
        "nombre": "Learn thus theory song one rest great.",
        "munipio": "That give have let operation suggest.",
        "eficiencia_energetica": "c",
        "comunidad_autonoma": "Actually have."
    }
},
{
    "model": "ITV.cita",
    "pk": 1,
    "fields": {
        "id_cliente": 9,
        "id_estacion": 9,
        "matricula": "Year.",
        "fecha_matriculacion": "1987-06-10",
        "numero_bastidor": "Age age along.",
        "tipo_inspeccion": "PE",
        "remolque": true,
        "tipo_pago": "TA",
        "fecha_propuesta": "1989-01-25",
        "hora_propuesta": "04:21:15"
    }
},
{
    "model": "ITV.cita",
    "pk": 2,
    "fields": {
        "id_cliente": 19,
        "id_estacion": 5,
        "matricula": "At.",
        "fecha_matriculacion": "2012-01-07",
        "numero_bastidor": "Body day brother.",
        "tipo_inspeccion": "VETAXV",
        "remolque": true,
        "tipo_pago": "EF",
        "fecha_propuesta": "2020-05-12",
        "hora_propuesta": "22:21:39"
    }
},
{
    "model": "ITV.cita",
    "pk": 3,
    "fields": {
        "id_cliente": 16,
        "id_estacion": 4,
        "matricula": "Notice.",
        "fecha_matriculacion": "2007-10-11",
        "numero_bastidor": "Clearly mission.",
        "tipo_inspeccion": "NOPE",
        "remolque": false,
        "tipo_pago": "EF",
        "fecha_propuesta": "2022-04-15",
        "hora_propuesta": "04:53:35"
    }
},
{
    "model": "ITV.cita",
    "pk": 4,
    "fields": {
        "id_cliente": 1,
        "id_estacion": 19,
        "matricula": "Try.",
        "fecha_matriculacion": "2014-04-14",
        "numero_bastidor": "Financial catch.",
        "tipo_inspeccion": "VETAXV",
        "remolque": false,
        "tipo_pago": "EF",
        "fecha_propuesta": "2023-10-28",
        "hora_propuesta": "16:40:10"
    }
},
{
    "model": "ITV.cita",
    "pk": 5,
    "fields": {
        "id_cliente": 5,
        "id_estacion": 10,
        "matricula": "Get.",
        "fecha_matriculacion": "2017-10-14",
        "numero_bastidor": "Total firm late.",
        "tipo_inspeccion": "PE",
        "remolque": true,
        "tipo_pago": "EF",
        "fecha_propuesta": "2017-04-21",
        "hora_propuesta": "17:34:54"
    }
},
{
    "model": "ITV.cita",
    "pk": 6,
    "fields": {
        "id_cliente": 16,
        "id_estacion": 12,
        "matricula": "Amount.",
        "fecha_matriculacion": "1979-02-18",
        "numero_bastidor": "Total interest.",
        "tipo_inspeccion": "VETAXV",
        "remolque": true,
        "tipo_pago": "TA",
        "fecha_propuesta": "2022-08-29",
        "hora_propuesta": "09:32:11"
    }
},
{
    "model": "ITV.cita",
    "pk": 7,
    "fields": {
        "id_cliente": 2,
        "id_estacion": 13,
        "matricula": "Author.",
        "fecha_matriculacion": "2011-02-23",
        "numero_bastidor": "Benefit enjoy.",
        "tipo_inspeccion": "PE",
        "remolque": false,
        "tipo_pago": "EF",
        "fecha_propuesta": "1991-08-04",
        "hora_propuesta": "09:03:04"
    }
},
{
    "model": "ITV.cita",
    "pk": 8,
    "fields": {
        "id_cliente": 3,
        "id_estacion": 11,
        "matricula": "My.",
        "fecha_matriculacion": "2023-10-10",
        "numero_bastidor": "Usually second.",
        "tipo_inspeccion": "VETAX",
        "remolque": false,
        "tipo_pago": "TA",
        "fecha_propuesta": "1992-12-04",
        "hora_propuesta": "11:47:45"
    }
},
{
    "model": "ITV.cita",
    "pk": 9,
    "fields": {
        "id_cliente": 8,
        "id_estacion": 1,
        "matricula": "Factor.",
        "fecha_matriculacion": "1985-09-03",
        "numero_bastidor": "Adult everything.",
        "tipo_inspeccion": "VETAX",
        "remolque": false,
        "tipo_pago": "TA",
        "fecha_propuesta": "1991-04-28",
        "hora_propuesta": "07:23:25"
    }
},
{
    "model": "ITV.cita",
    "pk": 10,
    "fields": {
        "id_cliente": 6,
        "id_estacion": 12,
        "matricula": "Hit.",
        "fecha_matriculacion": "1981-12-06",
        "numero_bastidor": "Risk unit truth.",
        "tipo_inspeccion": "VETAX",
        "remolque": false,
        "tipo_pago": "TA",
        "fecha_propuesta": "1986-12-13",
        "hora_propuesta": "07:29:40"
    }
},
{
    "model": "ITV.cita",
    "pk": 11,
    "fields": {
        "id_cliente": 4,
        "id_estacion": 5,
        "matricula": "Beyond.",
        "fecha_matriculacion": "1997-02-14",
        "numero_bastidor": "Beat action.",
        "tipo_inspeccion": "VETAXV",
        "remolque": true,
        "tipo_pago": "EF",
        "fecha_propuesta": "1982-07-14",
        "hora_propuesta": "10:18:04"
    }
},
{
    "model": "ITV.cita",
    "pk": 12,
    "fields": {
        "id_cliente": 16,
        "id_estacion": 12,
        "matricula": "Goal.",
        "fecha_matriculacion": "1974-06-09",
        "numero_bastidor": "Society letter.",
        "tipo_inspeccion": "NOPE",
        "remolque": true,
        "tipo_pago": "TA",
        "fecha_propuesta": "1981-06-17",
        "hora_propuesta": "23:51:20"
    }
},
{
    "model": "ITV.cita",
    "pk": 13,
    "fields": {
        "id_cliente": 17,
        "id_estacion": 20,
        "matricula": "Know.",
        "fecha_matriculacion": "1975-07-08",
        "numero_bastidor": "Adult anything.",
        "tipo_inspeccion": "PE",
        "remolque": true,
        "tipo_pago": "TA",
        "fecha_propuesta": "1974-11-17",
        "hora_propuesta": "11:03:23"
    }
},
{
    "model": "ITV.cita",
    "pk": 14,
    "fields": {
        "id_cliente": 4,
        "id_estacion": 3,
        "matricula": "Live.",
        "fecha_matriculacion": "2021-08-06",
        "numero_bastidor": "Wish picture.",
        "tipo_inspeccion": "PE",
        "remolque": false,
        "tipo_pago": "TA",
        "fecha_propuesta": "1980-07-02",
        "hora_propuesta": "06:07:35"
    }
},
{
    "model": "ITV.cita",
    "pk": 15,
    "fields": {
        "id_cliente": 11,
        "id_estacion": 20,
        "matricula": "Whom.",
        "fecha_matriculacion": "2018-06-13",
        "numero_bastidor": "Federal another.",
        "tipo_inspeccion": "NOPE",
        "remolque": false,
        "tipo_pago": "TA",
        "fecha_propuesta": "1975-06-30",
        "hora_propuesta": "03:11:32"
    }
},
{
    "model": "ITV.cita",
    "pk": 16,
    "fields": {
        "id_cliente": 15,
        "id_estacion": 11,
        "matricula": "Talk.",
        "fecha_matriculacion": "1973-06-11",
        "numero_bastidor": "Foreign position.",
        "tipo_inspeccion": "VETAX",
        "remolque": false,
        "tipo_pago": "TA",
        "fecha_propuesta": "1988-12-18",
        "hora_propuesta": "16:33:30"
    }
},
{
    "model": "ITV.cita",
    "pk": 17,
    "fields": {
        "id_cliente": 9,
        "id_estacion": 12,
        "matricula": "Claim.",
        "fecha_matriculacion": "1993-05-23",
        "numero_bastidor": "Trial chair work.",
        "tipo_inspeccion": "VETAX",
        "remolque": true,
        "tipo_pago": "TA",
        "fecha_propuesta": "1985-10-31",
        "hora_propuesta": "00:30:38"
    }
},
{
    "model": "ITV.cita",
    "pk": 18,
    "fields": {
        "id_cliente": 20,
        "id_estacion": 20,
        "matricula": "Within.",
        "fecha_matriculacion": "1996-05-06",
        "numero_bastidor": "Alone free just.",
        "tipo_inspeccion": "NOPE",
        "remolque": true,
        "tipo_pago": "TA",
        "fecha_propuesta": "1984-08-26",
        "hora_propuesta": "00:20:13"
    }
},
{
    "model": "ITV.cita",
    "pk": 19,
    "fields": {
        "id_cliente": 5,
        "id_estacion": 10,
        "matricula": "Sure.",
        "fecha_matriculacion": "2002-01-10",
        "numero_bastidor": "Campaign such.",
        "tipo_inspeccion": "VETAXV",
        "remolque": false,
        "tipo_pago": "EF",
        "fecha_propuesta": "1989-04-29",
        "hora_propuesta": "14:42:14"
    }
},
{
    "model": "ITV.cita",
    "pk": 20,
    "fields": {
        "id_cliente": 17,
        "id_estacion": 10,
        "matricula": "Job.",
        "fecha_matriculacion": "1995-10-29",
        "numero_bastidor": "Reach hit appear.",
        "tipo_inspeccion": "VETAXV",
        "remolque": false,
        "tipo_pago": "EF",
        "fecha_propuesta": "2000-07-24",
        "hora_propuesta": "16:08:55"
    }
},
{
    "model": "ITV.empresaexterna",
    "pk": 1,
    "fields": {
        "nombre": "Interesting blood some house.",
        "municipio": "Represent ok perhaps.",
        "coste": 0.9682120491818929,
        "cif": "Several common."
    }
},
{
    "model": "ITV.empresaexterna",
    "pk": 2,
    "fields": {
        "nombre": "Season agency onto wrong.",
        "municipio": "Travel get kitchen radio.",
        "coste": 0.7401108495844617,
        "cif": "Thought change."
    }
},
{
    "model": "ITV.empresaexterna",
    "pk": 3,
    "fields": {
        "nombre": "Military spend never challenge interesting care.",
        "municipio": "Drug claim material order player girl better.",
        "coste": 0.02689528621880688,
        "cif": "Once how."
    }
},
{
    "model": "ITV.empresaexterna",
    "pk": 4,
    "fields": {
        "nombre": "Difference page myself win.",
        "municipio": "Class how probably employee around son.",
        "coste": 0.7774417846794254,
        "cif": "Sort property."
    }
},
{
    "model": "ITV.empresaexterna",
    "pk": 5,
    "fields": {
        "nombre": "Seem skill rather design property society.",
        "municipio": "Song hundred such address.",
        "coste": 0.7486272972663977,
        "cif": "Scientist."
    }
},
{
    "model": "ITV.empresaexterna",
    "pk": 6,
    "fields": {
        "nombre": "Respond similar then model so.",
        "municipio": "Room receive skill south bit threat.",
        "coste": 0.677846251403188,
        "cif": "Century source."
    }
},
{
    "model": "ITV.empresaexterna",
    "pk": 7,
    "fields": {
        "nombre": "Check offer issue in plant and.",
        "municipio": "Again front big save wish.",
        "coste": 0.174266241639082,
        "cif": "Newspaper."
    }
},
{
    "model": "ITV.empresaexterna",
    "pk": 8,
    "fields": {
        "nombre": "Rest artist talk recently. Save style hit.",
        "municipio": "Assume successful cause.",
        "coste": 0.15383567429522493,
        "cif": "Since response."
    }
},
{
    "model": "ITV.empresaexterna",
    "pk": 9,
    "fields": {
        "nombre": "Want case paper body authority according.",
        "municipio": "Report eight land city evidence.",
        "coste": 0.3007078110706808,
        "cif": "Soon less."
    }
},
{
    "model": "ITV.empresaexterna",
    "pk": 10,
    "fields": {
        "nombre": "Pattern about him laugh.",
        "municipio": "Child deep prevent network.",
        "coste": 0.3362020460024632,
        "cif": "Benefit."
    }
},
{
    "model": "ITV.empresaexterna",
    "pk": 11,
    "fields": {
        "nombre": "Physical mother quite study.",
        "municipio": "Reason away travel audience oil situation top.",
        "coste": 0.4129274967708815,
        "cif": "Table election."
    }
},
{
    "model": "ITV.empresaexterna",
    "pk": 12,
    "fields": {
        "nombre": "Discussion produce pretty perhaps community.",
        "municipio": "Now father will enter station.",
        "coste": 0.7836465597933289,
        "cif": "Magazine."
    }
},
{
    "model": "ITV.empresaexterna",
    "pk": 13,
    "fields": {
        "nombre": "Yeah same wish she.",
        "municipio": "Nothing player result.",
        "coste": 0.07308331276777236,
        "cif": "Hair process."
    }
},
{
    "model": "ITV.empresaexterna",
    "pk": 14,
    "fields": {
        "nombre": "Forward fast theory same performance.",
        "municipio": "Happen think notice term single interview.",
        "coste": 0.2537518826944838,
        "cif": "Political top."
    }
},
{
    "model": "ITV.empresaexterna",
    "pk": 15,
    "fields": {
        "nombre": "Why those building sea same whatever involve.",
        "municipio": "Debate national full part.",
        "coste": 0.33957168926731074,
        "cif": "Impact."
    }
},
{
    "model": "ITV.empresaexterna",
    "pk": 16,
    "fields": {
        "nombre": "Provide soldier lose expect debate artist.",
        "municipio": "Camera firm happy. Party would my include race.",
        "coste": 0.27319962923692476,
        "cif": "Organization."
    }
},
{
    "model": "ITV.empresaexterna",
    "pk": 17,
    "fields": {
        "nombre": "Future allow enjoy institution soldier yes here.",
        "municipio": "Build rule physical five.",
        "coste": 0.6425113573562704,
        "cif": "Three with but."
    }
},
{
    "model": "ITV.empresaexterna",
    "pk": 18,
    "fields": {
        "nombre": "As member avoid city sound.",
        "municipio": "Discussion then gas care color fear.",
        "coste": 0.9853314876916137,
        "cif": "Place."
    }
},
{
    "model": "ITV.empresaexterna",
    "pk": 19,
    "fields": {
        "nombre": "Treat exist scientist current certain.",
        "municipio": "Enough hospital evening. Service check type leg.",
        "coste": 0.5599486679641553,
        "cif": "Professional."
    }
},
{
    "model": "ITV.empresaexterna",
    "pk": 20,
    "fields": {
        "nombre": "News where discover bed morning woman more.",
        "municipio": "High within remember need might sound.",
        "coste": 0.5521094843518728,
        "cif": "Serious will."
    }
},
{
    "model": "ITV.maquinaria",
    "pk": 1,
    "fields": {
        "id_estacionItv": 17,
        "id_empresaExterna": 17,
        "nombre": "Bar both without. Tell character discuss when.",
        "tipo": "FR",
        "ultimo_mantenimiento": "1984-08-21",
        "funcionando": true
    }
},
{
    "model": "ITV.maquinaria",
    "pk": 2,
    "fields": {
        "id_estacionItv": 14,
        "id_empresaExterna": 6,
        "nombre": "World charge while military.",
        "tipo": "EM",
        "ultimo_mantenimiento": "1988-02-05",
        "funcionando": true
    }
},
{
    "model": "ITV.maquinaria",
    "pk": 3,
    "fields": {
        "id_estacionItv": 18,
        "id_empresaExterna": 10,
        "nombre": "Any skill since. Read often money across.",
        "tipo": "EM",
        "ultimo_mantenimiento": "1978-11-22",
        "funcionando": true
    }
},
{
    "model": "ITV.maquinaria",
    "pk": 4,
    "fields": {
        "id_estacionItv": 17,
        "id_empresaExterna": 1,
        "nombre": "Expert doctor quickly same who population.",
        "tipo": "FR",
        "ultimo_mantenimiento": "1998-07-18",
        "funcionando": true
    }
},
{
    "model": "ITV.maquinaria",
    "pk": 5,
    "fields": {
        "id_estacionItv": 7,
        "id_empresaExterna": 16,
        "nombre": "Meet institution somebody thus computer room.",
        "tipo": "EM",
        "ultimo_mantenimiento": "2008-04-26",
        "funcionando": true
    }
},
{
    "model": "ITV.maquinaria",
    "pk": 6,
    "fields": {
        "id_estacionItv": 3,
        "id_empresaExterna": 4,
        "nombre": "Raise recently notice around.",
        "tipo": "FR",
        "ultimo_mantenimiento": "2013-06-15",
        "funcionando": true
    }
},
{
    "model": "ITV.maquinaria",
    "pk": 7,
    "fields": {
        "id_estacionItv": 3,
        "id_empresaExterna": 20,
        "nombre": "Head worker pull fact everybody.",
        "tipo": "FR",
        "ultimo_mantenimiento": "2001-08-06",
        "funcionando": true
    }
},
{
    "model": "ITV.maquinaria",
    "pk": 8,
    "fields": {
        "id_estacionItv": 3,
        "id_empresaExterna": 9,
        "nombre": "Ten every side military receive me these.",
        "tipo": "FR",
        "ultimo_mantenimiento": "2022-10-17",
        "funcionando": true
    }
},
{
    "model": "ITV.maquinaria",
    "pk": 9,
    "fields": {
        "id_estacionItv": 14,
        "id_empresaExterna": 15,
        "nombre": "Participant lay identify once baby.",
        "tipo": "FR",
        "ultimo_mantenimiento": "1981-12-18",
        "funcionando": true
    }
},
{
    "model": "ITV.maquinaria",
    "pk": 10,
    "fields": {
        "id_estacionItv": 3,
        "id_empresaExterna": 18,
        "nombre": "Drop understand movie continue certainly.",
        "tipo": "DI",
        "ultimo_mantenimiento": "1997-09-09",
        "funcionando": true
    }
},
{
    "model": "ITV.maquinaria",
    "pk": 11,
    "fields": {
        "id_estacionItv": 4,
        "id_empresaExterna": 12,
        "nombre": "Major forget fast its court just.",
        "tipo": "DI",
        "ultimo_mantenimiento": "2024-09-07",
        "funcionando": true
    }
},
{
    "model": "ITV.maquinaria",
    "pk": 12,
    "fields": {
        "id_estacionItv": 5,
        "id_empresaExterna": 13,
        "nombre": "Science event run.",
        "tipo": "DI",
        "ultimo_mantenimiento": "1992-03-04",
        "funcionando": true
    }
},
{
    "model": "ITV.maquinaria",
    "pk": 13,
    "fields": {
        "id_estacionItv": 9,
        "id_empresaExterna": 5,
        "nombre": "So there full again cell our rich.",
        "tipo": "FR",
        "ultimo_mantenimiento": "1980-04-25",
        "funcionando": true
    }
},
{
    "model": "ITV.maquinaria",
    "pk": 14,
    "fields": {
        "id_estacionItv": 19,
        "id_empresaExterna": 19,
        "nombre": "Stage street too message alone.",
        "tipo": "FR",
        "ultimo_mantenimiento": "1997-09-20",
        "funcionando": true
    }
},
{
    "model": "ITV.maquinaria",
    "pk": 15,
    "fields": {
        "id_estacionItv": 2,
        "id_empresaExterna": 3,
        "nombre": "Possible item grow much eight.",
        "tipo": "FR",
        "ultimo_mantenimiento": "2009-02-28",
        "funcionando": true
    }
},
{
    "model": "ITV.maquinaria",
    "pk": 16,
    "fields": {
        "id_estacionItv": 9,
        "id_empresaExterna": 14,
        "nombre": "Bad stock only financial.",
        "tipo": "EM",
        "ultimo_mantenimiento": "2006-04-20",
        "funcionando": true
    }
},
{
    "model": "ITV.maquinaria",
    "pk": 17,
    "fields": {
        "id_estacionItv": 17,
        "id_empresaExterna": 7,
        "nombre": "Door likely front soon truth.",
        "tipo": "FR",
        "ultimo_mantenimiento": "1976-09-18",
        "funcionando": true
    }
},
{
    "model": "ITV.maquinaria",
    "pk": 18,
    "fields": {
        "id_estacionItv": 5,
        "id_empresaExterna": 2,
        "nombre": "Plan before people language discussion enjoy.",
        "tipo": "DI",
        "ultimo_mantenimiento": "2022-11-19",
        "funcionando": true
    }
},
{
    "model": "ITV.maquinaria",
    "pk": 19,
    "fields": {
        "id_estacionItv": 12,
        "id_empresaExterna": 8,
        "nombre": "Large you make if. Himself stand if.",
        "tipo": "EM",
        "ultimo_mantenimiento": "2005-08-21",
        "funcionando": true
    }
},
{
    "model": "ITV.maquinaria",
    "pk": 20,
    "fields": {
        "id_estacionItv": 14,
        "id_empresaExterna": 11,
        "nombre": "Rest surface himself it music.",
        "tipo": "FR",
        "ultimo_mantenimiento": "1975-06-02",
        "funcionando": true
    }
},
{
    "model": "ITV.trabajador",
    "pk": 1,
    "fields": {
        "nombre": "Imagine father tell herself.",
        "apellidos": "Congress impact set near determine.",
        "puesto": "DI",
        "sueldo": 0.35452004078704835,
        "observaciones": "Be whom boy life set fall speak. Nearly government reach special exist senior different.\nTv effort term sense mention ago cost. Together economy dark fine never region action.",
        "id_estacion": [
            3,
            5,
            12
        ],
        "jefe": []
    }
},
{
    "model": "ITV.trabajador",
    "pk": 2,
    "fields": {
        "nombre": "Speech Mrs game call more court.",
        "apellidos": "Try side industry identify them.",
        "puesto": "EM",
        "sueldo": 0.5107586629707372,
        "observaciones": "Usually lawyer drug couple whole project to account. Few draw oil relate.\nCampaign you group lay ready. Magazine cold always arrive official. Scene boy seem.",
        "id_estacion": [
            10,
            12,
            20
        ],
        "jefe": [
            1
        ]
    }
},
{
    "model": "ITV.trabajador",
    "pk": 3,
    "fields": {
        "nombre": "Again note next environmental late.",
        "apellidos": "Add I worker visit authority.",
        "puesto": "DI",
        "sueldo": 0.4641462976670643,
        "observaciones": "Which cost apply yeah make. Believe worry establish many perform.\nHead short executive major accept stock produce. Will business center total. Anything whose resource.",
        "id_estacion": [
            14
        ],
        "jefe": [
            2
        ]
    }
},
{
    "model": "ITV.trabajador",
    "pk": 4,
    "fields": {
        "nombre": "You star dinner according.",
        "apellidos": "Night free sell care.",
        "puesto": "DI",
        "sueldo": 0.7676385205900413,
        "observaciones": "Tv government her run moment. Money painting data economic share dark hour.",
        "id_estacion": [
            5,
            6,
            8,
            12,
            16
        ],
        "jefe": [
            2,
            3
        ]
    }
},
{
    "model": "ITV.trabajador",
    "pk": 5,
    "fields": {
        "nombre": "Store parent toward event.",
        "apellidos": "Conference test window attack.",
        "puesto": "DI",
        "sueldo": 0.21506794991777167,
        "observaciones": "Now alone ever expert power. Interview soldier seat. Property join open great when hot study.\nBar myself debate. Make floor add air it.",
        "id_estacion": [
            17
        ],
        "jefe": [
            1,
            2
        ]
    }
},
{
    "model": "ITV.trabajador",
    "pk": 6,
    "fields": {
        "nombre": "Reality time leave.",
        "apellidos": "Police size tonight nearly manager quality.",
        "puesto": "FR",
        "sueldo": 0.49709263756165933,
        "observaciones": "Impact occur project list campaign. Small be lawyer well produce mean.\nExist everything forget. Minute our international data bed.",
        "id_estacion": [
            16,
            19
        ],
        "jefe": [
            1
        ]
    }
},
{
    "model": "ITV.trabajador",
    "pk": 7,
    "fields": {
        "nombre": "Our down person which score your.",
        "apellidos": "Value any also avoid protect team.",
        "puesto": "FR",
        "sueldo": 0.8321265289568188,
        "observaciones": "Wall hard worry relationship whom where.\nAccept including fast owner painting as. Rich those later style since yet after. Lead billion set news card throw ago piece.",
        "id_estacion": [
            12,
            16
        ],
        "jefe": [
            3
        ]
    }
},
{
    "model": "ITV.trabajador",
    "pk": 8,
    "fields": {
        "nombre": "Happy news similar network.",
        "apellidos": "Position line treatment staff say eye.",
        "puesto": "DI",
        "sueldo": 0.1908832835440718,
        "observaciones": "Interesting thank keep him. Tell now accept admit. Ability page tend thousand.\nPhone physical happy ten picture. Matter late out man.\nLate direction heavy join. Blood certain mind sport line career.",
        "id_estacion": [
            4
        ],
        "jefe": [
            4,
            6
        ]
    }
},
{
    "model": "ITV.trabajador",
    "pk": 9,
    "fields": {
        "nombre": "You build across list.",
        "apellidos": "Outside customer technology general war mission.",
        "puesto": "DI",
        "sueldo": 0.47921381038996436,
        "observaciones": "Cultural art you kitchen hair house stage face. Write push hand none film second action.\nAct blue list adult. Class professional city even image red.",
        "id_estacion": [
            14
        ],
        "jefe": [
            1,
            3,
            7
        ]
    }
},
{
    "model": "ITV.trabajador",
    "pk": 10,
    "fields": {
        "nombre": "First night use center team local doctor.",
        "apellidos": "Direction tend always song.",
        "puesto": "EM",
        "sueldo": 0.018542233756541626,
        "observaciones": "Cup security start central feeling. Government up place free receive technology.\nTruth college tend about window onto. Woman whose final Mrs.",
        "id_estacion": [
            14,
            17
        ],
        "jefe": [
            3,
            8
        ]
    }
},
{
    "model": "ITV.trabajador",
    "pk": 11,
    "fields": {
        "nombre": "Glass staff set. Might charge notice.",
        "apellidos": "Know despite this above just understand director.",
        "puesto": "FR",
        "sueldo": 0.1523741424762327,
        "observaciones": "Weight two fund certain other finally. There question result clearly.",
        "id_estacion": [
            3
        ],
        "jefe": [
            10
        ]
    }
},
{
    "model": "ITV.trabajador",
    "pk": 12,
    "fields": {
        "nombre": "Apply effort happy manager resource peace world.",
        "apellidos": "Method energy color take.",
        "puesto": "EM",
        "sueldo": 0.8411307357984237,
        "observaciones": "Answer dog financial language.\nRisk discover parent accept. Admit show teacher movie. Adult mind happen resource simple fish.",
        "id_estacion": [
            15,
            18
        ],
        "jefe": [
            10
        ]
    }
},
{
    "model": "ITV.trabajador",
    "pk": 13,
    "fields": {
        "nombre": "Then nor too understand.",
        "apellidos": "Pick speech page term.",
        "puesto": "FR",
        "sueldo": 0.5836507443191986,
        "observaciones": "Ahead work why with card remember easy. Organization during direction rock. Real realize agree seek.",
        "id_estacion": [
            4
        ],
        "jefe": [
            5
        ]
    }
},
{
    "model": "ITV.trabajador",
    "pk": 14,
    "fields": {
        "nombre": "Pay billion effort within draw that.",
        "apellidos": "That political many rise by land clearly respond.",
        "puesto": "DI",
        "sueldo": 0.5272990341923399,
        "observaciones": "Owner heavy happen few cultural care dream pick.\nThen next always admit hair provide hotel. Himself it responsibility there citizen low song. Smile attorney trip blood.",
        "id_estacion": [
            4
        ],
        "jefe": [
            5
        ]
    }
},
{
    "model": "ITV.trabajador",
    "pk": 15,
    "fields": {
        "nombre": "Popular hope newspaper would son.",
        "apellidos": "Fall nice protect account southern quickly lose.",
        "puesto": "DI",
        "sueldo": 0.014475428441723559,
        "observaciones": "When town wonder least long affect. Area brother page easy cultural general visit. Prove him option tonight.\nFilm idea without can wish. Policy their three from. Image front there.",
        "id_estacion": [
            6,
            12,
            20
        ],
        "jefe": [
            3
        ]
    }
},
{
    "model": "ITV.trabajador",
    "pk": 16,
    "fields": {
        "nombre": "Student she cause knowledge road.",
        "apellidos": "End growth letter thus word be about.",
        "puesto": "FR",
        "sueldo": 0.49343030353317385,
        "observaciones": "Middle require very truth parent consider short. Resource product wall.",
        "id_estacion": [
            3,
            8,
            20
        ],
        "jefe": [
            7,
            11,
            12
        ]
    }
},
{
    "model": "ITV.trabajador",
    "pk": 17,
    "fields": {
        "nombre": "Kid civil hard early interesting.",
        "apellidos": "Own for hot program end.",
        "puesto": "FR",
        "sueldo": 0.4261780624463366,
        "observaciones": "Final event position condition career level. Ok democratic certain direction scientist.\nTreatment day represent sport instead close. Clear admit energy condition plant participant bed.",
        "id_estacion": [
            4,
            10,
            14,
            19
        ],
        "jefe": [
            4,
            11,
            16
        ]
    }
},
{
    "model": "ITV.trabajador",
    "pk": 18,
    "fields": {
        "nombre": "Pressure blue bed sister dream cut summer.",
        "apellidos": "Technology lawyer draw go.",
        "puesto": "FR",
        "sueldo": 0.4915702106635358,
        "observaciones": "Remain thought beautiful without I same possible. Process market beautiful stock. Wish option require might he southern.",
        "id_estacion": [
            13,
            17
        ],
        "jefe": [
            2,
            16
        ]
    }
},
{
    "model": "ITV.trabajador",
    "pk": 19,
    "fields": {
        "nombre": "Reveal green trade strong system weight employee.",
        "apellidos": "Until try young high on smile weight price.",
        "puesto": "EM",
        "sueldo": 0.6727701741781174,
        "observaciones": "Career game service president pass. Scientist structure contain into image about.\nStill policy share turn expert major worker analysis. Indeed might especially two read water office.",
        "id_estacion": [
            5,
            10,
            11
        ],
        "jefe": [
            3
        ]
    }
},
{
    "model": "ITV.trabajador",
    "pk": 20,
    "fields": {
        "nombre": "My question buy direction.",
        "apellidos": "Take be son to.",
        "puesto": "FR",
        "sueldo": 0.9543612224870207,
        "observaciones": "Unit move line box pretty watch study I. Now day agree. Project appear responsibility nice candidate situation simply painting.",
        "id_estacion": [
            5,
            19
        ],
        "jefe": [
            2,
            4,
            7,
            15
        ]
    }
},
{
    "model": "ITV.vehiculo",
    "pk": 1,
    "fields": {
        "fecha_matriculacion": "1982-04-10",
        "marca": "Already building job chair owner.",
        "modelo": "Treat someone during north woman.",
        "numero_bastidor": "Occur tough draw.",
        "tipo_vehiculo": "furg",
        "cilindrada": -30010,
        "potencia": -12724,
        "combustible": "gnv",
        "mma": 20653,
        "asientos": 13659,
        "ejes": 30248,
        "dni_propietario": "Hotel.",
        "matricula": "Court."
    }
},
{
    "model": "ITV.vehiculo",
    "pk": 2,
    "fields": {
        "fecha_matriculacion": "2008-08-21",
        "marca": "Hair someone program future source.",
        "modelo": "Leader election despite take place.",
        "numero_bastidor": "Standard during.",
        "tipo_vehiculo": "cam",
        "cilindrada": 16114,
        "potencia": -1003,
        "combustible": "die",
        "mma": 2554,
        "asientos": 16847,
        "ejes": 14567,
        "dni_propietario": "Attorney.",
        "matricula": "Yet."
    }
},
{
    "model": "ITV.vehiculo",
    "pk": 3,
    "fields": {
        "fecha_matriculacion": "1978-03-01",
        "marca": "On policy continue different term account oil.",
        "modelo": "Knowledge send security by education risk.",
        "numero_bastidor": "War red middle.",
        "tipo_vehiculo": "tracto",
        "cilindrada": -3338,
        "potencia": 27156,
        "combustible": "gnv",
        "mma": 3985,
        "asientos": 25150,
        "ejes": 13726,
        "dni_propietario": "Wall.",
        "matricula": "Writer."
    }
},
{
    "model": "ITV.vehiculo",
    "pk": 4,
    "fields": {
        "fecha_matriculacion": "2016-08-06",
        "marca": "Avoid condition TV music.",
        "modelo": "Really argue new night citizen late.",
        "numero_bastidor": "Particular cut.",
        "tipo_vehiculo": "furg",
        "cilindrada": -10940,
        "potencia": -23901,
        "combustible": "gnv",
        "mma": 3039,
        "asientos": 12175,
        "ejes": 7452,
        "dni_propietario": "Require.",
        "matricula": "Tax."
    }
},
{
    "model": "ITV.vehiculo",
    "pk": 5,
    "fields": {
        "fecha_matriculacion": "2000-05-11",
        "marca": "Every all instead strategy.",
        "modelo": "Against bring may member without.",
        "numero_bastidor": "Decide fly.",
        "tipo_vehiculo": "bus",
        "cilindrada": 236,
        "potencia": -11574,
        "combustible": "gpl",
        "mma": 21600,
        "asientos": 22968,
        "ejes": 29202,
        "dni_propietario": "Modern.",
        "matricula": "Energy."
    }
},
{
    "model": "ITV.vehiculo",
    "pk": 6,
    "fields": {
        "fecha_matriculacion": "2022-01-14",
        "marca": "Quite manager successful.",
        "modelo": "Center provide sister although big lead guess.",
        "numero_bastidor": "Space town ahead.",
        "tipo_vehiculo": "tur",
        "cilindrada": -31791,
        "potencia": 30337,
        "combustible": "ele",
        "mma": 8002,
        "asientos": 17543,
        "ejes": 7750,
        "dni_propietario": "Return.",
        "matricula": "All."
    }
},
{
    "model": "ITV.vehiculo",
    "pk": 7,
    "fields": {
        "fecha_matriculacion": "2021-06-01",
        "marca": "Foot interview myself skill range from.",
        "modelo": "Entire leave member hear.",
        "numero_bastidor": "Crime sort way.",
        "tipo_vehiculo": "cam",
        "cilindrada": -21208,
        "potencia": 29618,
        "combustible": "gas",
        "mma": 27467,
        "asientos": 23378,
        "ejes": 6076,
        "dni_propietario": "Subject.",
        "matricula": "Wrong."
    }
},
{
    "model": "ITV.vehiculo",
    "pk": 8,
    "fields": {
        "fecha_matriculacion": "1979-12-08",
        "marca": "Throughout approach civil hour.",
        "modelo": "Notice best employee side.",
        "numero_bastidor": "Mean true new.",
        "tipo_vehiculo": "tur",
        "cilindrada": -21151,
        "potencia": 31502,
        "combustible": "hib",
        "mma": 6696,
        "asientos": 29629,
        "ejes": 15983,
        "dni_propietario": "Land.",
        "matricula": "Entire."
    }
},
{
    "model": "ITV.vehiculo",
    "pk": 9,
    "fields": {
        "fecha_matriculacion": "1979-12-07",
        "marca": "Pull imagine central speak give.",
        "modelo": "Beat itself about drop.",
        "numero_bastidor": "Bed teach member.",
        "tipo_vehiculo": "cam",
        "cilindrada": -776,
        "potencia": 912,
        "combustible": "hib",
        "mma": 17774,
        "asientos": 24054,
        "ejes": 7170,
        "dni_propietario": "Back.",
        "matricula": "Treat."
    }
},
{
    "model": "ITV.vehiculo",
    "pk": 10,
    "fields": {
        "fecha_matriculacion": "2021-03-18",
        "marca": "Audience deep age.",
        "modelo": "Until just teacher guess agency color school.",
        "numero_bastidor": "Save finish.",
        "tipo_vehiculo": "tur",
        "cilindrada": -26065,
        "potencia": -5836,
        "combustible": "die",
        "mma": 9091,
        "asientos": 20059,
        "ejes": 5860,
        "dni_propietario": "Indeed.",
        "matricula": "Long."
    }
},
{
    "model": "ITV.vehiculo",
    "pk": 11,
    "fields": {
        "fecha_matriculacion": "2020-01-21",
        "marca": "Hospital left where season dinner person.",
        "modelo": "Think sea painting.",
        "numero_bastidor": "Realize build.",
        "tipo_vehiculo": "moto",
        "cilindrada": 24105,
        "potencia": 32459,
        "combustible": "gpl",
        "mma": 11212,
        "asientos": 24772,
        "ejes": 15765,
        "dni_propietario": "Cell.",
        "matricula": "Dinner."
    }
},
{
    "model": "ITV.vehiculo",
    "pk": 12,
    "fields": {
        "fecha_matriculacion": "1975-07-11",
        "marca": "Campaign project difficult responsibility.",
        "modelo": "Product teacher receive administration.",
        "numero_bastidor": "Father machine.",
        "tipo_vehiculo": "tracto",
        "cilindrada": -7474,
        "potencia": -10207,
        "combustible": "gnv",
        "mma": 23218,
        "asientos": 25328,
        "ejes": 20555,
        "dni_propietario": "Around.",
        "matricula": "Best."
    }
},
{
    "model": "ITV.vehiculo",
    "pk": 13,
    "fields": {
        "fecha_matriculacion": "1981-12-12",
        "marca": "Worry hold far.",
        "modelo": "Trial perform prepare relate clearly.",
        "numero_bastidor": "Parent five.",
        "tipo_vehiculo": "quad",
        "cilindrada": -31633,
        "potencia": 22912,
        "combustible": "gnv",
        "mma": 22636,
        "asientos": 2880,
        "ejes": 25409,
        "dni_propietario": "Federal.",
        "matricula": "Know."
    }
},
{
    "model": "ITV.vehiculo",
    "pk": 14,
    "fields": {
        "fecha_matriculacion": "2002-01-07",
        "marca": "Wait hit its next.",
        "modelo": "Claim begin order hear model.",
        "numero_bastidor": "Rate easy much.",
        "tipo_vehiculo": "tracto",
        "cilindrada": 27259,
        "potencia": 9383,
        "combustible": "ele",
        "mma": 22897,
        "asientos": 30124,
        "ejes": 3199,
        "dni_propietario": "Score.",
        "matricula": "Mother."
    }
},
{
    "model": "ITV.vehiculo",
    "pk": 15,
    "fields": {
        "fecha_matriculacion": "1984-12-04",
        "marca": "Space car garden happen like fine claim.",
        "modelo": "Better all try character.",
        "numero_bastidor": "Federal several.",
        "tipo_vehiculo": "cam",
        "cilindrada": -5483,
        "potencia": 26695,
        "combustible": "gpl",
        "mma": 14085,
        "asientos": 31224,
        "ejes": 28503,
        "dni_propietario": "Area.",
        "matricula": "Above."
    }
},
{
    "model": "ITV.vehiculo",
    "pk": 16,
    "fields": {
        "fecha_matriculacion": "1977-04-02",
        "marca": "Little as set official statement already.",
        "modelo": "Statement shoulder increase pressure firm.",
        "numero_bastidor": "Through data.",
        "tipo_vehiculo": "tur",
        "cilindrada": 10240,
        "potencia": -23139,
        "combustible": "hib",
        "mma": 19218,
        "asientos": 21869,
        "ejes": 20501,
        "dni_propietario": "Poor.",
        "matricula": "Whom."
    }
},
{
    "model": "ITV.vehiculo",
    "pk": 17,
    "fields": {
        "fecha_matriculacion": "2005-06-20",
        "marca": "Anyone safe picture history look plant trial.",
        "modelo": "Group military window yeah.",
        "numero_bastidor": "Two defense.",
        "tipo_vehiculo": "cam",
        "cilindrada": -25722,
        "potencia": -2193,
        "combustible": "gas",
        "mma": 25329,
        "asientos": 754,
        "ejes": 4383,
        "dni_propietario": "Such yes.",
        "matricula": "Space."
    }
},
{
    "model": "ITV.vehiculo",
    "pk": 18,
    "fields": {
        "fecha_matriculacion": "2002-08-30",
        "marca": "Rest involve create rock.",
        "modelo": "Hit Congress condition design something I.",
        "numero_bastidor": "It speak perhaps.",
        "tipo_vehiculo": "tur",
        "cilindrada": 23371,
        "potencia": 20999,
        "combustible": "gnv",
        "mma": 25480,
        "asientos": 20259,
        "ejes": 30822,
        "dni_propietario": "Offer.",
        "matricula": "Ask."
    }
},
{
    "model": "ITV.vehiculo",
    "pk": 19,
    "fields": {
        "fecha_matriculacion": "1997-04-23",
        "marca": "Idea law note.",
        "modelo": "Whole really threat party worry education last.",
        "numero_bastidor": "Decide turn else.",
        "tipo_vehiculo": "quad",
        "cilindrada": 24350,
        "potencia": -12118,
        "combustible": "gas",
        "mma": 4176,
        "asientos": 5367,
        "ejes": 286,
        "dni_propietario": "Close.",
        "matricula": "Night."
    }
},
{
    "model": "ITV.vehiculo",
    "pk": 20,
    "fields": {
        "fecha_matriculacion": "1979-10-03",
        "marca": "Doctor mother treatment.",
        "modelo": "Section those camera act.",
        "numero_bastidor": "The wide action.",
        "tipo_vehiculo": "moto",
        "cilindrada": 25087,
        "potencia": -4376,
        "combustible": "gas",
        "mma": 25911,
        "asientos": 23345,
        "ejes": 26994,
        "dni_propietario": "Low.",
        "matricula": "Maybe."
    }
},
{
    "model": "ITV.inspeccion",
    "pk": 1,
    "fields": {
        "trabajador": 18,
        "vehiculo": 1,
        "fecha_inspeccion": "2024-10-19",
        "resultado_inspeccion": "",
        "notas_inspeccion": "",
        "cliente_puntual": true
    }
},
{
    "model": "ITV.inspeccion",
    "pk": 2,
    "fields": {
        "trabajador": 13,
        "vehiculo": 1,
        "fecha_inspeccion": "2024-10-19",
        "resultado_inspeccion": "",
        "notas_inspeccion": "",
        "cliente_puntual": true
    }
},
{
    "model": "ITV.inspeccion",
    "pk": 3,
    "fields": {
        "trabajador": 1,
        "vehiculo": 1,
        "fecha_inspeccion": "2024-10-19",
        "resultado_inspeccion": "",
        "notas_inspeccion": "",
        "cliente_puntual": true
    }
},
{
    "model": "ITV.inspeccion",
    "pk": 4,
    "fields": {
        "trabajador": 3,
        "vehiculo": 2,
        "fecha_inspeccion": "2024-10-19",
        "resultado_inspeccion": "",
        "notas_inspeccion": "",
        "cliente_puntual": true
    }
},
{
    "model": "ITV.inspeccion",
    "pk": 5,
    "fields": {
        "trabajador": 9,
        "vehiculo": 2,
        "fecha_inspeccion": "2024-10-19",
        "resultado_inspeccion": "",
        "notas_inspeccion": "",
        "cliente_puntual": true
    }
},
{
    "model": "ITV.inspeccion",
    "pk": 6,
    "fields": {
        "trabajador": 8,
        "vehiculo": 2,
        "fecha_inspeccion": "2024-10-19",
        "resultado_inspeccion": "",
        "notas_inspeccion": "",
        "cliente_puntual": true
    }
},
{
    "model": "ITV.inspeccion",
    "pk": 7,
    "fields": {
        "trabajador": 10,
        "vehiculo": 2,
        "fecha_inspeccion": "2024-10-19",
        "resultado_inspeccion": "",
        "notas_inspeccion": "",
        "cliente_puntual": true
    }
},
{
    "model": "ITV.inspeccion",
    "pk": 8,
    "fields": {
        "trabajador": 7,
        "vehiculo": 3,
        "fecha_inspeccion": "2024-10-19",
        "resultado_inspeccion": "",
        "notas_inspeccion": "",
        "cliente_puntual": true
    }
},
{
    "model": "ITV.inspeccion",
    "pk": 9,
    "fields": {
        "trabajador": 14,
        "vehiculo": 3,
        "fecha_inspeccion": "2024-10-19",
        "resultado_inspeccion": "",
        "notas_inspeccion": "",
        "cliente_puntual": true
    }
},
{
    "model": "ITV.inspeccion",
    "pk": 10,
    "fields": {
        "trabajador": 13,
        "vehiculo": 3,
        "fecha_inspeccion": "2024-10-19",
        "resultado_inspeccion": "",
        "notas_inspeccion": "",
        "cliente_puntual": true
    }
},
{
    "model": "ITV.inspeccion",
    "pk": 11,
    "fields": {
        "trabajador": 15,
        "vehiculo": 3,
        "fecha_inspeccion": "2024-10-19",
        "resultado_inspeccion": "",
        "notas_inspeccion": "",
        "cliente_puntual": true
    }
},
{
    "model": "ITV.inspeccion",
    "pk": 12,
    "fields": {
        "trabajador": 12,
        "vehiculo": 4,
        "fecha_inspeccion": "2024-10-19",
        "resultado_inspeccion": "",
        "notas_inspeccion": "",
        "cliente_puntual": true
    }
},
{
    "model": "ITV.inspeccion",
    "pk": 13,
    "fields": {
        "trabajador": 16,
        "vehiculo": 4,
        "fecha_inspeccion": "2024-10-19",
        "resultado_inspeccion": "",
        "notas_inspeccion": "",
        "cliente_puntual": true
    }
},
{
    "model": "ITV.inspeccion",
    "pk": 14,
    "fields": {
        "trabajador": 3,
        "vehiculo": 4,
        "fecha_inspeccion": "2024-10-19",
        "resultado_inspeccion": "",
        "notas_inspeccion": "",
        "cliente_puntual": true
    }
},
{
    "model": "ITV.inspeccion",
    "pk": 15,
    "fields": {
        "trabajador": 4,
        "vehiculo": 4,
        "fecha_inspeccion": "2024-10-19",
        "resultado_inspeccion": "",
        "notas_inspeccion": "",
        "cliente_puntual": true
    }
},
{
    "model": "ITV.inspeccion",
    "pk": 16,
    "fields": {
        "trabajador": 19,
        "vehiculo": 5,
        "fecha_inspeccion": "2024-10-19",
        "resultado_inspeccion": "",
        "notas_inspeccion": "",
        "cliente_puntual": true
    }
},
{
    "model": "ITV.inspeccion",
    "pk": 17,
    "fields": {
        "trabajador": 1,
        "vehiculo": 5,
        "fecha_inspeccion": "2024-10-19",
        "resultado_inspeccion": "",
        "notas_inspeccion": "",
        "cliente_puntual": true
    }
},
{
    "model": "ITV.inspeccion",
    "pk": 18,
    "fields": {
        "trabajador": 10,
        "vehiculo": 6,
        "fecha_inspeccion": "2024-10-19",
        "resultado_inspeccion": "",
        "notas_inspeccion": "",
        "cliente_puntual": true
    }
},
{
    "model": "ITV.inspeccion",
    "pk": 19,
    "fields": {
        "trabajador": 17,
        "vehiculo": 6,
        "fecha_inspeccion": "2024-10-19",
        "resultado_inspeccion": "",
        "notas_inspeccion": "",
        "cliente_puntual": true
    }
},
{
    "model": "ITV.inspeccion",
    "pk": 20,
    "fields": {
        "trabajador": 1,
        "vehiculo": 6,
        "fecha_inspeccion": "2024-10-19",
        "resultado_inspeccion": "",
        "notas_inspeccion": "",
        "cliente_puntual": true
    }
},
{
    "model": "ITV.inspeccion",
    "pk": 21,
    "fields": {
        "trabajador": 12,
        "vehiculo": 6,
        "fecha_inspeccion": "2024-10-19",
        "resultado_inspeccion": "",
        "notas_inspeccion": "",
        "cliente_puntual": true
    }
},
{
    "model": "ITV.inspeccion",
    "pk": 22,
    "fields": {
        "trabajador": 10,
        "vehiculo": 7,
        "fecha_inspeccion": "2024-10-19",
        "resultado_inspeccion": "",
        "notas_inspeccion": "",
        "cliente_puntual": true
    }
},
{
    "model": "ITV.inspeccion",
    "pk": 23,
    "fields": {
        "trabajador": 1,
        "vehiculo": 7,
        "fecha_inspeccion": "2024-10-19",
        "resultado_inspeccion": "",
        "notas_inspeccion": "",
        "cliente_puntual": true
    }
},
{
    "model": "ITV.inspeccion",
    "pk": 24,
    "fields": {
        "trabajador": 7,
        "vehiculo": 7,
        "fecha_inspeccion": "2024-10-19",
        "resultado_inspeccion": "",
        "notas_inspeccion": "",
        "cliente_puntual": true
    }
},
{
    "model": "ITV.inspeccion",
    "pk": 25,
    "fields": {
        "trabajador": 4,
        "vehiculo": 8,
        "fecha_inspeccion": "2024-10-19",
        "resultado_inspeccion": "",
        "notas_inspeccion": "",
        "cliente_puntual": true
    }
},
{
    "model": "ITV.inspeccion",
    "pk": 26,
    "fields": {
        "trabajador": 8,
        "vehiculo": 8,
        "fecha_inspeccion": "2024-10-19",
        "resultado_inspeccion": "",
        "notas_inspeccion": "",
        "cliente_puntual": true
    }
},
{
    "model": "ITV.inspeccion",
    "pk": 27,
    "fields": {
        "trabajador": 9,
        "vehiculo": 8,
        "fecha_inspeccion": "2024-10-19",
        "resultado_inspeccion": "",
        "notas_inspeccion": "",
        "cliente_puntual": true
    }
},
{
    "model": "ITV.inspeccion",
    "pk": 28,
    "fields": {
        "trabajador": 14,
        "vehiculo": 8,
        "fecha_inspeccion": "2024-10-19",
        "resultado_inspeccion": "",
        "notas_inspeccion": "",
        "cliente_puntual": true
    }
},
{
    "model": "ITV.inspeccion",
    "pk": 29,
    "fields": {
        "trabajador": 5,
        "vehiculo": 8,
        "fecha_inspeccion": "2024-10-19",
        "resultado_inspeccion": "",
        "notas_inspeccion": "",
        "cliente_puntual": true
    }
},
{
    "model": "ITV.inspeccion",
    "pk": 30,
    "fields": {
        "trabajador": 20,
        "vehiculo": 9,
        "fecha_inspeccion": "2024-10-19",
        "resultado_inspeccion": "",
        "notas_inspeccion": "",
        "cliente_puntual": true
    }
},
{
    "model": "ITV.inspeccion",
    "pk": 31,
    "fields": {
        "trabajador": 9,
        "vehiculo": 9,
        "fecha_inspeccion": "2024-10-19",
        "resultado_inspeccion": "",
        "notas_inspeccion": "",
        "cliente_puntual": true
    }
},
{
    "model": "ITV.inspeccion",
    "pk": 32,
    "fields": {
        "trabajador": 7,
        "vehiculo": 9,
        "fecha_inspeccion": "2024-10-19",
        "resultado_inspeccion": "",
        "notas_inspeccion": "",
        "cliente_puntual": true
    }
},
{
    "model": "ITV.inspeccion",
    "pk": 33,
    "fields": {
        "trabajador": 3,
        "vehiculo": 9,
        "fecha_inspeccion": "2024-10-19",
        "resultado_inspeccion": "",
        "notas_inspeccion": "",
        "cliente_puntual": true
    }
},
{
    "model": "ITV.inspeccion",
    "pk": 34,
    "fields": {
        "trabajador": 12,
        "vehiculo": 9,
        "fecha_inspeccion": "2024-10-19",
        "resultado_inspeccion": "",
        "notas_inspeccion": "",
        "cliente_puntual": true
    }
},
{
    "model": "ITV.inspeccion",
    "pk": 35,
    "fields": {
        "trabajador": 10,
        "vehiculo": 10,
        "fecha_inspeccion": "2024-10-19",
        "resultado_inspeccion": "",
        "notas_inspeccion": "",
        "cliente_puntual": true
    }
},
{
    "model": "ITV.inspeccion",
    "pk": 36,
    "fields": {
        "trabajador": 14,
        "vehiculo": 11,
        "fecha_inspeccion": "2024-10-19",
        "resultado_inspeccion": "",
        "notas_inspeccion": "",
        "cliente_puntual": true
    }
},
{
    "model": "ITV.inspeccion",
    "pk": 37,
    "fields": {
        "trabajador": 19,
        "vehiculo": 12,
        "fecha_inspeccion": "2024-10-19",
        "resultado_inspeccion": "",
        "notas_inspeccion": "",
        "cliente_puntual": true
    }
},
{
    "model": "ITV.inspeccion",
    "pk": 38,
    "fields": {
        "trabajador": 15,
        "vehiculo": 13,
        "fecha_inspeccion": "2024-10-19",
        "resultado_inspeccion": "",
        "notas_inspeccion": "",
        "cliente_puntual": true
    }
},
{
    "model": "ITV.inspeccion",
    "pk": 39,
    "fields": {
        "trabajador": 9,
        "vehiculo": 13,
        "fecha_inspeccion": "2024-10-19",
        "resultado_inspeccion": "",
        "notas_inspeccion": "",
        "cliente_puntual": true
    }
},
{
    "model": "ITV.inspeccion",
    "pk": 40,
    "fields": {
        "trabajador": 17,
        "vehiculo": 13,
        "fecha_inspeccion": "2024-10-19",
        "resultado_inspeccion": "",
        "notas_inspeccion": "",
        "cliente_puntual": true
    }
},
{
    "model": "ITV.inspeccion",
    "pk": 41,
    "fields": {
        "trabajador": 16,
        "vehiculo": 14,
        "fecha_inspeccion": "2024-10-19",
        "resultado_inspeccion": "",
        "notas_inspeccion": "",
        "cliente_puntual": true
    }
},
{
    "model": "ITV.inspeccion",
    "pk": 42,
    "fields": {
        "trabajador": 13,
        "vehiculo": 14,
        "fecha_inspeccion": "2024-10-19",
        "resultado_inspeccion": "",
        "notas_inspeccion": "",
        "cliente_puntual": true
    }
},
{
    "model": "ITV.inspeccion",
    "pk": 43,
    "fields": {
        "trabajador": 1,
        "vehiculo": 14,
        "fecha_inspeccion": "2024-10-19",
        "resultado_inspeccion": "",
        "notas_inspeccion": "",
        "cliente_puntual": true
    }
},
{
    "model": "ITV.inspeccion",
    "pk": 44,
    "fields": {
        "trabajador": 3,
        "vehiculo": 15,
        "fecha_inspeccion": "2024-10-19",
        "resultado_inspeccion": "",
        "notas_inspeccion": "",
        "cliente_puntual": true
    }
},
{
    "model": "ITV.inspeccion",
    "pk": 45,
    "fields": {
        "trabajador": 20,
        "vehiculo": 15,
        "fecha_inspeccion": "2024-10-19",
        "resultado_inspeccion": "",
        "notas_inspeccion": "",
        "cliente_puntual": true
    }
},
{
    "model": "ITV.inspeccion",
    "pk": 46,
    "fields": {
        "trabajador": 17,
        "vehiculo": 15,
        "fecha_inspeccion": "2024-10-19",
        "resultado_inspeccion": "",
        "notas_inspeccion": "",
        "cliente_puntual": true
    }
},
{
    "model": "ITV.inspeccion",
    "pk": 47,
    "fields": {
        "trabajador": 5,
        "vehiculo": 16,
        "fecha_inspeccion": "2024-10-19",
        "resultado_inspeccion": "",
        "notas_inspeccion": "",
        "cliente_puntual": true
    }
},
{
    "model": "ITV.inspeccion",
    "pk": 48,
    "fields": {
        "trabajador": 16,
        "vehiculo": 16,
        "fecha_inspeccion": "2024-10-19",
        "resultado_inspeccion": "",
        "notas_inspeccion": "",
        "cliente_puntual": true
    }
},
{
    "model": "ITV.inspeccion",
    "pk": 49,
    "fields": {
        "trabajador": 15,
        "vehiculo": 16,
        "fecha_inspeccion": "2024-10-19",
        "resultado_inspeccion": "",
        "notas_inspeccion": "",
        "cliente_puntual": true
    }
},
{
    "model": "ITV.inspeccion",
    "pk": 50,
    "fields": {
        "trabajador": 2,
        "vehiculo": 16,
        "fecha_inspeccion": "2024-10-19",
        "resultado_inspeccion": "",
        "notas_inspeccion": "",
        "cliente_puntual": true
    }
},
{
    "model": "ITV.inspeccion",
    "pk": 51,
    "fields": {
        "trabajador": 1,
        "vehiculo": 16,
        "fecha_inspeccion": "2024-10-19",
        "resultado_inspeccion": "",
        "notas_inspeccion": "",
        "cliente_puntual": true
    }
},
{
    "model": "ITV.inspeccion",
    "pk": 52,
    "fields": {
        "trabajador": 19,
        "vehiculo": 17,
        "fecha_inspeccion": "2024-10-19",
        "resultado_inspeccion": "",
        "notas_inspeccion": "",
        "cliente_puntual": true
    }
},
{
    "model": "ITV.inspeccion",
    "pk": 53,
    "fields": {
        "trabajador": 19,
        "vehiculo": 18,
        "fecha_inspeccion": "2024-10-19",
        "resultado_inspeccion": "",
        "notas_inspeccion": "",
        "cliente_puntual": true
    }
},
{
    "model": "ITV.inspeccion",
    "pk": 54,
    "fields": {
        "trabajador": 7,
        "vehiculo": 18,
        "fecha_inspeccion": "2024-10-19",
        "resultado_inspeccion": "",
        "notas_inspeccion": "",
        "cliente_puntual": true
    }
},
{
    "model": "ITV.inspeccion",
    "pk": 55,
    "fields": {
        "trabajador": 3,
        "vehiculo": 18,
        "fecha_inspeccion": "2024-10-19",
        "resultado_inspeccion": "",
        "notas_inspeccion": "",
        "cliente_puntual": true
    }
},
{
    "model": "ITV.inspeccion",
    "pk": 56,
    "fields": {
        "trabajador": 16,
        "vehiculo": 18,
        "fecha_inspeccion": "2024-10-19",
        "resultado_inspeccion": "",
        "notas_inspeccion": "",
        "cliente_puntual": true
    }
},
{
    "model": "ITV.inspeccion",
    "pk": 57,
    "fields": {
        "trabajador": 10,
        "vehiculo": 19,
        "fecha_inspeccion": "2024-10-19",
        "resultado_inspeccion": "",
        "notas_inspeccion": "",
        "cliente_puntual": true
    }
},
{
    "model": "ITV.inspeccion",
    "pk": 58,
    "fields": {
        "trabajador": 8,
        "vehiculo": 19,
        "fecha_inspeccion": "2024-10-19",
        "resultado_inspeccion": "",
        "notas_inspeccion": "",
        "cliente_puntual": true
    }
},
{
    "model": "ITV.inspeccion",
    "pk": 59,
    "fields": {
        "trabajador": 12,
        "vehiculo": 19,
        "fecha_inspeccion": "2024-10-19",
        "resultado_inspeccion": "",
        "notas_inspeccion": "",
        "cliente_puntual": true
    }
},
{
    "model": "ITV.inspeccion",
    "pk": 60,
    "fields": {
        "trabajador": 13,
        "vehiculo": 19,
        "fecha_inspeccion": "2024-10-19",
        "resultado_inspeccion": "",
        "notas_inspeccion": "",
        "cliente_puntual": true
    }
},
{
    "model": "ITV.inspeccion",
    "pk": 61,
    "fields": {
        "trabajador": 2,
        "vehiculo": 20,
        "fecha_inspeccion": "2024-10-19",
        "resultado_inspeccion": "",
        "notas_inspeccion": "",
        "cliente_puntual": true
    }
},
{
    "model": "ITV.inspeccion",
    "pk": 62,
    "fields": {
        "trabajador": 13,
        "vehiculo": 10,
        "fecha_inspeccion": "2024-10-19",
        "resultado_inspeccion": "So life both. Onto government several feel contain.",
        "notas_inspeccion": "Alone add like spring fall piece prepare drug. Mother court stuff set laugh building television. With knowledge way account across college expect. Best voice like key.",
        "cliente_puntual": true
    }
},
{
    "model": "ITV.inspeccion",
    "pk": 63,
    "fields": {
        "trabajador": 12,
        "vehiculo": 13,
        "fecha_inspeccion": "2024-10-19",
        "resultado_inspeccion": "True physical drop daughter network. Civil into body civil cell price name. Low mother one.",
        "notas_inspeccion": "Compare protect knowledge necessary. Professor can rich support suggest hold me.",
        "cliente_puntual": true
    }
},
{
    "model": "ITV.inspeccion",
    "pk": 64,
    "fields": {
        "trabajador": 7,
        "vehiculo": 19,
        "fecha_inspeccion": "2024-10-19",
        "resultado_inspeccion": "Mouth well which rather. Lot skin move. Later forget fill memory.",
        "notas_inspeccion": "Central together west bill.\nMove professor suggest live. A least international difficult.\nAgent radio improve big modern feeling off. Example woman case will really market.",
        "cliente_puntual": true
    }
},
{
    "model": "ITV.inspeccion",
    "pk": 65,
    "fields": {
        "trabajador": 19,
        "vehiculo": 9,
        "fecha_inspeccion": "2024-10-19",
        "resultado_inspeccion": "Or card camera best.\nJust effect fear story. Him every how simply government.",
        "notas_inspeccion": "Wide that leave already. Professional international protect audience street measure.\nLet speak bank. Determine issue major begin full fish.",
        "cliente_puntual": true
    }
},
{
    "model": "ITV.inspeccion",
    "pk": 66,
    "fields": {
        "trabajador": 5,
        "vehiculo": 13,
        "fecha_inspeccion": "2024-10-19",
        "resultado_inspeccion": "Of young size. Throw future single some us fill. Room plant mention century.",
        "notas_inspeccion": "Life attention offer affect campaign message.\nEvent across impact after go economy lose.\nReason them product anyone. Stock part feel federal. Mr movie state candidate trouble heavy.",
        "cliente_puntual": true
    }
},
{
    "model": "ITV.inspeccion",
    "pk": 67,
    "fields": {
        "trabajador": 14,
        "vehiculo": 14,
        "fecha_inspeccion": "2024-10-19",
        "resultado_inspeccion": "Main consumer I suffer leg. Point administration sea attorney structure box animal.",
        "notas_inspeccion": "World window increase size young director suffer. Cold former project grow when support. Add special resource.",
        "cliente_puntual": true
    }
},
{
    "model": "ITV.inspeccion",
    "pk": 68,
    "fields": {
        "trabajador": 13,
        "vehiculo": 14,
        "fecha_inspeccion": "2024-10-19",
        "resultado_inspeccion": "Far result thus house focus. Behind catch thus material.",
        "notas_inspeccion": "She I firm friend. Education party people theory example. Nearly evidence than give sea.\nProve science certainly. Soon loss scientist continue growth authority.",
        "cliente_puntual": true
    }
},
{
    "model": "ITV.inspeccion",
    "pk": 69,
    "fields": {
        "trabajador": 2,
        "vehiculo": 5,
        "fecha_inspeccion": "2024-10-19",
        "resultado_inspeccion": "Practice then front. Admit dog behind option across.",
        "notas_inspeccion": "Yet still within read finally remember. Child stand information old argue. Article per personal step.",
        "cliente_puntual": true
    }
},
{
    "model": "ITV.inspeccion",
    "pk": 70,
    "fields": {
        "trabajador": 14,
        "vehiculo": 6,
        "fecha_inspeccion": "2024-10-19",
        "resultado_inspeccion": "Into catch show way them visit property star. Worker sister yet bar city.",
        "notas_inspeccion": "Create thought option job back sit technology. Every police buy at among occur.\nMovement candidate material reduce our.",
        "cliente_puntual": true
    }
},
{
    "model": "ITV.inspeccion",
    "pk": 71,
    "fields": {
        "trabajador": 17,
        "vehiculo": 15,
        "fecha_inspeccion": "2024-10-19",
        "resultado_inspeccion": "Politics almost quickly theory total strategy. Once a newspaper trip.",
        "notas_inspeccion": "President build college official. Dinner prevent ago firm. Summer national wind bank.\nHouse campaign finish source reveal hour class newspaper. Deep least born.",
        "cliente_puntual": true
    }
},
{
    "model": "ITV.inspeccion",
    "pk": 72,
    "fields": {
        "trabajador": 15,
        "vehiculo": 14,
        "fecha_inspeccion": "2024-10-19",
        "resultado_inspeccion": "Floor including lay friend network.",
        "notas_inspeccion": "Power form past make trouble light home. Rest anyone into collection. Know experience international serious.\nDevelop shake sure per your this street. Authority bad third or lay political.",
        "cliente_puntual": true
    }
},
{
    "model": "ITV.inspeccion",
    "pk": 73,
    "fields": {
        "trabajador": 13,
        "vehiculo": 18,
        "fecha_inspeccion": "2024-10-19",
        "resultado_inspeccion": "Station issue light off represent.",
        "notas_inspeccion": "Speak establish institution like thank cover recent. Watch morning performance beautiful agreement authority return decision.",
        "cliente_puntual": true
    }
},
{
    "model": "ITV.inspeccion",
    "pk": 74,
    "fields": {
        "trabajador": 2,
        "vehiculo": 15,
        "fecha_inspeccion": "2024-10-19",
        "resultado_inspeccion": "Capital how sport adult answer. Final more his understand sure. Shoulder girl measure camera.",
        "notas_inspeccion": "Perhaps computer name certain condition real. Government think could camera again kind.\nTv truth so security report. Off recent civil small.\nPeace recent apply particular. Summer either beat bad.",
        "cliente_puntual": true
    }
},
{
    "model": "ITV.inspeccion",
    "pk": 75,
    "fields": {
        "trabajador": 14,
        "vehiculo": 10,
        "fecha_inspeccion": "2024-10-19",
        "resultado_inspeccion": "Instead phone radio style successful lose. Foreign education difficult drive.",
        "notas_inspeccion": "Plant wife they wide nation although person. Step way prove center magazine color.\nSpeech for nor his big painting car all. Magazine do service glass truth skin continue. Since sound minute manager.",
        "cliente_puntual": true
    }
},
{
    "model": "ITV.inspeccion",
    "pk": 76,
    "fields": {
        "trabajador": 5,
        "vehiculo": 10,
        "fecha_inspeccion": "2024-10-19",
        "resultado_inspeccion": "Decide true computer should. Do without finally I. Travel success modern can.",
        "notas_inspeccion": "Maintain probably market anyone strong. Approach central throw bring grow. Remember number sense finish management through.\nIssue before admit attack beautiful.",
        "cliente_puntual": true
    }
},
{
    "model": "ITV.inspeccion",
    "pk": 77,
    "fields": {
        "trabajador": 18,
        "vehiculo": 6,
        "fecha_inspeccion": "2024-10-19",
        "resultado_inspeccion": "Kid tree use politics. Evidence open yourself wish. His popular speak suffer piece.",
        "notas_inspeccion": "Now though recent concern though wrong group win. Black look program.\nHour country of per not. Former fast sister wish forget.",
        "cliente_puntual": true
    }
},
{
    "model": "ITV.inspeccion",
    "pk": 78,
    "fields": {
        "trabajador": 1,
        "vehiculo": 19,
        "fecha_inspeccion": "2024-10-19",
        "resultado_inspeccion": "Care same ask whose official economy eat.",
        "notas_inspeccion": "Must benefit later pattern. Always happy future number land possible role quite.\nFar ground force mind interview my. Apply important he standard.",
        "cliente_puntual": true
    }
},
{
    "model": "ITV.inspeccion",
    "pk": 79,
    "fields": {
        "trabajador": 5,
        "vehiculo": 14,
        "fecha_inspeccion": "2024-10-19",
        "resultado_inspeccion": "Born exist hotel along my himself. Pressure American plan.",
        "notas_inspeccion": "Allow even somebody.\nPresident forward nature between trouble long understand east. Truth condition south something.\nBe lawyer yeah southern cost month poor deep. Really offer road.",
        "cliente_puntual": true
    }
},
{
    "model": "ITV.inspeccion",
    "pk": 80,
    "fields": {
        "trabajador": 12,
        "vehiculo": 17,
        "fecha_inspeccion": "2024-10-19",
        "resultado_inspeccion": "Option easy carry stop. Far song under western among room however late.",
        "notas_inspeccion": "Race right see view letter high. Explain state young size. Happen magazine discussion right system station.",
        "cliente_puntual": true
    }
},
{
    "model": "ITV.inspeccion",
    "pk": 81,
    "fields": {
        "trabajador": 4,
        "vehiculo": 17,
        "fecha_inspeccion": "2024-10-19",
        "resultado_inspeccion": "Nature mother save dinner begin.",
        "notas_inspeccion": "Theory enough range spend. Nearly several social send. Keep specific visit consider.",
        "cliente_puntual": true
    }
},
{
    "model": "ITV.factura",
    "pk": 1,
    "fields": {
        "id_inspeccion": 67,
        "resultado": 69,
        "importe": "0.34",
        "pagado": true,
        "fecha_emision_factura": "2024-10-19",
        "observaciones": "Long everybody offer meet after ten thing. When next make him position. Eight message concern us who.\nFor crime television personal ever. Sit staff home population maintain beat administration."
    }
},
{
    "model": "ITV.factura",
    "pk": 2,
    "fields": {
        "id_inspeccion": 62,
        "resultado": 70,
        "importe": "0.96",
        "pagado": false,
        "fecha_emision_factura": "2024-10-19",
        "observaciones": "Approach main suffer war edge. Best area evening memory front focus. Watch truth daughter week."
    }
},
{
    "model": "ITV.factura",
    "pk": 3,
    "fields": {
        "id_inspeccion": 64,
        "resultado": 63,
        "importe": "0.58",
        "pagado": false,
        "fecha_emision_factura": "2024-10-19",
        "observaciones": "Remember network human me order. Old charge question across. Region author evening spring.\nToward mean government white table next memory. Traditional trip tend those despite process fire."
    }
},
{
    "model": "ITV.factura",
    "pk": 4,
    "fields": {
        "id_inspeccion": 66,
        "resultado": 72,
        "importe": "0.45",
        "pagado": true,
        "fecha_emision_factura": "2024-10-19",
        "observaciones": "Yeah production human social design manage. City section pass southern. Half people trouble.\nShoulder color property indicate week. They pay season major east."
    }
},
{
    "model": "ITV.factura",
    "pk": 5,
    "fields": {
        "id_inspeccion": 72,
        "resultado": 65,
        "importe": "0.45",
        "pagado": false,
        "fecha_emision_factura": "2024-10-19",
        "observaciones": "Above former have score practice. Best need couple. Pass return data ok."
    }
},
{
    "model": "ITV.factura",
    "pk": 6,
    "fields": {
        "id_inspeccion": 77,
        "resultado": 81,
        "importe": "0.09",
        "pagado": false,
        "fecha_emision_factura": "2024-10-19",
        "observaciones": "Common south develop those sea may spend.\nHappen raise attorney call cell bill. Decade over field goal example."
    }
},
{
    "model": "ITV.factura",
    "pk": 7,
    "fields": {
        "id_inspeccion": 68,
        "resultado": 79,
        "importe": "0.34",
        "pagado": false,
        "fecha_emision_factura": "2024-10-19",
        "observaciones": "Best half can another perhaps American expect. Manager ability technology until eight within return top. Scientist record indicate collection trade age concern."
    }
},
{
    "model": "ITV.factura",
    "pk": 8,
    "fields": {
        "id_inspeccion": 74,
        "resultado": 76,
        "importe": "0.14",
        "pagado": true,
        "fecha_emision_factura": "2024-10-19",
        "observaciones": "Large family want. Skin above expert carry figure ask seem.\nSpecial control heart interesting machine huge. Fish whose decide again fly."
    }
},
{
    "model": "ITV.factura",
    "pk": 9,
    "fields": {
        "id_inspeccion": 65,
        "resultado": 64,
        "importe": "0.78",
        "pagado": false,
        "fecha_emision_factura": "2024-10-19",
        "observaciones": "Ground turn run opportunity. Party near travel trade.\nAccording every page once. Attention mind certain minute agent maintain best. Camera understand voice detail south."
    }
},
{
    "model": "ITV.factura",
    "pk": 10,
    "fields": {
        "id_inspeccion": 63,
        "resultado": 62,
        "importe": "0.54",
        "pagado": true,
        "fecha_emision_factura": "2024-10-19",
        "observaciones": "Deep sort drive a return. Direction system body pay range line force. Successful skill gas herself."
    }
},
{
    "model": "ITV.factura",
    "pk": 11,
    "fields": {
        "id_inspeccion": 80,
        "resultado": 77,
        "importe": "0.35",
        "pagado": false,
        "fecha_emision_factura": "2024-10-19",
        "observaciones": "Own dark term affect. Cultural everyone race record.\nNever must involve right bar above where. Authority degree be. Beyond try walk two really few significant require."
    }
},
{
    "model": "ITV.factura",
    "pk": 12,
    "fields": {
        "id_inspeccion": 81,
        "resultado": 66,
        "importe": "0.64",
        "pagado": false,
        "fecha_emision_factura": "2024-10-19",
        "observaciones": "Price couple community start. Bank father front house.\nSize offer someone bring anything. Teach whole foreign cultural make. Likely tell consumer mention."
    }
},
{
    "model": "ITV.factura",
    "pk": 13,
    "fields": {
        "id_inspeccion": 76,
        "resultado": 73,
        "importe": "0.92",
        "pagado": true,
        "fecha_emision_factura": "2024-10-19",
        "observaciones": "Similar subject others exactly. Yourself technology whatever off notice forget. Catch conference simple fish their."
    }
},
{
    "model": "ITV.factura",
    "pk": 14,
    "fields": {
        "id_inspeccion": 73,
        "resultado": 78,
        "importe": "0.63",
        "pagado": true,
        "fecha_emision_factura": "2024-10-19",
        "observaciones": "Strong about late town begin throughout personal white. Whose myself student so law. Hospital pick though cold cause product.\nDrug part such behind explain. Maybe represent lose."
    }
},
{
    "model": "ITV.factura",
    "pk": 15,
    "fields": {
        "id_inspeccion": 70,
        "resultado": 71,
        "importe": "0.27",
        "pagado": true,
        "fecha_emision_factura": "2024-10-19",
        "observaciones": "Both room direction half record plan game. Life quality say attorney. Per occur purpose single. Chair heart test all.\nFive long again color see budget. Onto weight something industry term."
    }
},
{
    "model": "ITV.factura",
    "pk": 16,
    "fields": {
        "id_inspeccion": 78,
        "resultado": 67,
        "importe": "0.97",
        "pagado": false,
        "fecha_emision_factura": "2024-10-19",
        "observaciones": "Amount property floor you way future professor truth. Relationship on rule democratic everybody. Study news store car personal operation interesting perhaps."
    }
},
{
    "model": "ITV.factura",
    "pk": 17,
    "fields": {
        "id_inspeccion": 75,
        "resultado": 74,
        "importe": "0.88",
        "pagado": false,
        "fecha_emision_factura": "2024-10-19",
        "observaciones": "Child mission shoulder million. Ahead camera now true. Plan interesting next reflect popular seek what.\nIt attorney use go. Floor back station open. Outside through low accept effort."
    }
},
{
    "model": "ITV.factura",
    "pk": 18,
    "fields": {
        "id_inspeccion": 79,
        "resultado": 80,
        "importe": "0.88",
        "pagado": false,
        "fecha_emision_factura": "2024-10-19",
        "observaciones": "Maybe writer smile community entire serious so social. Bit until value list. Inside choose pull.\nToo watch eye usually behavior. Ago court bank white."
    }
},
{
    "model": "ITV.factura",
    "pk": 19,
    "fields": {
        "id_inspeccion": 71,
        "resultado": 68,
        "importe": "0.80",
        "pagado": false,
        "fecha_emision_factura": "2024-10-19",
        "observaciones": "Generation special report challenge. System assume candidate hotel difference particular. Put must suddenly tax century."
    }
},
{
    "model": "ITV.factura",
    "pk": 20,
    "fields": {
        "id_inspeccion": 69,
        "resultado": 75,
        "importe": "0.15",
        "pagado": false,
        "fecha_emision_factura": "2024-10-19",
        "observaciones": "Seek full itself yeah. Stuff thank life develop always. Month part huge how.\nUs Democrat here. Student same once. Later say win quickly fill how. Probably he kid offer dog hot animal."
    }
}
]
