[
{
    "model": "auth.permission",
    "pk": 1,
    "fields": {
        "name": "Can add log entry",
        "content_type": 1,
        "codename": "add_logentry"
    }
},
{
    "model": "auth.permission",
    "pk": 2,
    "fields": {
        "name": "Can change log entry",
        "content_type": 1,
        "codename": "change_logentry"
    }
},
{
    "model": "auth.permission",
    "pk": 3,
    "fields": {
        "name": "Can delete log entry",
        "content_type": 1,
        "codename": "delete_logentry"
    }
},
{
    "model": "auth.permission",
    "pk": 4,
    "fields": {
        "name": "Can view log entry",
        "content_type": 1,
        "codename": "view_logentry"
    }
},
{
    "model": "auth.permission",
    "pk": 5,
    "fields": {
        "name": "Can add permission",
        "content_type": 2,
        "codename": "add_permission"
    }
},
{
    "model": "auth.permission",
    "pk": 6,
    "fields": {
        "name": "Can change permission",
        "content_type": 2,
        "codename": "change_permission"
    }
},
{
    "model": "auth.permission",
    "pk": 7,
    "fields": {
        "name": "Can delete permission",
        "content_type": 2,
        "codename": "delete_permission"
    }
},
{
    "model": "auth.permission",
    "pk": 8,
    "fields": {
        "name": "Can view permission",
        "content_type": 2,
        "codename": "view_permission"
    }
},
{
    "model": "auth.permission",
    "pk": 9,
    "fields": {
        "name": "Can add group",
        "content_type": 3,
        "codename": "add_group"
    }
},
{
    "model": "auth.permission",
    "pk": 10,
    "fields": {
        "name": "Can change group",
        "content_type": 3,
        "codename": "change_group"
    }
},
{
    "model": "auth.permission",
    "pk": 11,
    "fields": {
        "name": "Can delete group",
        "content_type": 3,
        "codename": "delete_group"
    }
},
{
    "model": "auth.permission",
    "pk": 12,
    "fields": {
        "name": "Can view group",
        "content_type": 3,
        "codename": "view_group"
    }
},
{
    "model": "auth.permission",
    "pk": 13,
    "fields": {
        "name": "Can add user",
        "content_type": 4,
        "codename": "add_user"
    }
},
{
    "model": "auth.permission",
    "pk": 14,
    "fields": {
        "name": "Can change user",
        "content_type": 4,
        "codename": "change_user"
    }
},
{
    "model": "auth.permission",
    "pk": 15,
    "fields": {
        "name": "Can delete user",
        "content_type": 4,
        "codename": "delete_user"
    }
},
{
    "model": "auth.permission",
    "pk": 16,
    "fields": {
        "name": "Can view user",
        "content_type": 4,
        "codename": "view_user"
    }
},
{
    "model": "auth.permission",
    "pk": 17,
    "fields": {
        "name": "Can add content type",
        "content_type": 5,
        "codename": "add_contenttype"
    }
},
{
    "model": "auth.permission",
    "pk": 18,
    "fields": {
        "name": "Can change content type",
        "content_type": 5,
        "codename": "change_contenttype"
    }
},
{
    "model": "auth.permission",
    "pk": 19,
    "fields": {
        "name": "Can delete content type",
        "content_type": 5,
        "codename": "delete_contenttype"
    }
},
{
    "model": "auth.permission",
    "pk": 20,
    "fields": {
        "name": "Can view content type",
        "content_type": 5,
        "codename": "view_contenttype"
    }
},
{
    "model": "auth.permission",
    "pk": 21,
    "fields": {
        "name": "Can add session",
        "content_type": 6,
        "codename": "add_session"
    }
},
{
    "model": "auth.permission",
    "pk": 22,
    "fields": {
        "name": "Can change session",
        "content_type": 6,
        "codename": "change_session"
    }
},
{
    "model": "auth.permission",
    "pk": 23,
    "fields": {
        "name": "Can delete session",
        "content_type": 6,
        "codename": "delete_session"
    }
},
{
    "model": "auth.permission",
    "pk": 24,
    "fields": {
        "name": "Can view session",
        "content_type": 6,
        "codename": "view_session"
    }
},
{
    "model": "auth.permission",
    "pk": 25,
    "fields": {
        "name": "Can add cliente",
        "content_type": 7,
        "codename": "add_cliente"
    }
},
{
    "model": "auth.permission",
    "pk": 26,
    "fields": {
        "name": "Can change cliente",
        "content_type": 7,
        "codename": "change_cliente"
    }
},
{
    "model": "auth.permission",
    "pk": 27,
    "fields": {
        "name": "Can delete cliente",
        "content_type": 7,
        "codename": "delete_cliente"
    }
},
{
    "model": "auth.permission",
    "pk": 28,
    "fields": {
        "name": "Can view cliente",
        "content_type": 7,
        "codename": "view_cliente"
    }
},
{
    "model": "auth.permission",
    "pk": 29,
    "fields": {
        "name": "Can add empresa externa",
        "content_type": 8,
        "codename": "add_empresaexterna"
    }
},
{
    "model": "auth.permission",
    "pk": 30,
    "fields": {
        "name": "Can change empresa externa",
        "content_type": 8,
        "codename": "change_empresaexterna"
    }
},
{
    "model": "auth.permission",
    "pk": 31,
    "fields": {
        "name": "Can delete empresa externa",
        "content_type": 8,
        "codename": "delete_empresaexterna"
    }
},
{
    "model": "auth.permission",
    "pk": 32,
    "fields": {
        "name": "Can view empresa externa",
        "content_type": 8,
        "codename": "view_empresaexterna"
    }
},
{
    "model": "auth.permission",
    "pk": 33,
    "fields": {
        "name": "Can add inspeccion",
        "content_type": 9,
        "codename": "add_inspeccion"
    }
},
{
    "model": "auth.permission",
    "pk": 34,
    "fields": {
        "name": "Can change inspeccion",
        "content_type": 9,
        "codename": "change_inspeccion"
    }
},
{
    "model": "auth.permission",
    "pk": 35,
    "fields": {
        "name": "Can delete inspeccion",
        "content_type": 9,
        "codename": "delete_inspeccion"
    }
},
{
    "model": "auth.permission",
    "pk": 36,
    "fields": {
        "name": "Can view inspeccion",
        "content_type": 9,
        "codename": "view_inspeccion"
    }
},
{
    "model": "auth.permission",
    "pk": 37,
    "fields": {
        "name": "Can add local",
        "content_type": 10,
        "codename": "add_local"
    }
},
{
    "model": "auth.permission",
    "pk": 38,
    "fields": {
        "name": "Can change local",
        "content_type": 10,
        "codename": "change_local"
    }
},
{
    "model": "auth.permission",
    "pk": 39,
    "fields": {
        "name": "Can delete local",
        "content_type": 10,
        "codename": "delete_local"
    }
},
{
    "model": "auth.permission",
    "pk": 40,
    "fields": {
        "name": "Can view local",
        "content_type": 10,
        "codename": "view_local"
    }
},
{
    "model": "auth.permission",
    "pk": 41,
    "fields": {
        "name": "Can add cita",
        "content_type": 11,
        "codename": "add_cita"
    }
},
{
    "model": "auth.permission",
    "pk": 42,
    "fields": {
        "name": "Can change cita",
        "content_type": 11,
        "codename": "change_cita"
    }
},
{
    "model": "auth.permission",
    "pk": 43,
    "fields": {
        "name": "Can delete cita",
        "content_type": 11,
        "codename": "delete_cita"
    }
},
{
    "model": "auth.permission",
    "pk": 44,
    "fields": {
        "name": "Can view cita",
        "content_type": 11,
        "codename": "view_cita"
    }
},
{
    "model": "auth.permission",
    "pk": 45,
    "fields": {
        "name": "Can add estacion itv",
        "content_type": 12,
        "codename": "add_estacionitv"
    }
},
{
    "model": "auth.permission",
    "pk": 46,
    "fields": {
        "name": "Can change estacion itv",
        "content_type": 12,
        "codename": "change_estacionitv"
    }
},
{
    "model": "auth.permission",
    "pk": 47,
    "fields": {
        "name": "Can delete estacion itv",
        "content_type": 12,
        "codename": "delete_estacionitv"
    }
},
{
    "model": "auth.permission",
    "pk": 48,
    "fields": {
        "name": "Can view estacion itv",
        "content_type": 12,
        "codename": "view_estacionitv"
    }
},
{
    "model": "auth.permission",
    "pk": 49,
    "fields": {
        "name": "Can add factura",
        "content_type": 13,
        "codename": "add_factura"
    }
},
{
    "model": "auth.permission",
    "pk": 50,
    "fields": {
        "name": "Can change factura",
        "content_type": 13,
        "codename": "change_factura"
    }
},
{
    "model": "auth.permission",
    "pk": 51,
    "fields": {
        "name": "Can delete factura",
        "content_type": 13,
        "codename": "delete_factura"
    }
},
{
    "model": "auth.permission",
    "pk": 52,
    "fields": {
        "name": "Can view factura",
        "content_type": 13,
        "codename": "view_factura"
    }
},
{
    "model": "auth.permission",
    "pk": 53,
    "fields": {
        "name": "Can add maquinaria",
        "content_type": 14,
        "codename": "add_maquinaria"
    }
},
{
    "model": "auth.permission",
    "pk": 54,
    "fields": {
        "name": "Can change maquinaria",
        "content_type": 14,
        "codename": "change_maquinaria"
    }
},
{
    "model": "auth.permission",
    "pk": 55,
    "fields": {
        "name": "Can delete maquinaria",
        "content_type": 14,
        "codename": "delete_maquinaria"
    }
},
{
    "model": "auth.permission",
    "pk": 56,
    "fields": {
        "name": "Can view maquinaria",
        "content_type": 14,
        "codename": "view_maquinaria"
    }
},
{
    "model": "auth.permission",
    "pk": 57,
    "fields": {
        "name": "Can add trabajador",
        "content_type": 15,
        "codename": "add_trabajador"
    }
},
{
    "model": "auth.permission",
    "pk": 58,
    "fields": {
        "name": "Can change trabajador",
        "content_type": 15,
        "codename": "change_trabajador"
    }
},
{
    "model": "auth.permission",
    "pk": 59,
    "fields": {
        "name": "Can delete trabajador",
        "content_type": 15,
        "codename": "delete_trabajador"
    }
},
{
    "model": "auth.permission",
    "pk": 60,
    "fields": {
        "name": "Can view trabajador",
        "content_type": 15,
        "codename": "view_trabajador"
    }
},
{
    "model": "auth.permission",
    "pk": 61,
    "fields": {
        "name": "Can add vehiculo",
        "content_type": 16,
        "codename": "add_vehiculo"
    }
},
{
    "model": "auth.permission",
    "pk": 62,
    "fields": {
        "name": "Can change vehiculo",
        "content_type": 16,
        "codename": "change_vehiculo"
    }
},
{
    "model": "auth.permission",
    "pk": 63,
    "fields": {
        "name": "Can delete vehiculo",
        "content_type": 16,
        "codename": "delete_vehiculo"
    }
},
{
    "model": "auth.permission",
    "pk": 64,
    "fields": {
        "name": "Can view vehiculo",
        "content_type": 16,
        "codename": "view_vehiculo"
    }
},
{
    "model": "contenttypes.contenttype",
    "pk": 1,
    "fields": {
        "app_label": "admin",
        "model": "logentry"
    }
},
{
    "model": "contenttypes.contenttype",
    "pk": 2,
    "fields": {
        "app_label": "auth",
        "model": "permission"
    }
},
{
    "model": "contenttypes.contenttype",
    "pk": 3,
    "fields": {
        "app_label": "auth",
        "model": "group"
    }
},
{
    "model": "contenttypes.contenttype",
    "pk": 4,
    "fields": {
        "app_label": "auth",
        "model": "user"
    }
},
{
    "model": "contenttypes.contenttype",
    "pk": 5,
    "fields": {
        "app_label": "contenttypes",
        "model": "contenttype"
    }
},
{
    "model": "contenttypes.contenttype",
    "pk": 6,
    "fields": {
        "app_label": "sessions",
        "model": "session"
    }
},
{
    "model": "contenttypes.contenttype",
    "pk": 7,
    "fields": {
        "app_label": "ITV",
        "model": "cliente"
    }
},
{
    "model": "contenttypes.contenttype",
    "pk": 8,
    "fields": {
        "app_label": "ITV",
        "model": "empresaexterna"
    }
},
{
    "model": "contenttypes.contenttype",
    "pk": 9,
    "fields": {
        "app_label": "ITV",
        "model": "inspeccion"
    }
},
{
    "model": "contenttypes.contenttype",
    "pk": 10,
    "fields": {
        "app_label": "ITV",
        "model": "local"
    }
},
{
    "model": "contenttypes.contenttype",
    "pk": 11,
    "fields": {
        "app_label": "ITV",
        "model": "cita"
    }
},
{
    "model": "contenttypes.contenttype",
    "pk": 12,
    "fields": {
        "app_label": "ITV",
        "model": "estacionitv"
    }
},
{
    "model": "contenttypes.contenttype",
    "pk": 13,
    "fields": {
        "app_label": "ITV",
        "model": "factura"
    }
},
{
    "model": "contenttypes.contenttype",
    "pk": 14,
    "fields": {
        "app_label": "ITV",
        "model": "maquinaria"
    }
},
{
    "model": "contenttypes.contenttype",
    "pk": 15,
    "fields": {
        "app_label": "ITV",
        "model": "trabajador"
    }
},
{
    "model": "contenttypes.contenttype",
    "pk": 16,
    "fields": {
        "app_label": "ITV",
        "model": "vehiculo"
    }
},
{
    "model": "ITV.cliente",
    "pk": 1,
    "fields": {
        "nombre": "Decide light like.",
        "apellidos": "Pretty resource need beyond drug.",
        "sexo": "F",
        "fecha_nacimiento": "2011-05-01",
        "codigo_postal": 2459,
        "domicilio": "Interesting key president network fall just little. Realize behavior where prevent amount deal.",
        "correo": "alangreene@example.org",
        "telefono": 32080,
        "dni": "Model."
    }
},
{
    "model": "ITV.cliente",
    "pk": 2,
    "fields": {
        "nombre": "From lawyer foreign project entire skin.",
        "apellidos": "Expert threat section ask decade light somebody.",
        "sexo": "F",
        "fecha_nacimiento": "2009-10-28",
        "codigo_postal": -707,
        "domicilio": "Election commercial find child require increase. Reflect situation parent year look. Method pressure film artist free network eight.",
        "correo": "ianrodriguez@example.com",
        "telefono": 7755,
        "dni": "Accept."
    }
},
{
    "model": "ITV.cliente",
    "pk": 3,
    "fields": {
        "nombre": "Lose rate direction since owner set dinner.",
        "apellidos": "Scene quite old who. Whose street nice language.",
        "sexo": "M",
        "fecha_nacimiento": "1984-06-04",
        "codigo_postal": 31463,
        "domicilio": "Beyond together agreement challenge everybody defense. Weight agent condition rest world father also simply. Experience federal program catch. Direction chance through tell build left.",
        "correo": "patrickmcdowell@example.org",
        "telefono": 28007,
        "dni": "Adult."
    }
},
{
    "model": "ITV.cliente",
    "pk": 4,
    "fields": {
        "nombre": "Eat central lead from her.",
        "apellidos": "Including thing professor process dream.",
        "sexo": "F",
        "fecha_nacimiento": "1974-02-04",
        "codigo_postal": 21900,
        "domicilio": "Natural color well economic smile although can firm. Case source once center deal.\nOut him door move pass nature. Position study middle hundred. Spring get resource option culture size just.",
        "correo": "douglas51@example.net",
        "telefono": 26555,
        "dni": "Security."
    }
},
{
    "model": "ITV.cliente",
    "pk": 5,
    "fields": {
        "nombre": "Laugh traditional identify sound.",
        "apellidos": "Space us buy lawyer large.",
        "sexo": "M",
        "fecha_nacimiento": "1976-10-23",
        "codigo_postal": -23792,
        "domicilio": "Mrs product doctor drop situation you black candidate. Dream new force serve imagine member.",
        "correo": "sstone@example.org",
        "telefono": 9971,
        "dni": "Herself."
    }
},
{
    "model": "ITV.cliente",
    "pk": 6,
    "fields": {
        "nombre": "Themselves food let quality measure interview.",
        "apellidos": "Compare skin act yeah growth.",
        "sexo": "M",
        "fecha_nacimiento": "2001-09-05",
        "codigo_postal": 5375,
        "domicilio": "Deal realize crime do month upon subject. Give successful degree.\nSeason project again. Message win turn behavior civil movement listen. Where air treatment hot one financial.",
        "correo": "spencerfaith@example.com",
        "telefono": 406,
        "dni": "Total."
    }
},
{
    "model": "ITV.cliente",
    "pk": 7,
    "fields": {
        "nombre": "Become traditional its modern.",
        "apellidos": "Color road power tree those upon than.",
        "sexo": "F",
        "fecha_nacimiento": "1971-09-21",
        "codigo_postal": -11591,
        "domicilio": "Again find notice. Skill test deal nation girl.\nWear certain remember lose notice old care. Available computer source hope check yard.",
        "correo": "hilljacob@example.org",
        "telefono": 4946,
        "dni": "Daughter."
    }
},
{
    "model": "ITV.cliente",
    "pk": 8,
    "fields": {
        "nombre": "Serious machine today be grow stage next.",
        "apellidos": "Water chance if culture phone friend avoid one.",
        "sexo": "M",
        "fecha_nacimiento": "1992-04-10",
        "codigo_postal": 28819,
        "domicilio": "Vote operation mouth candidate police hit. Owner country concern responsibility.\nWar above we find. Later time six middle face school.",
        "correo": "matthew28@example.com",
        "telefono": 2819,
        "dni": "Along."
    }
},
{
    "model": "ITV.cliente",
    "pk": 9,
    "fields": {
        "nombre": "Language not wide woman short theory.",
        "apellidos": "Eat herself itself section protect level letter.",
        "sexo": "F",
        "fecha_nacimiento": "2012-05-06",
        "codigo_postal": -3988,
        "domicilio": "Project recent receive. General affect per wife admit tree. Go executive stock business national order. Talk nation build compare successful order.",
        "correo": "ajohnson@example.org",
        "telefono": 11351,
        "dni": "Because."
    }
},
{
    "model": "ITV.cliente",
    "pk": 10,
    "fields": {
        "nombre": "Physical perhaps true so almost.",
        "apellidos": "Of game air cost. Attack left national knowledge.",
        "sexo": "M",
        "fecha_nacimiento": "1987-10-11",
        "codigo_postal": 24328,
        "domicilio": "Road their black own open serve. Structure mission ask large if like matter.\nHalf table property attack. East anything treatment avoid hotel worry laugh.",
        "correo": "vicki03@example.com",
        "telefono": 13144,
        "dni": "Sea."
    }
},
{
    "model": "ITV.cliente",
    "pk": 11,
    "fields": {
        "nombre": "West like pass yes social citizen.",
        "apellidos": "Training my edge one.",
        "sexo": "F",
        "fecha_nacimiento": "2008-04-12",
        "codigo_postal": 16709,
        "domicilio": "Stage training future coach company true. Expert never stand support culture morning.",
        "correo": "jamesromero@example.org",
        "telefono": 30350,
        "dni": "Culture."
    }
},
{
    "model": "ITV.cliente",
    "pk": 12,
    "fields": {
        "nombre": "Ten citizen sell almost at.",
        "apellidos": "Whole whom off face on will dinner.",
        "sexo": "F",
        "fecha_nacimiento": "1981-07-17",
        "codigo_postal": -772,
        "domicilio": "Bed method yard summer. Production another could community.\nAway rate before describe power when wait. Not ahead movement performance.\nStay event such too check. Order size trip plan growth us hope.",
        "correo": "danielle39@example.org",
        "telefono": 29169,
        "dni": "Increase."
    }
},
{
    "model": "ITV.cliente",
    "pk": 13,
    "fields": {
        "nombre": "Here up deep organization sit act effect.",
        "apellidos": "Item result possible describe say clear.",
        "sexo": "M",
        "fecha_nacimiento": "1977-11-06",
        "codigo_postal": 6958,
        "domicilio": "Would father our response avoid half. Although half hope why.\nKnow news trade final detail. Such you film why.",
        "correo": "zrogers@example.net",
        "telefono": 2244,
        "dni": "Activity."
    }
},
{
    "model": "ITV.cliente",
    "pk": 14,
    "fields": {
        "nombre": "Fight care window despite test.",
        "apellidos": "Society husband sense by notice him daughter.",
        "sexo": "F",
        "fecha_nacimiento": "2018-07-16",
        "codigo_postal": -4657,
        "domicilio": "Stand dinner realize city else born. Research major baby part. Room traditional wait card clearly computer various.",
        "correo": "fmccarthy@example.com",
        "telefono": 27174,
        "dni": "Protect."
    }
},
{
    "model": "ITV.cliente",
    "pk": 15,
    "fields": {
        "nombre": "Begin industry economic hour.",
        "apellidos": "We TV in still month exactly.",
        "sexo": "M",
        "fecha_nacimiento": "1980-05-20",
        "codigo_postal": 18050,
        "domicilio": "Conference project down hospital career. Realize begin for sort keep impact.\nInternational spend evening more institution. Send contain accept measure let suggest million. Back radio fear.",
        "correo": "amiller@example.org",
        "telefono": 24204,
        "dni": "Thus."
    }
},
{
    "model": "ITV.local",
    "pk": 1,
    "fields": {
        "precio": 0.4566290356148559,
        "metros": "0.763",
        "anio_arrendamiento": "2017-06-01",
        "duenio": "I prepare assume wait statement low."
    }
},
{
    "model": "ITV.local",
    "pk": 2,
    "fields": {
        "precio": 0.2760667367646661,
        "metros": "0.056",
        "anio_arrendamiento": "1983-04-01",
        "duenio": "Movie new down believe identify only notice."
    }
},
{
    "model": "ITV.local",
    "pk": 3,
    "fields": {
        "precio": 0.34129267665081453,
        "metros": "0.143",
        "anio_arrendamiento": "1970-06-29",
        "duenio": "Later yard attorney moment pull."
    }
},
{
    "model": "ITV.local",
    "pk": 4,
    "fields": {
        "precio": 0.927890224390685,
        "metros": "0.287",
        "anio_arrendamiento": "2005-03-15",
        "duenio": "Specific level try rule."
    }
},
{
    "model": "ITV.local",
    "pk": 5,
    "fields": {
        "precio": 0.3120935643076995,
        "metros": "0.708",
        "anio_arrendamiento": "1973-01-29",
        "duenio": "Deep training upon can maybe."
    }
},
{
    "model": "ITV.local",
    "pk": 6,
    "fields": {
        "precio": 0.6962091911897168,
        "metros": "0.932",
        "anio_arrendamiento": "1997-11-29",
        "duenio": "What send successful yes life. So man past put."
    }
},
{
    "model": "ITV.local",
    "pk": 7,
    "fields": {
        "precio": 0.3394462479062359,
        "metros": "0.863",
        "anio_arrendamiento": "2009-05-01",
        "duenio": "May process deep fill gas have."
    }
},
{
    "model": "ITV.local",
    "pk": 8,
    "fields": {
        "precio": 0.6007344963301349,
        "metros": "0.906",
        "anio_arrendamiento": "1995-10-23",
        "duenio": "Beat there hour staff meeting attack church."
    }
},
{
    "model": "ITV.local",
    "pk": 9,
    "fields": {
        "precio": 0.43731801408977655,
        "metros": "0.451",
        "anio_arrendamiento": "1974-08-09",
        "duenio": "Night hundred ever present."
    }
},
{
    "model": "ITV.local",
    "pk": 10,
    "fields": {
        "precio": 0.14825505628212998,
        "metros": "0.243",
        "anio_arrendamiento": "1995-06-29",
        "duenio": "Peace outside ability business."
    }
},
{
    "model": "ITV.local",
    "pk": 11,
    "fields": {
        "precio": 0.4179058342755223,
        "metros": "0.220",
        "anio_arrendamiento": "1980-06-17",
        "duenio": "Building organization author very option."
    }
},
{
    "model": "ITV.local",
    "pk": 12,
    "fields": {
        "precio": 0.6133775152182935,
        "metros": "0.836",
        "anio_arrendamiento": "1987-05-26",
        "duenio": "Moment quite drug position."
    }
},
{
    "model": "ITV.local",
    "pk": 13,
    "fields": {
        "precio": 0.7941666019731438,
        "metros": "0.254",
        "anio_arrendamiento": "2001-06-24",
        "duenio": "Employee must society kind. Care however tough."
    }
},
{
    "model": "ITV.local",
    "pk": 14,
    "fields": {
        "precio": 0.11095253309415654,
        "metros": "0.527",
        "anio_arrendamiento": "2019-05-07",
        "duenio": "Describe staff time it think break admit."
    }
},
{
    "model": "ITV.local",
    "pk": 15,
    "fields": {
        "precio": 0.4145867111945284,
        "metros": "0.386",
        "anio_arrendamiento": "2016-03-10",
        "duenio": "Buy consider like miss."
    }
},
{
    "model": "ITV.estacionitv",
    "pk": 1,
    "fields": {
        "local": 11,
        "nombre": "Gas despite somebody age young man score.",
        "munipio": "Although order society step my.",
        "eficiencia_energetica": "m",
        "comunidad_autonoma": "Difficult term."
    }
},
{
    "model": "ITV.estacionitv",
    "pk": 2,
    "fields": {
        "local": 7,
        "nombre": "Religious start trade.",
        "munipio": "Sing laugh item difference.",
        "eficiencia_energetica": "s",
        "comunidad_autonoma": "Change office voice."
    }
},
{
    "model": "ITV.estacionitv",
    "pk": 3,
    "fields": {
        "local": 14,
        "nombre": "Simple example create find law response.",
        "munipio": "Policy another save color day health movement.",
        "eficiencia_energetica": "t",
        "comunidad_autonoma": "On wait major whom."
    }
},
{
    "model": "ITV.estacionitv",
    "pk": 4,
    "fields": {
        "local": 10,
        "nombre": "Build page military indicate hospital.",
        "munipio": "Maintain itself baby loss everybody.",
        "eficiencia_energetica": "h",
        "comunidad_autonoma": "Discover sign state."
    }
},
{
    "model": "ITV.estacionitv",
    "pk": 5,
    "fields": {
        "local": 6,
        "nombre": "Tend despite consumer dinner.",
        "munipio": "Choice themselves all view thank.",
        "eficiencia_energetica": "f",
        "comunidad_autonoma": "Other race American."
    }
},
{
    "model": "ITV.estacionitv",
    "pk": 6,
    "fields": {
        "local": 15,
        "nombre": "Wrong pass paper wish paper list method.",
        "munipio": "Billion be toward wall consider find.",
        "eficiencia_energetica": "o",
        "comunidad_autonoma": "Including us less."
    }
},
{
    "model": "ITV.estacionitv",
    "pk": 7,
    "fields": {
        "local": 3,
        "nombre": "Him source build own me home.",
        "munipio": "Able total organization air land.",
        "eficiencia_energetica": "a",
        "comunidad_autonoma": "Everyone group."
    }
},
{
    "model": "ITV.estacionitv",
    "pk": 8,
    "fields": {
        "local": 8,
        "nombre": "Build nice major join physical.",
        "munipio": "Activity respond special.",
        "eficiencia_energetica": "g",
        "comunidad_autonoma": "Ahead Mr second."
    }
},
{
    "model": "ITV.estacionitv",
    "pk": 9,
    "fields": {
        "local": 2,
        "nombre": "Develop actually garden couple class where.",
        "munipio": "Position drop edge rest.",
        "eficiencia_energetica": "a",
        "comunidad_autonoma": "Power pass pick."
    }
},
{
    "model": "ITV.estacionitv",
    "pk": 10,
    "fields": {
        "local": 12,
        "nombre": "Conference view fund loss to state.",
        "munipio": "Turn fire small community across.",
        "eficiencia_energetica": "e",
        "comunidad_autonoma": "Material place."
    }
},
{
    "model": "ITV.estacionitv",
    "pk": 11,
    "fields": {
        "local": 9,
        "nombre": "Spend the difference technology.",
        "munipio": "Realize hour magazine term raise strong author.",
        "eficiencia_energetica": "c",
        "comunidad_autonoma": "Benefit or ten thus."
    }
},
{
    "model": "ITV.estacionitv",
    "pk": 12,
    "fields": {
        "local": 1,
        "nombre": "Trade include college democratic century cell.",
        "munipio": "From fast perhaps already no.",
        "eficiencia_energetica": "c",
        "comunidad_autonoma": "Method western."
    }
},
{
    "model": "ITV.estacionitv",
    "pk": 13,
    "fields": {
        "local": 5,
        "nombre": "Morning final single she career.",
        "munipio": "Congress continue generation.",
        "eficiencia_energetica": "g",
        "comunidad_autonoma": "Down receive."
    }
},
{
    "model": "ITV.estacionitv",
    "pk": 14,
    "fields": {
        "local": 4,
        "nombre": "Police research best under believe.",
        "munipio": "Institution since poor.",
        "eficiencia_energetica": "c",
        "comunidad_autonoma": "Threat support kind."
    }
},
{
    "model": "ITV.estacionitv",
    "pk": 15,
    "fields": {
        "local": 13,
        "nombre": "These across couple develop language.",
        "munipio": "Bed most administration director.",
        "eficiencia_energetica": "a",
        "comunidad_autonoma": "Picture minute."
    }
},
{
    "model": "ITV.cita",
    "pk": 1,
    "fields": {
        "cliente": 6,
        "estacion": 1,
        "matricula": "",
        "fecha_matriculacion": null,
        "numero_bastidor": "",
        "tipo_inspeccion": "",
        "remolque": false,
        "tipo_pago": "",
        "fecha_propuesta": null,
        "hora_propuesta": null
    }
},
{
    "model": "ITV.cita",
    "pk": 2,
    "fields": {
        "cliente": 3,
        "estacion": 1,
        "matricula": "",
        "fecha_matriculacion": null,
        "numero_bastidor": "",
        "tipo_inspeccion": "",
        "remolque": false,
        "tipo_pago": "",
        "fecha_propuesta": null,
        "hora_propuesta": null
    }
},
{
    "model": "ITV.cita",
    "pk": 3,
    "fields": {
        "cliente": 14,
        "estacion": 1,
        "matricula": "",
        "fecha_matriculacion": null,
        "numero_bastidor": "",
        "tipo_inspeccion": "",
        "remolque": false,
        "tipo_pago": "",
        "fecha_propuesta": null,
        "hora_propuesta": null
    }
},
{
    "model": "ITV.cita",
    "pk": 4,
    "fields": {
        "cliente": 13,
        "estacion": 1,
        "matricula": "",
        "fecha_matriculacion": null,
        "numero_bastidor": "",
        "tipo_inspeccion": "",
        "remolque": false,
        "tipo_pago": "",
        "fecha_propuesta": null,
        "hora_propuesta": null
    }
},
{
    "model": "ITV.cita",
    "pk": 5,
    "fields": {
        "cliente": 6,
        "estacion": 2,
        "matricula": "",
        "fecha_matriculacion": null,
        "numero_bastidor": "",
        "tipo_inspeccion": "",
        "remolque": false,
        "tipo_pago": "",
        "fecha_propuesta": null,
        "hora_propuesta": null
    }
},
{
    "model": "ITV.cita",
    "pk": 6,
    "fields": {
        "cliente": 13,
        "estacion": 2,
        "matricula": "",
        "fecha_matriculacion": null,
        "numero_bastidor": "",
        "tipo_inspeccion": "",
        "remolque": false,
        "tipo_pago": "",
        "fecha_propuesta": null,
        "hora_propuesta": null
    }
},
{
    "model": "ITV.cita",
    "pk": 7,
    "fields": {
        "cliente": 8,
        "estacion": 2,
        "matricula": "",
        "fecha_matriculacion": null,
        "numero_bastidor": "",
        "tipo_inspeccion": "",
        "remolque": false,
        "tipo_pago": "",
        "fecha_propuesta": null,
        "hora_propuesta": null
    }
},
{
    "model": "ITV.cita",
    "pk": 8,
    "fields": {
        "cliente": 9,
        "estacion": 2,
        "matricula": "",
        "fecha_matriculacion": null,
        "numero_bastidor": "",
        "tipo_inspeccion": "",
        "remolque": false,
        "tipo_pago": "",
        "fecha_propuesta": null,
        "hora_propuesta": null
    }
},
{
    "model": "ITV.cita",
    "pk": 9,
    "fields": {
        "cliente": 11,
        "estacion": 3,
        "matricula": "",
        "fecha_matriculacion": null,
        "numero_bastidor": "",
        "tipo_inspeccion": "",
        "remolque": false,
        "tipo_pago": "",
        "fecha_propuesta": null,
        "hora_propuesta": null
    }
},
{
    "model": "ITV.cita",
    "pk": 10,
    "fields": {
        "cliente": 13,
        "estacion": 3,
        "matricula": "",
        "fecha_matriculacion": null,
        "numero_bastidor": "",
        "tipo_inspeccion": "",
        "remolque": false,
        "tipo_pago": "",
        "fecha_propuesta": null,
        "hora_propuesta": null
    }
},
{
    "model": "ITV.cita",
    "pk": 11,
    "fields": {
        "cliente": 1,
        "estacion": 3,
        "matricula": "",
        "fecha_matriculacion": null,
        "numero_bastidor": "",
        "tipo_inspeccion": "",
        "remolque": false,
        "tipo_pago": "",
        "fecha_propuesta": null,
        "hora_propuesta": null
    }
},
{
    "model": "ITV.cita",
    "pk": 12,
    "fields": {
        "cliente": 2,
        "estacion": 4,
        "matricula": "",
        "fecha_matriculacion": null,
        "numero_bastidor": "",
        "tipo_inspeccion": "",
        "remolque": false,
        "tipo_pago": "",
        "fecha_propuesta": null,
        "hora_propuesta": null
    }
},
{
    "model": "ITV.cita",
    "pk": 13,
    "fields": {
        "cliente": 5,
        "estacion": 4,
        "matricula": "",
        "fecha_matriculacion": null,
        "numero_bastidor": "",
        "tipo_inspeccion": "",
        "remolque": false,
        "tipo_pago": "",
        "fecha_propuesta": null,
        "hora_propuesta": null
    }
},
{
    "model": "ITV.cita",
    "pk": 14,
    "fields": {
        "cliente": 3,
        "estacion": 5,
        "matricula": "",
        "fecha_matriculacion": null,
        "numero_bastidor": "",
        "tipo_inspeccion": "",
        "remolque": false,
        "tipo_pago": "",
        "fecha_propuesta": null,
        "hora_propuesta": null
    }
},
{
    "model": "ITV.cita",
    "pk": 15,
    "fields": {
        "cliente": 8,
        "estacion": 5,
        "matricula": "",
        "fecha_matriculacion": null,
        "numero_bastidor": "",
        "tipo_inspeccion": "",
        "remolque": false,
        "tipo_pago": "",
        "fecha_propuesta": null,
        "hora_propuesta": null
    }
},
{
    "model": "ITV.cita",
    "pk": 16,
    "fields": {
        "cliente": 1,
        "estacion": 5,
        "matricula": "",
        "fecha_matriculacion": null,
        "numero_bastidor": "",
        "tipo_inspeccion": "",
        "remolque": false,
        "tipo_pago": "",
        "fecha_propuesta": null,
        "hora_propuesta": null
    }
},
{
    "model": "ITV.cita",
    "pk": 17,
    "fields": {
        "cliente": 11,
        "estacion": 6,
        "matricula": "",
        "fecha_matriculacion": null,
        "numero_bastidor": "",
        "tipo_inspeccion": "",
        "remolque": false,
        "tipo_pago": "",
        "fecha_propuesta": null,
        "hora_propuesta": null
    }
},
{
    "model": "ITV.cita",
    "pk": 18,
    "fields": {
        "cliente": 9,
        "estacion": 6,
        "matricula": "",
        "fecha_matriculacion": null,
        "numero_bastidor": "",
        "tipo_inspeccion": "",
        "remolque": false,
        "tipo_pago": "",
        "fecha_propuesta": null,
        "hora_propuesta": null
    }
},
{
    "model": "ITV.cita",
    "pk": 19,
    "fields": {
        "cliente": 12,
        "estacion": 6,
        "matricula": "",
        "fecha_matriculacion": null,
        "numero_bastidor": "",
        "tipo_inspeccion": "",
        "remolque": false,
        "tipo_pago": "",
        "fecha_propuesta": null,
        "hora_propuesta": null
    }
},
{
    "model": "ITV.cita",
    "pk": 20,
    "fields": {
        "cliente": 4,
        "estacion": 6,
        "matricula": "",
        "fecha_matriculacion": null,
        "numero_bastidor": "",
        "tipo_inspeccion": "",
        "remolque": false,
        "tipo_pago": "",
        "fecha_propuesta": null,
        "hora_propuesta": null
    }
},
{
    "model": "ITV.cita",
    "pk": 21,
    "fields": {
        "cliente": 12,
        "estacion": 7,
        "matricula": "",
        "fecha_matriculacion": null,
        "numero_bastidor": "",
        "tipo_inspeccion": "",
        "remolque": false,
        "tipo_pago": "",
        "fecha_propuesta": null,
        "hora_propuesta": null
    }
},
{
    "model": "ITV.cita",
    "pk": 22,
    "fields": {
        "cliente": 9,
        "estacion": 7,
        "matricula": "",
        "fecha_matriculacion": null,
        "numero_bastidor": "",
        "tipo_inspeccion": "",
        "remolque": false,
        "tipo_pago": "",
        "fecha_propuesta": null,
        "hora_propuesta": null
    }
},
{
    "model": "ITV.cita",
    "pk": 23,
    "fields": {
        "cliente": 6,
        "estacion": 7,
        "matricula": "",
        "fecha_matriculacion": null,
        "numero_bastidor": "",
        "tipo_inspeccion": "",
        "remolque": false,
        "tipo_pago": "",
        "fecha_propuesta": null,
        "hora_propuesta": null
    }
},
{
    "model": "ITV.cita",
    "pk": 24,
    "fields": {
        "cliente": 1,
        "estacion": 8,
        "matricula": "",
        "fecha_matriculacion": null,
        "numero_bastidor": "",
        "tipo_inspeccion": "",
        "remolque": false,
        "tipo_pago": "",
        "fecha_propuesta": null,
        "hora_propuesta": null
    }
},
{
    "model": "ITV.cita",
    "pk": 25,
    "fields": {
        "cliente": 7,
        "estacion": 8,
        "matricula": "",
        "fecha_matriculacion": null,
        "numero_bastidor": "",
        "tipo_inspeccion": "",
        "remolque": false,
        "tipo_pago": "",
        "fecha_propuesta": null,
        "hora_propuesta": null
    }
},
{
    "model": "ITV.cita",
    "pk": 26,
    "fields": {
        "cliente": 15,
        "estacion": 8,
        "matricula": "",
        "fecha_matriculacion": null,
        "numero_bastidor": "",
        "tipo_inspeccion": "",
        "remolque": false,
        "tipo_pago": "",
        "fecha_propuesta": null,
        "hora_propuesta": null
    }
},
{
    "model": "ITV.cita",
    "pk": 27,
    "fields": {
        "cliente": 6,
        "estacion": 9,
        "matricula": "",
        "fecha_matriculacion": null,
        "numero_bastidor": "",
        "tipo_inspeccion": "",
        "remolque": false,
        "tipo_pago": "",
        "fecha_propuesta": null,
        "hora_propuesta": null
    }
},
{
    "model": "ITV.cita",
    "pk": 28,
    "fields": {
        "cliente": 8,
        "estacion": 9,
        "matricula": "",
        "fecha_matriculacion": null,
        "numero_bastidor": "",
        "tipo_inspeccion": "",
        "remolque": false,
        "tipo_pago": "",
        "fecha_propuesta": null,
        "hora_propuesta": null
    }
},
{
    "model": "ITV.cita",
    "pk": 29,
    "fields": {
        "cliente": 12,
        "estacion": 9,
        "matricula": "",
        "fecha_matriculacion": null,
        "numero_bastidor": "",
        "tipo_inspeccion": "",
        "remolque": false,
        "tipo_pago": "",
        "fecha_propuesta": null,
        "hora_propuesta": null
    }
},
{
    "model": "ITV.cita",
    "pk": 30,
    "fields": {
        "cliente": 5,
        "estacion": 9,
        "matricula": "",
        "fecha_matriculacion": null,
        "numero_bastidor": "",
        "tipo_inspeccion": "",
        "remolque": false,
        "tipo_pago": "",
        "fecha_propuesta": null,
        "hora_propuesta": null
    }
},
{
    "model": "ITV.cita",
    "pk": 31,
    "fields": {
        "cliente": 4,
        "estacion": 10,
        "matricula": "",
        "fecha_matriculacion": null,
        "numero_bastidor": "",
        "tipo_inspeccion": "",
        "remolque": false,
        "tipo_pago": "",
        "fecha_propuesta": null,
        "hora_propuesta": null
    }
},
{
    "model": "ITV.cita",
    "pk": 32,
    "fields": {
        "cliente": 11,
        "estacion": 10,
        "matricula": "",
        "fecha_matriculacion": null,
        "numero_bastidor": "",
        "tipo_inspeccion": "",
        "remolque": false,
        "tipo_pago": "",
        "fecha_propuesta": null,
        "hora_propuesta": null
    }
},
{
    "model": "ITV.cita",
    "pk": 33,
    "fields": {
        "cliente": 6,
        "estacion": 10,
        "matricula": "",
        "fecha_matriculacion": null,
        "numero_bastidor": "",
        "tipo_inspeccion": "",
        "remolque": false,
        "tipo_pago": "",
        "fecha_propuesta": null,
        "hora_propuesta": null
    }
},
{
    "model": "ITV.cita",
    "pk": 34,
    "fields": {
        "cliente": 9,
        "estacion": 11,
        "matricula": "",
        "fecha_matriculacion": null,
        "numero_bastidor": "",
        "tipo_inspeccion": "",
        "remolque": false,
        "tipo_pago": "",
        "fecha_propuesta": null,
        "hora_propuesta": null
    }
},
{
    "model": "ITV.cita",
    "pk": 35,
    "fields": {
        "cliente": 13,
        "estacion": 11,
        "matricula": "",
        "fecha_matriculacion": null,
        "numero_bastidor": "",
        "tipo_inspeccion": "",
        "remolque": false,
        "tipo_pago": "",
        "fecha_propuesta": null,
        "hora_propuesta": null
    }
},
{
    "model": "ITV.cita",
    "pk": 36,
    "fields": {
        "cliente": 8,
        "estacion": 12,
        "matricula": "",
        "fecha_matriculacion": null,
        "numero_bastidor": "",
        "tipo_inspeccion": "",
        "remolque": false,
        "tipo_pago": "",
        "fecha_propuesta": null,
        "hora_propuesta": null
    }
},
{
    "model": "ITV.cita",
    "pk": 37,
    "fields": {
        "cliente": 5,
        "estacion": 12,
        "matricula": "",
        "fecha_matriculacion": null,
        "numero_bastidor": "",
        "tipo_inspeccion": "",
        "remolque": false,
        "tipo_pago": "",
        "fecha_propuesta": null,
        "hora_propuesta": null
    }
},
{
    "model": "ITV.cita",
    "pk": 38,
    "fields": {
        "cliente": 14,
        "estacion": 12,
        "matricula": "",
        "fecha_matriculacion": null,
        "numero_bastidor": "",
        "tipo_inspeccion": "",
        "remolque": false,
        "tipo_pago": "",
        "fecha_propuesta": null,
        "hora_propuesta": null
    }
},
{
    "model": "ITV.cita",
    "pk": 39,
    "fields": {
        "cliente": 3,
        "estacion": 13,
        "matricula": "",
        "fecha_matriculacion": null,
        "numero_bastidor": "",
        "tipo_inspeccion": "",
        "remolque": false,
        "tipo_pago": "",
        "fecha_propuesta": null,
        "hora_propuesta": null
    }
},
{
    "model": "ITV.cita",
    "pk": 40,
    "fields": {
        "cliente": 14,
        "estacion": 13,
        "matricula": "",
        "fecha_matriculacion": null,
        "numero_bastidor": "",
        "tipo_inspeccion": "",
        "remolque": false,
        "tipo_pago": "",
        "fecha_propuesta": null,
        "hora_propuesta": null
    }
},
{
    "model": "ITV.cita",
    "pk": 41,
    "fields": {
        "cliente": 10,
        "estacion": 14,
        "matricula": "",
        "fecha_matriculacion": null,
        "numero_bastidor": "",
        "tipo_inspeccion": "",
        "remolque": false,
        "tipo_pago": "",
        "fecha_propuesta": null,
        "hora_propuesta": null
    }
},
{
    "model": "ITV.cita",
    "pk": 42,
    "fields": {
        "cliente": 8,
        "estacion": 14,
        "matricula": "",
        "fecha_matriculacion": null,
        "numero_bastidor": "",
        "tipo_inspeccion": "",
        "remolque": false,
        "tipo_pago": "",
        "fecha_propuesta": null,
        "hora_propuesta": null
    }
},
{
    "model": "ITV.cita",
    "pk": 43,
    "fields": {
        "cliente": 6,
        "estacion": 14,
        "matricula": "",
        "fecha_matriculacion": null,
        "numero_bastidor": "",
        "tipo_inspeccion": "",
        "remolque": false,
        "tipo_pago": "",
        "fecha_propuesta": null,
        "hora_propuesta": null
    }
},
{
    "model": "ITV.cita",
    "pk": 44,
    "fields": {
        "cliente": 10,
        "estacion": 15,
        "matricula": "",
        "fecha_matriculacion": null,
        "numero_bastidor": "",
        "tipo_inspeccion": "",
        "remolque": false,
        "tipo_pago": "",
        "fecha_propuesta": null,
        "hora_propuesta": null
    }
},
{
    "model": "ITV.cita",
    "pk": 45,
    "fields": {
        "cliente": 1,
        "estacion": 15,
        "matricula": "",
        "fecha_matriculacion": null,
        "numero_bastidor": "",
        "tipo_inspeccion": "",
        "remolque": false,
        "tipo_pago": "",
        "fecha_propuesta": null,
        "hora_propuesta": null
    }
},
{
    "model": "ITV.cita",
    "pk": 46,
    "fields": {
        "cliente": 5,
        "estacion": 15,
        "matricula": "",
        "fecha_matriculacion": null,
        "numero_bastidor": "",
        "tipo_inspeccion": "",
        "remolque": false,
        "tipo_pago": "",
        "fecha_propuesta": null,
        "hora_propuesta": null
    }
},
{
    "model": "ITV.cita",
    "pk": 47,
    "fields": {
        "cliente": 4,
        "estacion": 7,
        "matricula": "Raise.",
        "fecha_matriculacion": "1994-09-20",
        "numero_bastidor": "Tonight free use.",
        "tipo_inspeccion": "VETAX",
        "remolque": true,
        "tipo_pago": "EF",
        "fecha_propuesta": "1994-06-22",
        "hora_propuesta": "01:56:34"
    }
},
{
    "model": "ITV.cita",
    "pk": 48,
    "fields": {
        "cliente": 3,
        "estacion": 11,
        "matricula": "Course.",
        "fecha_matriculacion": "2021-12-13",
        "numero_bastidor": "Everyone pretty.",
        "tipo_inspeccion": "VETAX",
        "remolque": false,
        "tipo_pago": "EF",
        "fecha_propuesta": "2021-08-31",
        "hora_propuesta": "20:11:12"
    }
},
{
    "model": "ITV.cita",
    "pk": 49,
    "fields": {
        "cliente": 10,
        "estacion": 3,
        "matricula": "Per.",
        "fecha_matriculacion": "1994-01-26",
        "numero_bastidor": "Opportunity that.",
        "tipo_inspeccion": "PE",
        "remolque": true,
        "tipo_pago": "EF",
        "fecha_propuesta": "2008-03-17",
        "hora_propuesta": "04:00:01"
    }
},
{
    "model": "ITV.cita",
    "pk": 50,
    "fields": {
        "cliente": 15,
        "estacion": 4,
        "matricula": "Staff.",
        "fecha_matriculacion": "2007-01-06",
        "numero_bastidor": "Such.",
        "tipo_inspeccion": "NOPE",
        "remolque": true,
        "tipo_pago": "EF",
        "fecha_propuesta": "2008-04-10",
        "hora_propuesta": "20:11:32"
    }
},
{
    "model": "ITV.cita",
    "pk": 51,
    "fields": {
        "cliente": 14,
        "estacion": 14,
        "matricula": "Staff.",
        "fecha_matriculacion": "2006-09-26",
        "numero_bastidor": "Many by American.",
        "tipo_inspeccion": "PE",
        "remolque": true,
        "tipo_pago": "EF",
        "fecha_propuesta": "1981-03-23",
        "hora_propuesta": "12:21:15"
    }
},
{
    "model": "ITV.cita",
    "pk": 52,
    "fields": {
        "cliente": 4,
        "estacion": 1,
        "matricula": "There.",
        "fecha_matriculacion": "2000-11-06",
        "numero_bastidor": "Program style.",
        "tipo_inspeccion": "PE",
        "remolque": false,
        "tipo_pago": "TA",
        "fecha_propuesta": "2016-01-07",
        "hora_propuesta": "14:42:39"
    }
},
{
    "model": "ITV.cita",
    "pk": 53,
    "fields": {
        "cliente": 6,
        "estacion": 8,
        "matricula": "Star.",
        "fecha_matriculacion": "1976-05-13",
        "numero_bastidor": "Only reach she.",
        "tipo_inspeccion": "PE",
        "remolque": false,
        "tipo_pago": "TA",
        "fecha_propuesta": "1994-11-14",
        "hora_propuesta": "05:20:07"
    }
},
{
    "model": "ITV.cita",
    "pk": 54,
    "fields": {
        "cliente": 3,
        "estacion": 10,
        "matricula": "Cold.",
        "fecha_matriculacion": "2011-07-13",
        "numero_bastidor": "Occur everyone.",
        "tipo_inspeccion": "VETAX",
        "remolque": false,
        "tipo_pago": "EF",
        "fecha_propuesta": "2008-05-30",
        "hora_propuesta": "04:30:05"
    }
},
{
    "model": "ITV.cita",
    "pk": 55,
    "fields": {
        "cliente": 11,
        "estacion": 7,
        "matricula": "Deal.",
        "fecha_matriculacion": "1998-06-30",
        "numero_bastidor": "Ground add card.",
        "tipo_inspeccion": "PE",
        "remolque": false,
        "tipo_pago": "TA",
        "fecha_propuesta": "2023-09-29",
        "hora_propuesta": "01:16:59"
    }
},
{
    "model": "ITV.cita",
    "pk": 56,
    "fields": {
        "cliente": 15,
        "estacion": 12,
        "matricula": "Study.",
        "fecha_matriculacion": "2021-03-17",
        "numero_bastidor": "Hour become road.",
        "tipo_inspeccion": "PE",
        "remolque": true,
        "tipo_pago": "TA",
        "fecha_propuesta": "2011-05-15",
        "hora_propuesta": "14:52:57"
    }
},
{
    "model": "ITV.cita",
    "pk": 57,
    "fields": {
        "cliente": 8,
        "estacion": 14,
        "matricula": "Woman.",
        "fecha_matriculacion": "1996-11-16",
        "numero_bastidor": "Laugh ago.",
        "tipo_inspeccion": "VETAX",
        "remolque": false,
        "tipo_pago": "TA",
        "fecha_propuesta": "1973-01-22",
        "hora_propuesta": "08:22:06"
    }
},
{
    "model": "ITV.cita",
    "pk": 58,
    "fields": {
        "cliente": 7,
        "estacion": 12,
        "matricula": "Try.",
        "fecha_matriculacion": "1974-04-24",
        "numero_bastidor": "Throughout bit.",
        "tipo_inspeccion": "NOPE",
        "remolque": true,
        "tipo_pago": "TA",
        "fecha_propuesta": "1977-03-31",
        "hora_propuesta": "07:16:52"
    }
},
{
    "model": "ITV.cita",
    "pk": 59,
    "fields": {
        "cliente": 6,
        "estacion": 7,
        "matricula": "Speech.",
        "fecha_matriculacion": "1973-11-08",
        "numero_bastidor": "Himself across.",
        "tipo_inspeccion": "PE",
        "remolque": false,
        "tipo_pago": "EF",
        "fecha_propuesta": "2014-12-03",
        "hora_propuesta": "23:41:54"
    }
},
{
    "model": "ITV.cita",
    "pk": 60,
    "fields": {
        "cliente": 6,
        "estacion": 2,
        "matricula": "Late.",
        "fecha_matriculacion": "1982-04-27",
        "numero_bastidor": "Level story.",
        "tipo_inspeccion": "PE",
        "remolque": true,
        "tipo_pago": "EF",
        "fecha_propuesta": "1970-10-31",
        "hora_propuesta": "09:56:26"
    }
},
{
    "model": "ITV.cita",
    "pk": 61,
    "fields": {
        "cliente": 1,
        "estacion": 11,
        "matricula": "Plant.",
        "fecha_matriculacion": "2008-04-02",
        "numero_bastidor": "Mr fill stage.",
        "tipo_inspeccion": "NOPE",
        "remolque": true,
        "tipo_pago": "TA",
        "fecha_propuesta": "1980-12-28",
        "hora_propuesta": "21:49:19"
    }
},
{
    "model": "ITV.empresaexterna",
    "pk": 1,
    "fields": {
        "nombre": "Suggest skin herself house same begin.",
        "municipio": "Senior hotel before truth gun history.",
        "coste": 0.9902661268229742,
        "cif": "Explain today."
    }
},
{
    "model": "ITV.empresaexterna",
    "pk": 2,
    "fields": {
        "nombre": "Forward billion simple country friend beyond.",
        "municipio": "Conference interesting between.",
        "coste": 0.031119716650876983,
        "cif": "Fly start."
    }
},
{
    "model": "ITV.empresaexterna",
    "pk": 3,
    "fields": {
        "nombre": "Truth how hour decide plan second page.",
        "municipio": "Other manage reach key. Box democratic all.",
        "coste": 0.7564103914777862,
        "cif": "Example."
    }
},
{
    "model": "ITV.empresaexterna",
    "pk": 4,
    "fields": {
        "nombre": "Represent huge ahead once coach.",
        "municipio": "Teacher well while though. Thus issue partner.",
        "coste": 0.3129972988164823,
        "cif": "Rate happen."
    }
},
{
    "model": "ITV.empresaexterna",
    "pk": 5,
    "fields": {
        "nombre": "Team reason them question it life land.",
        "municipio": "Behind project cover.",
        "coste": 0.83103812210117,
        "cif": "Buy certain."
    }
},
{
    "model": "ITV.empresaexterna",
    "pk": 6,
    "fields": {
        "nombre": "Because prove rest next dinner team themselves.",
        "municipio": "Bad institution window lot hour assume south.",
        "coste": 0.46433375928975884,
        "cif": "Win forget."
    }
},
{
    "model": "ITV.empresaexterna",
    "pk": 7,
    "fields": {
        "nombre": "Data civil later answer hair news.",
        "municipio": "Full together find across.",
        "coste": 0.017986414696514297,
        "cif": "Determine."
    }
},
{
    "model": "ITV.empresaexterna",
    "pk": 8,
    "fields": {
        "nombre": "Bad not cup world. Authority nor discussion.",
        "municipio": "Bar impact could claim.",
        "coste": 0.7730376831800354,
        "cif": "Season manager."
    }
},
{
    "model": "ITV.empresaexterna",
    "pk": 9,
    "fields": {
        "nombre": "Simply less guess property because likely.",
        "municipio": "Least space power draw most member year.",
        "coste": 0.6262017727939605,
        "cif": "Free southern."
    }
},
{
    "model": "ITV.empresaexterna",
    "pk": 10,
    "fields": {
        "nombre": "Short technology power even remain better.",
        "municipio": "Heart sister or free second.",
        "coste": 0.10021974353482654,
        "cif": "Hospital."
    }
},
{
    "model": "ITV.empresaexterna",
    "pk": 11,
    "fields": {
        "nombre": "Notice attention world take behavior economic.",
        "municipio": "Argue reveal sell avoid.",
        "coste": 0.562650112884229,
        "cif": "Interest."
    }
},
{
    "model": "ITV.empresaexterna",
    "pk": 12,
    "fields": {
        "nombre": "Lot wish job while concern agent phone task.",
        "municipio": "Drop hour force again again despite.",
        "coste": 0.24965745316012433,
        "cif": "Beautiful."
    }
},
{
    "model": "ITV.empresaexterna",
    "pk": 13,
    "fields": {
        "nombre": "Race over cell detail natural century into.",
        "municipio": "Impact food food important experience.",
        "coste": 0.18081516503754647,
        "cif": "Bad anyone."
    }
},
{
    "model": "ITV.empresaexterna",
    "pk": 14,
    "fields": {
        "nombre": "Democrat just explain hard.",
        "municipio": "Peace into reflect.",
        "coste": 0.593047214240065,
        "cif": "Such."
    }
},
{
    "model": "ITV.empresaexterna",
    "pk": 15,
    "fields": {
        "nombre": "Prove fear east mission bag establish.",
        "municipio": "Activity television thus carry.",
        "coste": 0.38865886263929217,
        "cif": "Rate war stock."
    }
},
{
    "model": "ITV.maquinaria",
    "pk": 1,
    "fields": {
        "iestacionItv": 2,
        "idmpresaExterna": 10,
        "nombre": "Thousand ground pretty.",
        "tipo": "FR",
        "ultimo_mantenimiento": "2001-04-12",
        "funcionando": true
    }
},
{
    "model": "ITV.maquinaria",
    "pk": 2,
    "fields": {
        "iestacionItv": 12,
        "idmpresaExterna": 11,
        "nombre": "Society tell hope life.",
        "tipo": "DI",
        "ultimo_mantenimiento": "2016-04-06",
        "funcionando": true
    }
},
{
    "model": "ITV.maquinaria",
    "pk": 3,
    "fields": {
        "iestacionItv": 4,
        "idmpresaExterna": 2,
        "nombre": "Attorney model they least price matter.",
        "tipo": "EM",
        "ultimo_mantenimiento": "2011-06-02",
        "funcionando": true
    }
},
{
    "model": "ITV.maquinaria",
    "pk": 4,
    "fields": {
        "iestacionItv": 8,
        "idmpresaExterna": 12,
        "nombre": "Rich say lead age common.",
        "tipo": "EM",
        "ultimo_mantenimiento": "1971-12-03",
        "funcionando": true
    }
},
{
    "model": "ITV.maquinaria",
    "pk": 5,
    "fields": {
        "iestacionItv": 4,
        "idmpresaExterna": 8,
        "nombre": "Able happen age mouth area body step able.",
        "tipo": "DI",
        "ultimo_mantenimiento": "2023-09-09",
        "funcionando": true
    }
},
{
    "model": "ITV.maquinaria",
    "pk": 6,
    "fields": {
        "iestacionItv": 6,
        "idmpresaExterna": 14,
        "nombre": "Population themselves tell any foot control Mrs.",
        "tipo": "EM",
        "ultimo_mantenimiento": "1982-05-30",
        "funcionando": true
    }
},
{
    "model": "ITV.maquinaria",
    "pk": 7,
    "fields": {
        "iestacionItv": 1,
        "idmpresaExterna": 6,
        "nombre": "Whom decide big here always right yes.",
        "tipo": "FR",
        "ultimo_mantenimiento": "2020-07-29",
        "funcionando": true
    }
},
{
    "model": "ITV.maquinaria",
    "pk": 8,
    "fields": {
        "iestacionItv": 2,
        "idmpresaExterna": 6,
        "nombre": "Different guess course send authority.",
        "tipo": "EM",
        "ultimo_mantenimiento": "2017-10-09",
        "funcionando": true
    }
},
{
    "model": "ITV.maquinaria",
    "pk": 9,
    "fields": {
        "iestacionItv": 7,
        "idmpresaExterna": 2,
        "nombre": "We east challenge item office billion open.",
        "tipo": "EM",
        "ultimo_mantenimiento": "2019-07-13",
        "funcionando": true
    }
},
{
    "model": "ITV.maquinaria",
    "pk": 10,
    "fields": {
        "iestacionItv": 8,
        "idmpresaExterna": 14,
        "nombre": "Agent pull some.",
        "tipo": "FR",
        "ultimo_mantenimiento": "2008-05-22",
        "funcionando": true
    }
},
{
    "model": "ITV.maquinaria",
    "pk": 11,
    "fields": {
        "iestacionItv": 12,
        "idmpresaExterna": 11,
        "nombre": "Site father newspaper street.",
        "tipo": "EM",
        "ultimo_mantenimiento": "2001-09-28",
        "funcionando": true
    }
},
{
    "model": "ITV.maquinaria",
    "pk": 12,
    "fields": {
        "iestacionItv": 6,
        "idmpresaExterna": 3,
        "nombre": "Apply but range low.",
        "tipo": "EM",
        "ultimo_mantenimiento": "1978-04-30",
        "funcionando": true
    }
},
{
    "model": "ITV.maquinaria",
    "pk": 13,
    "fields": {
        "iestacionItv": 7,
        "idmpresaExterna": 6,
        "nombre": "Himself law wait capital. Then seat study arrive.",
        "tipo": "DI",
        "ultimo_mantenimiento": "1973-12-30",
        "funcionando": true
    }
},
{
    "model": "ITV.maquinaria",
    "pk": 14,
    "fields": {
        "iestacionItv": 15,
        "idmpresaExterna": 9,
        "nombre": "Oil from market cold condition.",
        "tipo": "FR",
        "ultimo_mantenimiento": "1997-06-21",
        "funcionando": true
    }
},
{
    "model": "ITV.maquinaria",
    "pk": 15,
    "fields": {
        "iestacionItv": 4,
        "idmpresaExterna": 12,
        "nombre": "Often capital father source.",
        "tipo": "FR",
        "ultimo_mantenimiento": "2007-07-06",
        "funcionando": true
    }
},
{
    "model": "ITV.trabajador",
    "pk": 1,
    "fields": {
        "nombre": "Itself site born sort reduce development.",
        "apellidos": "Save environment since child usually as.",
        "puesto": "DI",
        "sueldo": 0.7182042654013203,
        "observaciones": "Person property tell reason traditional. Town during player focus impact.\nPossible relate these play food. Help exactly act.\nTurn environment manage late. Special tough effect perform father play.",
        "estacion": [
            3,
            4,
            10
        ],
        "jefe": []
    }
},
{
    "model": "ITV.trabajador",
    "pk": 2,
    "fields": {
        "nombre": "Our land generation white expert fire.",
        "apellidos": "Tree success ever often.",
        "puesto": "FR",
        "sueldo": 0.21661666777552835,
        "observaciones": "High task her Republican. Admit both woman arm.\nFeel middle hope card cover run. Discover car according poor begin few. Effect fast sister per travel.",
        "estacion": [
            3,
            9,
            13
        ],
        "jefe": [
            1
        ]
    }
},
{
    "model": "ITV.trabajador",
    "pk": 3,
    "fields": {
        "nombre": "Always good common wear sea vote.",
        "apellidos": "Rate health far right.",
        "puesto": "DI",
        "sueldo": 0.15768289478760478,
        "observaciones": "Project attention bring hold. Protect choice effect no film.\nTruth bar sometimes tough item. Within yes get bring response result eight. There agency these also.",
        "estacion": [
            2,
            3,
            7
        ],
        "jefe": [
            1
        ]
    }
},
{
    "model": "ITV.trabajador",
    "pk": 4,
    "fields": {
        "nombre": "Whatever somebody for that.",
        "apellidos": "Not myself bit us. Year building president.",
        "puesto": "FR",
        "sueldo": 0.22391495140586692,
        "observaciones": "Explain look huge break so kitchen. East happy view series defense.\nFind well better score nothing. Vote my popular soon actually mother could.",
        "estacion": [
            6,
            13
        ],
        "jefe": [
            1
        ]
    }
},
{
    "model": "ITV.trabajador",
    "pk": 5,
    "fields": {
        "nombre": "Wait agreement talk myself herself your get.",
        "apellidos": "Bad safe quality discuss career international.",
        "puesto": "EM",
        "sueldo": 0.43741401532350144,
        "observaciones": "Serve college blue difficult. Doctor push talk give with say.\nSuggest article late. Card high herself view attack. Source class career.",
        "estacion": [
            11,
            13
        ],
        "jefe": [
            1,
            3
        ]
    }
},
{
    "model": "ITV.trabajador",
    "pk": 6,
    "fields": {
        "nombre": "Threat wonder final war role top bill.",
        "apellidos": "Most very book few process because.",
        "puesto": "FR",
        "sueldo": 0.39316147082677144,
        "observaciones": "Ago service sort federal area. Effect join dog physical. Environment let lead movie wife. Example notice blue very able husband recent.\nOnto trip former newspaper protect. Worker a smile player.",
        "estacion": [
            5,
            9
        ],
        "jefe": [
            2,
            3
        ]
    }
},
{
    "model": "ITV.trabajador",
    "pk": 7,
    "fields": {
        "nombre": "You huge stuff who machine.",
        "apellidos": "Consider dark positive story growth political.",
        "puesto": "FR",
        "sueldo": 0.5843174725912462,
        "observaciones": "Sing across become none by mean. Plan six serious food somebody drug as. Anyone performance piece stuff become.\nStock toward send discover different tend.",
        "estacion": [
            12,
            15
        ],
        "jefe": [
            1
        ]
    }
},
{
    "model": "ITV.trabajador",
    "pk": 8,
    "fields": {
        "nombre": "For easy ground reflect successful issue.",
        "apellidos": "Area enter same south couple experience.",
        "puesto": "EM",
        "sueldo": 0.212876138999177,
        "observaciones": "Hour audience media interview subject almost. Before base road spring financial sing. Specific maintain statement decade write increase. Make something former interest thousand.",
        "estacion": [
            6,
            8
        ],
        "jefe": [
            1,
            6
        ]
    }
},
{
    "model": "ITV.trabajador",
    "pk": 9,
    "fields": {
        "nombre": "Leader until thus work movie popular.",
        "apellidos": "East control behavior fall perhaps.",
        "puesto": "DI",
        "sueldo": 0.3512121971965033,
        "observaciones": "Student day positive. Lead ball professional star ever. Meeting live left beyond whole cost article.\nWant wish eye. Official go painting season. Artist could around both experience.",
        "estacion": [
            2,
            6,
            14
        ],
        "jefe": [
            3,
            6,
            7
        ]
    }
},
{
    "model": "ITV.trabajador",
    "pk": 10,
    "fields": {
        "nombre": "Along let build mean.",
        "apellidos": "Bill physical role music rest relationship.",
        "puesto": "FR",
        "sueldo": 0.8387962597060268,
        "observaciones": "Edge line person husband dark science story follow. Game fall degree.\nAgo music as imagine nature. Hot keep admit itself institution. Front whole allow pretty interview.",
        "estacion": [
            14
        ],
        "jefe": [
            4,
            5,
            6
        ]
    }
},
{
    "model": "ITV.trabajador",
    "pk": 11,
    "fields": {
        "nombre": "Open article southern happy rock.",
        "apellidos": "Indeed sometimes only well do break above.",
        "puesto": "FR",
        "sueldo": 0.782972001193738,
        "observaciones": "Enjoy mean trial information past mission blood box. Floor month charge action less. Bar performance possible strategy not.\nReveal leg director traditional. Language land interview expert collection.",
        "estacion": [
            8,
            10,
            12
        ],
        "jefe": [
            3,
            6,
            8
        ]
    }
},
{
    "model": "ITV.trabajador",
    "pk": 12,
    "fields": {
        "nombre": "Hair them network fill. Word save discuss.",
        "apellidos": "Across shake rich out.",
        "puesto": "FR",
        "sueldo": 0.4536182832986333,
        "observaciones": "Top own easy maintain actually movement range only. Dream eight prevent buy.\nOrganization along not consumer necessary require who popular. Agency ok sister remain his apply.",
        "estacion": [
            6,
            13
        ],
        "jefe": [
            1,
            7,
            10
        ]
    }
},
{
    "model": "ITV.trabajador",
    "pk": 13,
    "fields": {
        "nombre": "Out lot send because medical deal best check.",
        "apellidos": "Class give middle heavy.",
        "puesto": "DI",
        "sueldo": 0.6595363783222838,
        "observaciones": "Development future base doctor kind attack sound network. The woman single risk. Loss able however.",
        "estacion": [
            3,
            11,
            12,
            13
        ],
        "jefe": [
            3,
            9,
            12
        ]
    }
},
{
    "model": "ITV.trabajador",
    "pk": 14,
    "fields": {
        "nombre": "For their religious career change tree.",
        "apellidos": "Time meeting environment edge.",
        "puesto": "DI",
        "sueldo": 0.10547199199895085,
        "observaciones": "News someone prove military administration occur. Population think bill but.\nWar leg go PM. Out least speak. Number commercial eat family.",
        "estacion": [
            7
        ],
        "jefe": [
            1,
            2,
            5,
            7
        ]
    }
},
{
    "model": "ITV.trabajador",
    "pk": 15,
    "fields": {
        "nombre": "Kitchen scientist happy someone shake.",
        "apellidos": "Kitchen seat ready something.",
        "puesto": "EM",
        "sueldo": 0.7615492538033282,
        "observaciones": "Would word fast recent skin. Social fund worker half in education still. Drive television whom above.",
        "estacion": [
            11,
            13,
            15
        ],
        "jefe": [
            1
        ]
    }
},
{
    "model": "ITV.vehiculo",
    "pk": 1,
    "fields": {
        "fecha_matriculacion": "2022-06-05",
        "marca": "Act father easy bill culture ball.",
        "modelo": "Example loss improve high serve.",
        "numero_bastidor": "Medical mouth.",
        "tipo_vehiculo": "tur",
        "cilindrada": 27495,
        "potencia": 5695,
        "combustible": "gnv",
        "mma": 22525,
        "asientos": 20425,
        "ejes": 9860,
        "dni_propietario": "Police.",
        "matricula": "Focus."
    }
},
{
    "model": "ITV.vehiculo",
    "pk": 2,
    "fields": {
        "fecha_matriculacion": "1993-05-02",
        "marca": "Organization grow ball many.",
        "modelo": "Though no sometimes some impact town.",
        "numero_bastidor": "Give government.",
        "tipo_vehiculo": "tur",
        "cilindrada": -459,
        "potencia": -11180,
        "combustible": "gas",
        "mma": 5850,
        "asientos": 1325,
        "ejes": 1846,
        "dni_propietario": "College.",
        "matricula": "Eye us."
    }
},
{
    "model": "ITV.vehiculo",
    "pk": 3,
    "fields": {
        "fecha_matriculacion": "1989-04-19",
        "marca": "Then left where.",
        "modelo": "And present east know hope.",
        "numero_bastidor": "Brother assume.",
        "tipo_vehiculo": "moto",
        "cilindrada": 23744,
        "potencia": 14126,
        "combustible": "gnv",
        "mma": 5824,
        "asientos": 11473,
        "ejes": 1545,
        "dni_propietario": "Number.",
        "matricula": "Base."
    }
},
{
    "model": "ITV.vehiculo",
    "pk": 4,
    "fields": {
        "fecha_matriculacion": "1988-09-13",
        "marca": "Between role trade base several single skin.",
        "modelo": "Level box Mr without help must commercial.",
        "numero_bastidor": "According than.",
        "tipo_vehiculo": "moto",
        "cilindrada": 12390,
        "potencia": -22840,
        "combustible": "die",
        "mma": 10272,
        "asientos": 27463,
        "ejes": 19214,
        "dni_propietario": "Special.",
        "matricula": "Apply."
    }
},
{
    "model": "ITV.vehiculo",
    "pk": 5,
    "fields": {
        "fecha_matriculacion": "1999-01-11",
        "marca": "Shoulder rate hold process control evidence free.",
        "modelo": "Deal hospital bed success raise break.",
        "numero_bastidor": "Morning again.",
        "tipo_vehiculo": "tur",
        "cilindrada": 3009,
        "potencia": 6141,
        "combustible": "die",
        "mma": 607,
        "asientos": 26215,
        "ejes": 1908,
        "dni_propietario": "Factor.",
        "matricula": "Firm."
    }
},
{
    "model": "ITV.vehiculo",
    "pk": 6,
    "fields": {
        "fecha_matriculacion": "1976-04-06",
        "marca": "Listen little series along.",
        "modelo": "Focus rise race society threat.",
        "numero_bastidor": "Place paper.",
        "tipo_vehiculo": "moto",
        "cilindrada": 2858,
        "potencia": 21056,
        "combustible": "gnv",
        "mma": 5950,
        "asientos": 1744,
        "ejes": 27785,
        "dni_propietario": "A garden.",
        "matricula": "Skill."
    }
},
{
    "model": "ITV.vehiculo",
    "pk": 7,
    "fields": {
        "fecha_matriculacion": "2019-04-25",
        "marca": "Significant manager year time down cost voice.",
        "modelo": "Natural allow describe about road civil there.",
        "numero_bastidor": "These Democrat.",
        "tipo_vehiculo": "furg",
        "cilindrada": 31038,
        "potencia": 9268,
        "combustible": "hib",
        "mma": 17552,
        "asientos": 9072,
        "ejes": 21876,
        "dni_propietario": "White.",
        "matricula": "During."
    }
},
{
    "model": "ITV.vehiculo",
    "pk": 8,
    "fields": {
        "fecha_matriculacion": "1979-01-30",
        "marca": "Under technology step positive physical.",
        "modelo": "Structure floor very room.",
        "numero_bastidor": "Sometimes.",
        "tipo_vehiculo": "quad",
        "cilindrada": -28523,
        "potencia": -21992,
        "combustible": "hib",
        "mma": 18257,
        "asientos": 28198,
        "ejes": 12474,
        "dni_propietario": "Safe.",
        "matricula": "Sing."
    }
},
{
    "model": "ITV.vehiculo",
    "pk": 9,
    "fields": {
        "fecha_matriculacion": "2021-04-24",
        "marca": "Third gas keep economy kind media.",
        "modelo": "Family about letter small spend position.",
        "numero_bastidor": "Southern doctor.",
        "tipo_vehiculo": "bus",
        "cilindrada": 27259,
        "potencia": -15671,
        "combustible": "ele",
        "mma": 1922,
        "asientos": 19398,
        "ejes": 28993,
        "dni_propietario": "Month.",
        "matricula": "Life."
    }
},
{
    "model": "ITV.vehiculo",
    "pk": 10,
    "fields": {
        "fecha_matriculacion": "2011-02-12",
        "marca": "Purpose reach rule.",
        "modelo": "Top option indeed hope away.",
        "numero_bastidor": "Government.",
        "tipo_vehiculo": "moto",
        "cilindrada": 9048,
        "potencia": -20386,
        "combustible": "gpl",
        "mma": 4742,
        "asientos": 25544,
        "ejes": 21939,
        "dni_propietario": "Always.",
        "matricula": "No or."
    }
},
{
    "model": "ITV.vehiculo",
    "pk": 11,
    "fields": {
        "fecha_matriculacion": "2011-05-28",
        "marca": "Yourself surface open environment.",
        "modelo": "Day special interview.",
        "numero_bastidor": "Many light fly.",
        "tipo_vehiculo": "bus",
        "cilindrada": 22098,
        "potencia": 6859,
        "combustible": "gnv",
        "mma": 14000,
        "asientos": 30436,
        "ejes": 12103,
        "dni_propietario": "Wish.",
        "matricula": "Dinner."
    }
},
{
    "model": "ITV.vehiculo",
    "pk": 12,
    "fields": {
        "fecha_matriculacion": "1978-02-19",
        "marca": "Even involve interesting.",
        "modelo": "Three defense which.",
        "numero_bastidor": "Collection local.",
        "tipo_vehiculo": "bus",
        "cilindrada": 3244,
        "potencia": 6148,
        "combustible": "gpl",
        "mma": 3130,
        "asientos": 27672,
        "ejes": 32157,
        "dni_propietario": "Still.",
        "matricula": "Hotel."
    }
},
{
    "model": "ITV.vehiculo",
    "pk": 13,
    "fields": {
        "fecha_matriculacion": "2021-11-23",
        "marca": "Radio leave reason study miss player.",
        "modelo": "Your activity ground office same peace serious.",
        "numero_bastidor": "Second marriage.",
        "tipo_vehiculo": "tracto",
        "cilindrada": -29088,
        "potencia": 24122,
        "combustible": "hib",
        "mma": 18446,
        "asientos": 29363,
        "ejes": 31472,
        "dni_propietario": "Maintain.",
        "matricula": "Book."
    }
},
{
    "model": "ITV.vehiculo",
    "pk": 14,
    "fields": {
        "fecha_matriculacion": "1981-07-21",
        "marca": "Physical goal happy respond call.",
        "modelo": "Address visit identify budget front power.",
        "numero_bastidor": "Nice still.",
        "tipo_vehiculo": "tracto",
        "cilindrada": 10362,
        "potencia": -31153,
        "combustible": "die",
        "mma": 32203,
        "asientos": 32449,
        "ejes": 4965,
        "dni_propietario": "Result.",
        "matricula": "Source."
    }
},
{
    "model": "ITV.vehiculo",
    "pk": 15,
    "fields": {
        "fecha_matriculacion": "1990-08-26",
        "marca": "Cut source you this.",
        "modelo": "Gun effort now yard apply sign.",
        "numero_bastidor": "Prepare describe.",
        "tipo_vehiculo": "bus",
        "cilindrada": 32502,
        "potencia": -18386,
        "combustible": "hib",
        "mma": 1454,
        "asientos": 27526,
        "ejes": 26680,
        "dni_propietario": "Benefit.",
        "matricula": "Beat."
    }
},
{
    "model": "ITV.inspeccion",
    "pk": 1,
    "fields": {
        "trabajador": 5,
        "vehiculo": 1,
        "fecha_inspeccion": "2024-10-24",
        "resultado_inspeccion": "",
        "notas_inspeccion": "",
        "cliente_puntual": true
    }
},
{
    "model": "ITV.inspeccion",
    "pk": 2,
    "fields": {
        "trabajador": 11,
        "vehiculo": 1,
        "fecha_inspeccion": "2024-10-24",
        "resultado_inspeccion": "",
        "notas_inspeccion": "",
        "cliente_puntual": true
    }
},
{
    "model": "ITV.inspeccion",
    "pk": 3,
    "fields": {
        "trabajador": 9,
        "vehiculo": 1,
        "fecha_inspeccion": "2024-10-24",
        "resultado_inspeccion": "",
        "notas_inspeccion": "",
        "cliente_puntual": true
    }
},
{
    "model": "ITV.inspeccion",
    "pk": 4,
    "fields": {
        "trabajador": 13,
        "vehiculo": 2,
        "fecha_inspeccion": "2024-10-24",
        "resultado_inspeccion": "",
        "notas_inspeccion": "",
        "cliente_puntual": true
    }
},
{
    "model": "ITV.inspeccion",
    "pk": 5,
    "fields": {
        "trabajador": 6,
        "vehiculo": 3,
        "fecha_inspeccion": "2024-10-24",
        "resultado_inspeccion": "",
        "notas_inspeccion": "",
        "cliente_puntual": true
    }
},
{
    "model": "ITV.inspeccion",
    "pk": 6,
    "fields": {
        "trabajador": 2,
        "vehiculo": 3,
        "fecha_inspeccion": "2024-10-24",
        "resultado_inspeccion": "",
        "notas_inspeccion": "",
        "cliente_puntual": true
    }
},
{
    "model": "ITV.inspeccion",
    "pk": 7,
    "fields": {
        "trabajador": 7,
        "vehiculo": 4,
        "fecha_inspeccion": "2024-10-24",
        "resultado_inspeccion": "",
        "notas_inspeccion": "",
        "cliente_puntual": true
    }
},
{
    "model": "ITV.inspeccion",
    "pk": 8,
    "fields": {
        "trabajador": 10,
        "vehiculo": 4,
        "fecha_inspeccion": "2024-10-24",
        "resultado_inspeccion": "",
        "notas_inspeccion": "",
        "cliente_puntual": true
    }
},
{
    "model": "ITV.inspeccion",
    "pk": 9,
    "fields": {
        "trabajador": 3,
        "vehiculo": 4,
        "fecha_inspeccion": "2024-10-24",
        "resultado_inspeccion": "",
        "notas_inspeccion": "",
        "cliente_puntual": true
    }
},
{
    "model": "ITV.inspeccion",
    "pk": 10,
    "fields": {
        "trabajador": 14,
        "vehiculo": 4,
        "fecha_inspeccion": "2024-10-24",
        "resultado_inspeccion": "",
        "notas_inspeccion": "",
        "cliente_puntual": true
    }
},
{
    "model": "ITV.inspeccion",
    "pk": 11,
    "fields": {
        "trabajador": 9,
        "vehiculo": 5,
        "fecha_inspeccion": "2024-10-24",
        "resultado_inspeccion": "",
        "notas_inspeccion": "",
        "cliente_puntual": true
    }
},
{
    "model": "ITV.inspeccion",
    "pk": 12,
    "fields": {
        "trabajador": 3,
        "vehiculo": 6,
        "fecha_inspeccion": "2024-10-24",
        "resultado_inspeccion": "",
        "notas_inspeccion": "",
        "cliente_puntual": true
    }
},
{
    "model": "ITV.inspeccion",
    "pk": 13,
    "fields": {
        "trabajador": 13,
        "vehiculo": 7,
        "fecha_inspeccion": "2024-10-24",
        "resultado_inspeccion": "",
        "notas_inspeccion": "",
        "cliente_puntual": true
    }
},
{
    "model": "ITV.inspeccion",
    "pk": 14,
    "fields": {
        "trabajador": 6,
        "vehiculo": 8,
        "fecha_inspeccion": "2024-10-24",
        "resultado_inspeccion": "",
        "notas_inspeccion": "",
        "cliente_puntual": true
    }
},
{
    "model": "ITV.inspeccion",
    "pk": 15,
    "fields": {
        "trabajador": 13,
        "vehiculo": 8,
        "fecha_inspeccion": "2024-10-24",
        "resultado_inspeccion": "",
        "notas_inspeccion": "",
        "cliente_puntual": true
    }
},
{
    "model": "ITV.inspeccion",
    "pk": 16,
    "fields": {
        "trabajador": 1,
        "vehiculo": 9,
        "fecha_inspeccion": "2024-10-24",
        "resultado_inspeccion": "",
        "notas_inspeccion": "",
        "cliente_puntual": true
    }
},
{
    "model": "ITV.inspeccion",
    "pk": 17,
    "fields": {
        "trabajador": 5,
        "vehiculo": 9,
        "fecha_inspeccion": "2024-10-24",
        "resultado_inspeccion": "",
        "notas_inspeccion": "",
        "cliente_puntual": true
    }
},
{
    "model": "ITV.inspeccion",
    "pk": 18,
    "fields": {
        "trabajador": 2,
        "vehiculo": 9,
        "fecha_inspeccion": "2024-10-24",
        "resultado_inspeccion": "",
        "notas_inspeccion": "",
        "cliente_puntual": true
    }
},
{
    "model": "ITV.inspeccion",
    "pk": 19,
    "fields": {
        "trabajador": 4,
        "vehiculo": 10,
        "fecha_inspeccion": "2024-10-24",
        "resultado_inspeccion": "",
        "notas_inspeccion": "",
        "cliente_puntual": true
    }
},
{
    "model": "ITV.inspeccion",
    "pk": 20,
    "fields": {
        "trabajador": 6,
        "vehiculo": 11,
        "fecha_inspeccion": "2024-10-24",
        "resultado_inspeccion": "",
        "notas_inspeccion": "",
        "cliente_puntual": true
    }
},
{
    "model": "ITV.inspeccion",
    "pk": 21,
    "fields": {
        "trabajador": 11,
        "vehiculo": 11,
        "fecha_inspeccion": "2024-10-24",
        "resultado_inspeccion": "",
        "notas_inspeccion": "",
        "cliente_puntual": true
    }
},
{
    "model": "ITV.inspeccion",
    "pk": 22,
    "fields": {
        "trabajador": 8,
        "vehiculo": 11,
        "fecha_inspeccion": "2024-10-24",
        "resultado_inspeccion": "",
        "notas_inspeccion": "",
        "cliente_puntual": true
    }
},
{
    "model": "ITV.inspeccion",
    "pk": 23,
    "fields": {
        "trabajador": 5,
        "vehiculo": 11,
        "fecha_inspeccion": "2024-10-24",
        "resultado_inspeccion": "",
        "notas_inspeccion": "",
        "cliente_puntual": true
    }
},
{
    "model": "ITV.inspeccion",
    "pk": 24,
    "fields": {
        "trabajador": 7,
        "vehiculo": 12,
        "fecha_inspeccion": "2024-10-24",
        "resultado_inspeccion": "",
        "notas_inspeccion": "",
        "cliente_puntual": true
    }
},
{
    "model": "ITV.inspeccion",
    "pk": 25,
    "fields": {
        "trabajador": 10,
        "vehiculo": 12,
        "fecha_inspeccion": "2024-10-24",
        "resultado_inspeccion": "",
        "notas_inspeccion": "",
        "cliente_puntual": true
    }
},
{
    "model": "ITV.inspeccion",
    "pk": 26,
    "fields": {
        "trabajador": 4,
        "vehiculo": 12,
        "fecha_inspeccion": "2024-10-24",
        "resultado_inspeccion": "",
        "notas_inspeccion": "",
        "cliente_puntual": true
    }
},
{
    "model": "ITV.inspeccion",
    "pk": 27,
    "fields": {
        "trabajador": 13,
        "vehiculo": 13,
        "fecha_inspeccion": "2024-10-24",
        "resultado_inspeccion": "",
        "notas_inspeccion": "",
        "cliente_puntual": true
    }
},
{
    "model": "ITV.inspeccion",
    "pk": 28,
    "fields": {
        "trabajador": 1,
        "vehiculo": 14,
        "fecha_inspeccion": "2024-10-24",
        "resultado_inspeccion": "",
        "notas_inspeccion": "",
        "cliente_puntual": true
    }
},
{
    "model": "ITV.inspeccion",
    "pk": 29,
    "fields": {
        "trabajador": 6,
        "vehiculo": 14,
        "fecha_inspeccion": "2024-10-24",
        "resultado_inspeccion": "",
        "notas_inspeccion": "",
        "cliente_puntual": true
    }
},
{
    "model": "ITV.inspeccion",
    "pk": 30,
    "fields": {
        "trabajador": 6,
        "vehiculo": 15,
        "fecha_inspeccion": "2024-10-24",
        "resultado_inspeccion": "",
        "notas_inspeccion": "",
        "cliente_puntual": true
    }
},
{
    "model": "ITV.inspeccion",
    "pk": 31,
    "fields": {
        "trabajador": 11,
        "vehiculo": 15,
        "fecha_inspeccion": "2024-10-24",
        "resultado_inspeccion": "",
        "notas_inspeccion": "",
        "cliente_puntual": true
    }
},
{
    "model": "ITV.inspeccion",
    "pk": 32,
    "fields": {
        "trabajador": 4,
        "vehiculo": 15,
        "fecha_inspeccion": "2024-10-24",
        "resultado_inspeccion": "",
        "notas_inspeccion": "",
        "cliente_puntual": true
    }
},
{
    "model": "ITV.inspeccion",
    "pk": 33,
    "fields": {
        "trabajador": 3,
        "vehiculo": 15,
        "fecha_inspeccion": "2024-10-24",
        "resultado_inspeccion": "",
        "notas_inspeccion": "",
        "cliente_puntual": true
    }
},
{
    "model": "ITV.inspeccion",
    "pk": 34,
    "fields": {
        "trabajador": 4,
        "vehiculo": 4,
        "fecha_inspeccion": "2024-10-24",
        "resultado_inspeccion": "Mind opportunity nothing answer former probably.",
        "notas_inspeccion": "Wear moment worker into money. Prepare force save yet. Certainly field bit. Ball sense risk almost purpose land miss.",
        "cliente_puntual": true
    }
},
{
    "model": "ITV.inspeccion",
    "pk": 35,
    "fields": {
        "trabajador": 8,
        "vehiculo": 11,
        "fecha_inspeccion": "2024-10-24",
        "resultado_inspeccion": "World run stuff pretty deep window. Rock big look kid yeah dream than.",
        "notas_inspeccion": "Stay meeting improve subject population. Travel present range successful fight. Federal nor hot offer.\nResponsibility you know traditional show half type. Five both raise sense beautiful.",
        "cliente_puntual": true
    }
},
{
    "model": "ITV.inspeccion",
    "pk": 36,
    "fields": {
        "trabajador": 1,
        "vehiculo": 4,
        "fecha_inspeccion": "2024-10-24",
        "resultado_inspeccion": "Phone subject born. Same impact must look.",
        "notas_inspeccion": "Member score magazine decide book area act fast. National future feeling picture.\nEarly raise provide law. Produce sing school involve. After recognize explain miss.",
        "cliente_puntual": true
    }
},
{
    "model": "ITV.inspeccion",
    "pk": 37,
    "fields": {
        "trabajador": 15,
        "vehiculo": 15,
        "fecha_inspeccion": "2024-10-24",
        "resultado_inspeccion": "Scene resource together kitchen political. Quality under only recently foreign table.",
        "notas_inspeccion": "Education raise decision sing country whom. Too respond painting watch wife law. Run month issue form report popular.",
        "cliente_puntual": true
    }
},
{
    "model": "ITV.inspeccion",
    "pk": 38,
    "fields": {
        "trabajador": 5,
        "vehiculo": 11,
        "fecha_inspeccion": "2024-10-24",
        "resultado_inspeccion": "Pay star year likely computer common. Season before ahead building hard nice.",
        "notas_inspeccion": "Poor cut gas say imagine success skin. However himself avoid sea specific. Particularly realize religious learn recently.",
        "cliente_puntual": true
    }
},
{
    "model": "ITV.inspeccion",
    "pk": 39,
    "fields": {
        "trabajador": 12,
        "vehiculo": 13,
        "fecha_inspeccion": "2024-10-24",
        "resultado_inspeccion": "Poor boy month simply. Product home pretty. Shake game rather television lead population.",
        "notas_inspeccion": "Happen realize individual you society. Campaign growth child guess. Training trip least tree usually. Away message hotel result.",
        "cliente_puntual": true
    }
},
{
    "model": "ITV.inspeccion",
    "pk": 40,
    "fields": {
        "trabajador": 5,
        "vehiculo": 10,
        "fecha_inspeccion": "2024-10-24",
        "resultado_inspeccion": "Car thus boy least yourself.",
        "notas_inspeccion": "View something require in. Season less table outside.\nNor expect little close book meeting whether all. Increase check economic bill number notice probably.",
        "cliente_puntual": true
    }
},
{
    "model": "ITV.inspeccion",
    "pk": 41,
    "fields": {
        "trabajador": 14,
        "vehiculo": 1,
        "fecha_inspeccion": "2024-10-24",
        "resultado_inspeccion": "Record probably message beautiful military.",
        "notas_inspeccion": "Front glass particularly officer. Today glass public shake order direction.\nReady consider because everyone money thing. Bed deep instead meet foreign explain.",
        "cliente_puntual": true
    }
},
{
    "model": "ITV.inspeccion",
    "pk": 42,
    "fields": {
        "trabajador": 9,
        "vehiculo": 2,
        "fecha_inspeccion": "2024-10-24",
        "resultado_inspeccion": "Various community president answer. Concern hot professor value. Many agreement many concern.",
        "notas_inspeccion": "Toward begin reduce. Second into single stock but above player. Fine course line east. Worker south apply experience deep.",
        "cliente_puntual": true
    }
},
{
    "model": "ITV.inspeccion",
    "pk": 43,
    "fields": {
        "trabajador": 7,
        "vehiculo": 12,
        "fecha_inspeccion": "2024-10-24",
        "resultado_inspeccion": "Along practice son to attorney it unit daughter. Day writer never first product role.",
        "notas_inspeccion": "Western report some company section boy beautiful. Example couple wear meeting.\nAgency month act moment.",
        "cliente_puntual": true
    }
},
{
    "model": "ITV.inspeccion",
    "pk": 44,
    "fields": {
        "trabajador": 9,
        "vehiculo": 15,
        "fecha_inspeccion": "2024-10-24",
        "resultado_inspeccion": "Under forward education side. Statement finish inside.",
        "notas_inspeccion": "Whether everything friend where onto. Voice option senior make safe able at.\nEverybody great dinner in. Every interest friend capital maintain bring doctor.",
        "cliente_puntual": true
    }
},
{
    "model": "ITV.inspeccion",
    "pk": 45,
    "fields": {
        "trabajador": 12,
        "vehiculo": 13,
        "fecha_inspeccion": "2024-10-24",
        "resultado_inspeccion": "Expect dark happy believe. Employee enough feel personal.",
        "notas_inspeccion": "I nice event. Good some police voice career home work. Will run before over usually threat then center.\nMachine enter foreign scientist win section for. Dinner since doctor body.",
        "cliente_puntual": true
    }
},
{
    "model": "ITV.inspeccion",
    "pk": 46,
    "fields": {
        "trabajador": 6,
        "vehiculo": 10,
        "fecha_inspeccion": "2024-10-24",
        "resultado_inspeccion": "Mother investment teach would author. Few threat policy just expect hard heavy.",
        "notas_inspeccion": "Then another instead color after cold subject American. Claim however evening message kitchen late staff.",
        "cliente_puntual": true
    }
},
{
    "model": "ITV.inspeccion",
    "pk": 47,
    "fields": {
        "trabajador": 5,
        "vehiculo": 15,
        "fecha_inspeccion": "2024-10-24",
        "resultado_inspeccion": "Two reach stand training sure at. Already structure news six.",
        "notas_inspeccion": "Perhaps key wait. Customer effect meet listen.\nInto them certain company. Movement present usually him.",
        "cliente_puntual": true
    }
},
{
    "model": "ITV.inspeccion",
    "pk": 48,
    "fields": {
        "trabajador": 15,
        "vehiculo": 9,
        "fecha_inspeccion": "2024-10-24",
        "resultado_inspeccion": "Difficult exist reality air hour of whom. May still daughter how.",
        "notas_inspeccion": "Structure appear these modern consumer officer million. Check western mother.\nReduce community establish south. Benefit bar evening. Election receive party throw red interesting discuss history.",
        "cliente_puntual": true
    }
},
{
    "model": "ITV.factura",
    "pk": 1,
    "fields": {
        "inspeccion": 45,
        "resultado": 47,
        "importe": "0.13",
        "pagado": false,
        "fecha_emision_factura": "2024-10-24",
        "observaciones": "Identify require carry senior themselves beyond. Ball bit right himself appear letter. Financial tell politics commercial stand term field central. Current fight raise campaign."
    }
},
{
    "model": "ITV.factura",
    "pk": 2,
    "fields": {
        "inspeccion": 36,
        "resultado": 46,
        "importe": "0.34",
        "pagado": true,
        "fecha_emision_factura": "2024-10-24",
        "observaciones": "Past rich stop how such new enter. Even agree upon marriage own enough prepare. Event consider significant Congress also end."
    }
},
{
    "model": "ITV.factura",
    "pk": 3,
    "fields": {
        "inspeccion": 47,
        "resultado": 42,
        "importe": "0.03",
        "pagado": true,
        "fecha_emision_factura": "2024-10-24",
        "observaciones": "Pm how someone at. People page player account cover. Rather learn at minute southern him five form."
    }
},
{
    "model": "ITV.factura",
    "pk": 4,
    "fields": {
        "inspeccion": 43,
        "resultado": 40,
        "importe": "0.03",
        "pagado": true,
        "fecha_emision_factura": "2024-10-24",
        "observaciones": "Same five sense cup of treat yourself. Actually always act girl. Account we moment form executive list physical apply.\nChoose present stay network."
    }
},
{
    "model": "ITV.factura",
    "pk": 5,
    "fields": {
        "inspeccion": 48,
        "resultado": 36,
        "importe": "0.49",
        "pagado": true,
        "fecha_emision_factura": "2024-10-24",
        "observaciones": "Drug suggest know your would person goal. Mouth industry teacher environment energy much choose pretty. Response there possible growth reason according TV."
    }
},
{
    "model": "ITV.factura",
    "pk": 6,
    "fields": {
        "inspeccion": 39,
        "resultado": 34,
        "importe": "0.87",
        "pagado": false,
        "fecha_emision_factura": "2024-10-24",
        "observaciones": "Else player inside. Watch prepare community only voice reveal.\nParty these huge far various should. Never until mention his their difference bag."
    }
},
{
    "model": "ITV.factura",
    "pk": 7,
    "fields": {
        "inspeccion": 41,
        "resultado": 38,
        "importe": "0.12",
        "pagado": true,
        "fecha_emision_factura": "2024-10-24",
        "observaciones": "Consider beat stock also safe be seat. Again first key between where middle operation.\nKind maybe nor. Good radio pull we eye almost."
    }
},
{
    "model": "ITV.factura",
    "pk": 8,
    "fields": {
        "inspeccion": 42,
        "resultado": 37,
        "importe": "0.40",
        "pagado": false,
        "fecha_emision_factura": "2024-10-24",
        "observaciones": "Total church establish leave traditional. Nice on station toward green. Church feeling analysis they."
    }
},
{
    "model": "ITV.factura",
    "pk": 9,
    "fields": {
        "inspeccion": 37,
        "resultado": 43,
        "importe": "0.26",
        "pagado": false,
        "fecha_emision_factura": "2024-10-24",
        "observaciones": "Wind suggest group future hot. Car low power owner teach likely.\nToward third lead hold himself alone. Current adult watch or one personal stop. Rise commercial picture mission mind enough."
    }
},
{
    "model": "ITV.factura",
    "pk": 10,
    "fields": {
        "inspeccion": 40,
        "resultado": 41,
        "importe": "0.53",
        "pagado": true,
        "fecha_emision_factura": "2024-10-24",
        "observaciones": "Window choose purpose wrong democratic report quite foot. Word be affect sound imagine always. Fill bed mouth catch.\nOur appear business bag discover. Land board move."
    }
},
{
    "model": "ITV.factura",
    "pk": 11,
    "fields": {
        "inspeccion": 46,
        "resultado": 45,
        "importe": "0.17",
        "pagado": true,
        "fecha_emision_factura": "2024-10-24",
        "observaciones": "Simple total big onto hundred consider. Form individual sort travel drug hotel remember.\nBelieve type city common participant money. Commercial level their cultural catch evidence form."
    }
},
{
    "model": "ITV.factura",
    "pk": 12,
    "fields": {
        "inspeccion": 44,
        "resultado": 39,
        "importe": "0.00",
        "pagado": true,
        "fecha_emision_factura": "2024-10-24",
        "observaciones": "Reason include single house. Lay computer bank. Probably voice report.\nWeek suffer fight sport get thus. Image pay plan use eat administration. Think girl news around."
    }
},
{
    "model": "ITV.factura",
    "pk": 13,
    "fields": {
        "inspeccion": 38,
        "resultado": 48,
        "importe": "0.06",
        "pagado": true,
        "fecha_emision_factura": "2024-10-24",
        "observaciones": "No understand author base world my. Shoulder example around ask develop.\nIndicate eye relate. Claim anyone large pattern stand. Source build along particular."
    }
},
{
    "model": "ITV.factura",
    "pk": 14,
    "fields": {
        "inspeccion": 34,
        "resultado": 35,
        "importe": "0.32",
        "pagado": true,
        "fecha_emision_factura": "2024-10-24",
        "observaciones": "Agent whole church draw within. Guess pay ask form child already between. Your inside history word. Break must Democrat side chair.\nDeep economic man cause. Read federal specific job few authority."
    }
},
{
    "model": "ITV.factura",
    "pk": 15,
    "fields": {
        "inspeccion": 35,
        "resultado": 44,
        "importe": "0.10",
        "pagado": false,
        "fecha_emision_factura": "2024-10-24",
        "observaciones": "Main door different create. Side manage media something size.\nLine rich traditional never improve expect left you. Successful consider image fine fire. Region whatever adult federal community gun."
    }
}
]
