[
{
    "model": "admin.logentry",
    "pk": 1,
    "fields": {
        "action_time": "2024-10-30T18:57:33.210",
        "user": 1,
        "content_type": 16,
        "object_id": "16",
        "object_repr": "Vehiculo object (16)",
        "action_flag": 1,
        "change_message": "[{\"added\": {}}]"
    }
},
{
    "model": "auth.permission",
    "pk": 1,
    "fields": {
        "name": "Can add log entry",
        "content_type": 1,
        "codename": "add_logentry"
    }
},
{
    "model": "auth.permission",
    "pk": 2,
    "fields": {
        "name": "Can change log entry",
        "content_type": 1,
        "codename": "change_logentry"
    }
},
{
    "model": "auth.permission",
    "pk": 3,
    "fields": {
        "name": "Can delete log entry",
        "content_type": 1,
        "codename": "delete_logentry"
    }
},
{
    "model": "auth.permission",
    "pk": 4,
    "fields": {
        "name": "Can view log entry",
        "content_type": 1,
        "codename": "view_logentry"
    }
},
{
    "model": "auth.permission",
    "pk": 5,
    "fields": {
        "name": "Can add permission",
        "content_type": 2,
        "codename": "add_permission"
    }
},
{
    "model": "auth.permission",
    "pk": 6,
    "fields": {
        "name": "Can change permission",
        "content_type": 2,
        "codename": "change_permission"
    }
},
{
    "model": "auth.permission",
    "pk": 7,
    "fields": {
        "name": "Can delete permission",
        "content_type": 2,
        "codename": "delete_permission"
    }
},
{
    "model": "auth.permission",
    "pk": 8,
    "fields": {
        "name": "Can view permission",
        "content_type": 2,
        "codename": "view_permission"
    }
},
{
    "model": "auth.permission",
    "pk": 9,
    "fields": {
        "name": "Can add group",
        "content_type": 3,
        "codename": "add_group"
    }
},
{
    "model": "auth.permission",
    "pk": 10,
    "fields": {
        "name": "Can change group",
        "content_type": 3,
        "codename": "change_group"
    }
},
{
    "model": "auth.permission",
    "pk": 11,
    "fields": {
        "name": "Can delete group",
        "content_type": 3,
        "codename": "delete_group"
    }
},
{
    "model": "auth.permission",
    "pk": 12,
    "fields": {
        "name": "Can view group",
        "content_type": 3,
        "codename": "view_group"
    }
},
{
    "model": "auth.permission",
    "pk": 13,
    "fields": {
        "name": "Can add user",
        "content_type": 4,
        "codename": "add_user"
    }
},
{
    "model": "auth.permission",
    "pk": 14,
    "fields": {
        "name": "Can change user",
        "content_type": 4,
        "codename": "change_user"
    }
},
{
    "model": "auth.permission",
    "pk": 15,
    "fields": {
        "name": "Can delete user",
        "content_type": 4,
        "codename": "delete_user"
    }
},
{
    "model": "auth.permission",
    "pk": 16,
    "fields": {
        "name": "Can view user",
        "content_type": 4,
        "codename": "view_user"
    }
},
{
    "model": "auth.permission",
    "pk": 17,
    "fields": {
        "name": "Can add content type",
        "content_type": 5,
        "codename": "add_contenttype"
    }
},
{
    "model": "auth.permission",
    "pk": 18,
    "fields": {
        "name": "Can change content type",
        "content_type": 5,
        "codename": "change_contenttype"
    }
},
{
    "model": "auth.permission",
    "pk": 19,
    "fields": {
        "name": "Can delete content type",
        "content_type": 5,
        "codename": "delete_contenttype"
    }
},
{
    "model": "auth.permission",
    "pk": 20,
    "fields": {
        "name": "Can view content type",
        "content_type": 5,
        "codename": "view_contenttype"
    }
},
{
    "model": "auth.permission",
    "pk": 21,
    "fields": {
        "name": "Can add session",
        "content_type": 6,
        "codename": "add_session"
    }
},
{
    "model": "auth.permission",
    "pk": 22,
    "fields": {
        "name": "Can change session",
        "content_type": 6,
        "codename": "change_session"
    }
},
{
    "model": "auth.permission",
    "pk": 23,
    "fields": {
        "name": "Can delete session",
        "content_type": 6,
        "codename": "delete_session"
    }
},
{
    "model": "auth.permission",
    "pk": 24,
    "fields": {
        "name": "Can view session",
        "content_type": 6,
        "codename": "view_session"
    }
},
{
    "model": "auth.permission",
    "pk": 25,
    "fields": {
        "name": "Can add cliente",
        "content_type": 7,
        "codename": "add_cliente"
    }
},
{
    "model": "auth.permission",
    "pk": 26,
    "fields": {
        "name": "Can change cliente",
        "content_type": 7,
        "codename": "change_cliente"
    }
},
{
    "model": "auth.permission",
    "pk": 27,
    "fields": {
        "name": "Can delete cliente",
        "content_type": 7,
        "codename": "delete_cliente"
    }
},
{
    "model": "auth.permission",
    "pk": 28,
    "fields": {
        "name": "Can view cliente",
        "content_type": 7,
        "codename": "view_cliente"
    }
},
{
    "model": "auth.permission",
    "pk": 29,
    "fields": {
        "name": "Can add empresa externa",
        "content_type": 8,
        "codename": "add_empresaexterna"
    }
},
{
    "model": "auth.permission",
    "pk": 30,
    "fields": {
        "name": "Can change empresa externa",
        "content_type": 8,
        "codename": "change_empresaexterna"
    }
},
{
    "model": "auth.permission",
    "pk": 31,
    "fields": {
        "name": "Can delete empresa externa",
        "content_type": 8,
        "codename": "delete_empresaexterna"
    }
},
{
    "model": "auth.permission",
    "pk": 32,
    "fields": {
        "name": "Can view empresa externa",
        "content_type": 8,
        "codename": "view_empresaexterna"
    }
},
{
    "model": "auth.permission",
    "pk": 33,
    "fields": {
        "name": "Can add estacion itv",
        "content_type": 9,
        "codename": "add_estacionitv"
    }
},
{
    "model": "auth.permission",
    "pk": 34,
    "fields": {
        "name": "Can change estacion itv",
        "content_type": 9,
        "codename": "change_estacionitv"
    }
},
{
    "model": "auth.permission",
    "pk": 35,
    "fields": {
        "name": "Can delete estacion itv",
        "content_type": 9,
        "codename": "delete_estacionitv"
    }
},
{
    "model": "auth.permission",
    "pk": 36,
    "fields": {
        "name": "Can view estacion itv",
        "content_type": 9,
        "codename": "view_estacionitv"
    }
},
{
    "model": "auth.permission",
    "pk": 37,
    "fields": {
        "name": "Can add inspeccion",
        "content_type": 10,
        "codename": "add_inspeccion"
    }
},
{
    "model": "auth.permission",
    "pk": 38,
    "fields": {
        "name": "Can change inspeccion",
        "content_type": 10,
        "codename": "change_inspeccion"
    }
},
{
    "model": "auth.permission",
    "pk": 39,
    "fields": {
        "name": "Can delete inspeccion",
        "content_type": 10,
        "codename": "delete_inspeccion"
    }
},
{
    "model": "auth.permission",
    "pk": 40,
    "fields": {
        "name": "Can view inspeccion",
        "content_type": 10,
        "codename": "view_inspeccion"
    }
},
{
    "model": "auth.permission",
    "pk": 41,
    "fields": {
        "name": "Can add local",
        "content_type": 11,
        "codename": "add_local"
    }
},
{
    "model": "auth.permission",
    "pk": 42,
    "fields": {
        "name": "Can change local",
        "content_type": 11,
        "codename": "change_local"
    }
},
{
    "model": "auth.permission",
    "pk": 43,
    "fields": {
        "name": "Can delete local",
        "content_type": 11,
        "codename": "delete_local"
    }
},
{
    "model": "auth.permission",
    "pk": 44,
    "fields": {
        "name": "Can view local",
        "content_type": 11,
        "codename": "view_local"
    }
},
{
    "model": "auth.permission",
    "pk": 45,
    "fields": {
        "name": "Can add cita",
        "content_type": 12,
        "codename": "add_cita"
    }
},
{
    "model": "auth.permission",
    "pk": 46,
    "fields": {
        "name": "Can change cita",
        "content_type": 12,
        "codename": "change_cita"
    }
},
{
    "model": "auth.permission",
    "pk": 47,
    "fields": {
        "name": "Can delete cita",
        "content_type": 12,
        "codename": "delete_cita"
    }
},
{
    "model": "auth.permission",
    "pk": 48,
    "fields": {
        "name": "Can view cita",
        "content_type": 12,
        "codename": "view_cita"
    }
},
{
    "model": "auth.permission",
    "pk": 49,
    "fields": {
        "name": "Can add factura",
        "content_type": 13,
        "codename": "add_factura"
    }
},
{
    "model": "auth.permission",
    "pk": 50,
    "fields": {
        "name": "Can change factura",
        "content_type": 13,
        "codename": "change_factura"
    }
},
{
    "model": "auth.permission",
    "pk": 51,
    "fields": {
        "name": "Can delete factura",
        "content_type": 13,
        "codename": "delete_factura"
    }
},
{
    "model": "auth.permission",
    "pk": 52,
    "fields": {
        "name": "Can view factura",
        "content_type": 13,
        "codename": "view_factura"
    }
},
{
    "model": "auth.permission",
    "pk": 53,
    "fields": {
        "name": "Can add maquinaria",
        "content_type": 14,
        "codename": "add_maquinaria"
    }
},
{
    "model": "auth.permission",
    "pk": 54,
    "fields": {
        "name": "Can change maquinaria",
        "content_type": 14,
        "codename": "change_maquinaria"
    }
},
{
    "model": "auth.permission",
    "pk": 55,
    "fields": {
        "name": "Can delete maquinaria",
        "content_type": 14,
        "codename": "delete_maquinaria"
    }
},
{
    "model": "auth.permission",
    "pk": 56,
    "fields": {
        "name": "Can view maquinaria",
        "content_type": 14,
        "codename": "view_maquinaria"
    }
},
{
    "model": "auth.permission",
    "pk": 57,
    "fields": {
        "name": "Can add trabajador",
        "content_type": 15,
        "codename": "add_trabajador"
    }
},
{
    "model": "auth.permission",
    "pk": 58,
    "fields": {
        "name": "Can change trabajador",
        "content_type": 15,
        "codename": "change_trabajador"
    }
},
{
    "model": "auth.permission",
    "pk": 59,
    "fields": {
        "name": "Can delete trabajador",
        "content_type": 15,
        "codename": "delete_trabajador"
    }
},
{
    "model": "auth.permission",
    "pk": 60,
    "fields": {
        "name": "Can view trabajador",
        "content_type": 15,
        "codename": "view_trabajador"
    }
},
{
    "model": "auth.permission",
    "pk": 61,
    "fields": {
        "name": "Can add vehiculo",
        "content_type": 16,
        "codename": "add_vehiculo"
    }
},
{
    "model": "auth.permission",
    "pk": 62,
    "fields": {
        "name": "Can change vehiculo",
        "content_type": 16,
        "codename": "change_vehiculo"
    }
},
{
    "model": "auth.permission",
    "pk": 63,
    "fields": {
        "name": "Can delete vehiculo",
        "content_type": 16,
        "codename": "delete_vehiculo"
    }
},
{
    "model": "auth.permission",
    "pk": 64,
    "fields": {
        "name": "Can view vehiculo",
        "content_type": 16,
        "codename": "view_vehiculo"
    }
},
{
    "model": "auth.user",
    "pk": 1,
    "fields": {
        "password": "pbkdf2_sha256$870000$8WPY7Lov3VCU3k4Bu4Fd6a$MQVRRDpBBwTDbuPk/gVMPOypJUlMSJHEpmnLfaoYRus=",
        "last_login": "2024-10-30T18:56:51.593",
        "is_superuser": true,
        "username": "javier",
        "first_name": "",
        "last_name": "",
        "email": "",
        "is_staff": true,
        "is_active": true,
        "date_joined": "2024-10-30T18:56:32.332",
        "groups": [],
        "user_permissions": []
    }
},
{
    "model": "contenttypes.contenttype",
    "pk": 1,
    "fields": {
        "app_label": "admin",
        "model": "logentry"
    }
},
{
    "model": "contenttypes.contenttype",
    "pk": 2,
    "fields": {
        "app_label": "auth",
        "model": "permission"
    }
},
{
    "model": "contenttypes.contenttype",
    "pk": 3,
    "fields": {
        "app_label": "auth",
        "model": "group"
    }
},
{
    "model": "contenttypes.contenttype",
    "pk": 4,
    "fields": {
        "app_label": "auth",
        "model": "user"
    }
},
{
    "model": "contenttypes.contenttype",
    "pk": 5,
    "fields": {
        "app_label": "contenttypes",
        "model": "contenttype"
    }
},
{
    "model": "contenttypes.contenttype",
    "pk": 6,
    "fields": {
        "app_label": "sessions",
        "model": "session"
    }
},
{
    "model": "contenttypes.contenttype",
    "pk": 7,
    "fields": {
        "app_label": "ITV",
        "model": "cliente"
    }
},
{
    "model": "contenttypes.contenttype",
    "pk": 8,
    "fields": {
        "app_label": "ITV",
        "model": "empresaexterna"
    }
},
{
    "model": "contenttypes.contenttype",
    "pk": 9,
    "fields": {
        "app_label": "ITV",
        "model": "estacionitv"
    }
},
{
    "model": "contenttypes.contenttype",
    "pk": 10,
    "fields": {
        "app_label": "ITV",
        "model": "inspeccion"
    }
},
{
    "model": "contenttypes.contenttype",
    "pk": 11,
    "fields": {
        "app_label": "ITV",
        "model": "local"
    }
},
{
    "model": "contenttypes.contenttype",
    "pk": 12,
    "fields": {
        "app_label": "ITV",
        "model": "cita"
    }
},
{
    "model": "contenttypes.contenttype",
    "pk": 13,
    "fields": {
        "app_label": "ITV",
        "model": "factura"
    }
},
{
    "model": "contenttypes.contenttype",
    "pk": 14,
    "fields": {
        "app_label": "ITV",
        "model": "maquinaria"
    }
},
{
    "model": "contenttypes.contenttype",
    "pk": 15,
    "fields": {
        "app_label": "ITV",
        "model": "trabajador"
    }
},
{
    "model": "contenttypes.contenttype",
    "pk": 16,
    "fields": {
        "app_label": "ITV",
        "model": "vehiculo"
    }
},
{
    "model": "sessions.session",
    "pk": "abct5ogczjjyrftmblkvtbp80jviwhcr",
    "fields": {
        "session_data": ".eJxVjEEOgjAQRe_StWmmdDqIS_ecgUw7U4saSCisjHdXEha6_e-9_zIDb2sZtqrLMIq5GGdOv1vk9NBpB3Ln6TbbNE_rMka7K_ag1faz6PN6uH8HhWv51iw5kJyBMnifCSlgTA7RAXFDosBtch0gYBNbVa-QugyEXiAGp2jeH9KhN1U:1t6Cw7:vIiSUd8C5KpvWQp5PFfjbvPwBsF4ArpbnOuMIwUNz94",
        "expire_date": "2024-11-13T18:56:51.693"
    }
},
{
    "model": "ITV.cliente",
    "pk": 3,
    "fields": {
        "nombre": "Single might throughout worker wait.",
        "apellidos": "Sound fund card success account south his.",
        "sexo": "M",
        "fecha_nacimiento": "2024-12-09",
        "codigo_postal": 4901,
        "domicilio": "Floor receive for. Tax moment order nothing now.Peace resource write clear case investment. Too glass chair true reality tax. Region individual per simply between former arm.",
        "correo": "richsherry@example.com",
        "telefono": 25960,
        "dni": "18022534C",
        "imagen": "imagenes/logo_a7qVApZ.png"
    }
},
{
    "model": "ITV.cliente",
    "pk": 4,
    "fields": {
        "nombre": "Notice seat nearly term ball number stock.",
        "apellidos": "Where school bit tend explain week.",
        "sexo": "F",
        "fecha_nacimiento": "2021-12-28",
        "codigo_postal": -16119,
        "domicilio": "Same she move night. Star leader color true rather.\nSeat employee save everyone risk finish spend. Between for story charge him. Magazine pretty glass million keep let your.",
        "correo": "brownhunter@example.org",
        "telefono": 13653,
        "dni": "Enough.",
        "imagen": "imagenes/icono.png"
    }
},
{
    "model": "ITV.cliente",
    "pk": 5,
    "fields": {
        "nombre": "Almost owner front economic sport.",
        "apellidos": "Occur great management instead.",
        "sexo": "F",
        "fecha_nacimiento": "1988-09-11",
        "codigo_postal": 7553,
        "domicilio": "About enjoy station reality true need plan field. Plan oil reality kind. Theory open student police worker career science. Management parent enjoy court here.",
        "correo": "pirwin@example.net",
        "telefono": 16217,
        "dni": "Could.",
        "imagen": "imagenes/icono.png"
    }
},
{
    "model": "ITV.cliente",
    "pk": 6,
    "fields": {
        "nombre": "Require population style level public under.",
        "apellidos": "Hundred suffer remember history.",
        "sexo": "M",
        "fecha_nacimiento": "2017-11-26",
        "codigo_postal": 2800,
        "domicilio": "Safe truth customer throughout young skill.\nAble imagine way sign. Trouble resource interesting he order. Wrong citizen grow Mrs.",
        "correo": "hallmitchell@example.com",
        "telefono": 23999,
        "dni": "Night.",
        "imagen": "imagenes/icono.png"
    }
},
{
    "model": "ITV.cliente",
    "pk": 7,
    "fields": {
        "nombre": "Arm system seem tend produce player item.",
        "apellidos": "Wait process store save begin vote from.",
        "sexo": "M",
        "fecha_nacimiento": "2023-10-06",
        "codigo_postal": -6513,
        "domicilio": "Task organization that. Interview national great figure design factor.\nFund many impact single. Someone generation you gas PM strategy might plant.",
        "correo": "adkinschristine@example.org",
        "telefono": 17280,
        "dni": "Total.",
        "imagen": "imagenes/icono.png"
    }
},
{
    "model": "ITV.cliente",
    "pk": 8,
    "fields": {
        "nombre": "Lead low seat near perform.",
        "apellidos": "Until really science often.",
        "sexo": "M",
        "fecha_nacimiento": "1978-12-11",
        "codigo_postal": -29495,
        "domicilio": "How radio friend piece street. Within outside cultural large Republican agree air.\nAnd different six water six. Participant main activity stand already quickly.",
        "correo": "samuelrichardson@example.org",
        "telefono": 37,
        "dni": "Care put.",
        "imagen": "imagenes/icono.png"
    }
},
{
    "model": "ITV.cliente",
    "pk": 9,
    "fields": {
        "nombre": "Role positive kitchen reduce never figure money.",
        "apellidos": "Find audience make take become responsibility.",
        "sexo": "F",
        "fecha_nacimiento": "1999-05-18",
        "codigo_postal": -25779,
        "domicilio": "Top risk morning indicate politics. Into woman control which now clearly must.\nHere third feel beyond. Month process store compare. Relate pressure entire process human.",
        "correo": "richardjenkins@example.com",
        "telefono": 23420,
        "dni": "Common.",
        "imagen": "imagenes/icono.png"
    }
},
{
    "model": "ITV.cliente",
    "pk": 10,
    "fields": {
        "nombre": "Person tough professional feel.",
        "apellidos": "Either understand many morning.",
        "sexo": "F",
        "fecha_nacimiento": "2007-10-06",
        "codigo_postal": 15293,
        "domicilio": "Source beautiful believe your fill. Nice see during address institution. Table use here need move.\nOpportunity two ahead allow. Throw positive air per. Require major scientist believe fall card.",
        "correo": "stephensonluis@example.net",
        "telefono": 5031,
        "dni": "Hear say.",
        "imagen": "imagenes/icono.png"
    }
},
{
    "model": "ITV.cliente",
    "pk": 12,
    "fields": {
        "nombre": "West well cost where.",
        "apellidos": "Thank morning our idea.",
        "sexo": "F",
        "fecha_nacimiento": "1994-02-13",
        "codigo_postal": -1895,
        "domicilio": "Away wonder think particularly any center alone. Number military fall should identify certainly government.",
        "correo": "dcunningham@example.net",
        "telefono": 30380,
        "dni": "Expert.",
        "imagen": "imagenes/icono.png"
    }
},
{
    "model": "ITV.cliente",
    "pk": 13,
    "fields": {
        "nombre": "Pick result free control company.",
        "apellidos": "Eight direction direction already yet.",
        "sexo": "M",
        "fecha_nacimiento": "1975-01-20",
        "codigo_postal": 16638,
        "domicilio": "Doctor major reflect laugh usually election.\nKitchen from beautiful school several. Prove son usually. Interview town factor professor who.",
        "correo": "rodriguezashlee@example.com",
        "telefono": 6945,
        "dni": "Contain.",
        "imagen": "imagenes/icono.png"
    }
},
{
    "model": "ITV.cliente",
    "pk": 14,
    "fields": {
        "nombre": "Rich week into top man tonight American receive.",
        "apellidos": "Race similar both authority myself.",
        "sexo": "M",
        "fecha_nacimiento": "1972-01-25",
        "codigo_postal": -30925,
        "domicilio": "Determine miss along such. Challenge whom floor effect woman person.\nAffect future cell purpose. Happen area tree generation.",
        "correo": "mparker@example.com",
        "telefono": 20857,
        "dni": "Once.",
        "imagen": "imagenes/icono.png"
    }
},
{
    "model": "ITV.cliente",
    "pk": 15,
    "fields": {
        "nombre": "Pattern face experience according old.",
        "apellidos": "Yet talk candidate of important.",
        "sexo": "F",
        "fecha_nacimiento": "1993-10-15",
        "codigo_postal": -7881,
        "domicilio": "Factor vote imagine else. Often medical value.\nFinally charge federal.\nAbility standard pick set. Up common ability kid upon could. Way brother pressure world.",
        "correo": "amiller@example.org",
        "telefono": 27196,
        "dni": "Toward.",
        "imagen": "imagenes/icono.png"
    }
},
{
    "model": "ITV.local",
    "pk": 1,
    "fields": {
        "precio": 0.46,
        "metros": "0.867",
        "anio_arrendamiento": "2024-07-31",
        "duenio": "Hundred lawyer treatment level."
    }
},
{
    "model": "ITV.local",
    "pk": 2,
    "fields": {
        "precio": 0.5618036313156188,
        "metros": "0.902",
        "anio_arrendamiento": "2001-02-04",
        "duenio": "Across second push eye site plant."
    }
},
{
    "model": "ITV.local",
    "pk": 3,
    "fields": {
        "precio": 0.7100527230786193,
        "metros": "0.966",
        "anio_arrendamiento": "2017-09-28",
        "duenio": "Media country chair her whose foreign."
    }
},
{
    "model": "ITV.local",
    "pk": 4,
    "fields": {
        "precio": 0.36432053701402634,
        "metros": "0.902",
        "anio_arrendamiento": "1997-06-13",
        "duenio": "System media air fill."
    }
},
{
    "model": "ITV.local",
    "pk": 5,
    "fields": {
        "precio": 0.8519344362607759,
        "metros": "0.836",
        "anio_arrendamiento": "1992-02-12",
        "duenio": "Along out government. Glass quite state put line."
    }
},
{
    "model": "ITV.local",
    "pk": 6,
    "fields": {
        "precio": 0.7740806201244329,
        "metros": "0.120",
        "anio_arrendamiento": "1989-12-23",
        "duenio": "Control occur fact. Need simply yeah voice."
    }
},
{
    "model": "ITV.local",
    "pk": 7,
    "fields": {
        "precio": 0.26733535052237545,
        "metros": "0.111",
        "anio_arrendamiento": "2015-08-29",
        "duenio": "Risk strategy walk continue."
    }
},
{
    "model": "ITV.local",
    "pk": 8,
    "fields": {
        "precio": 0.653006357247229,
        "metros": "0.194",
        "anio_arrendamiento": "1992-06-07",
        "duenio": "Mention at top human accept entire write."
    }
},
{
    "model": "ITV.local",
    "pk": 9,
    "fields": {
        "precio": 0.8435368030590261,
        "metros": "0.860",
        "anio_arrendamiento": "2009-01-08",
        "duenio": "Include lawyer production finally from."
    }
},
{
    "model": "ITV.local",
    "pk": 10,
    "fields": {
        "precio": 0.44627648509669104,
        "metros": "0.248",
        "anio_arrendamiento": "1975-04-26",
        "duenio": "Yeah skill place analysis."
    }
},
{
    "model": "ITV.local",
    "pk": 11,
    "fields": {
        "precio": 0.04540867669517901,
        "metros": "0.893",
        "anio_arrendamiento": "2011-10-27",
        "duenio": "Campaign beat long hand through."
    }
},
{
    "model": "ITV.local",
    "pk": 12,
    "fields": {
        "precio": 0.09710172026417918,
        "metros": "0.050",
        "anio_arrendamiento": "1999-02-14",
        "duenio": "Including window should pass. Father light floor."
    }
},
{
    "model": "ITV.local",
    "pk": 13,
    "fields": {
        "precio": 0.6365727007206784,
        "metros": "0.514",
        "anio_arrendamiento": "2004-01-06",
        "duenio": "Medical new role make."
    }
},
{
    "model": "ITV.local",
    "pk": 14,
    "fields": {
        "precio": 0.8424282425685694,
        "metros": "0.154",
        "anio_arrendamiento": "1995-10-31",
        "duenio": "Building require everybody play such."
    }
},
{
    "model": "ITV.estacionitv",
    "pk": 3,
    "fields": {
        "local": 5,
        "nombre": "Pattern music memory material help.",
        "munipio": "Him wait safe level though bad.",
        "eficiencia_energetica": "g",
        "comunidad_autonoma": "Include quite key."
    }
},
{
    "model": "ITV.estacionitv",
    "pk": 4,
    "fields": {
        "local": 9,
        "nombre": "Institution drug in state age.",
        "munipio": "Leave value develop forget total.",
        "eficiencia_energetica": "s",
        "comunidad_autonoma": "Shoulder including."
    }
},
{
    "model": "ITV.estacionitv",
    "pk": 5,
    "fields": {
        "local": 13,
        "nombre": "Plant member blood.",
        "munipio": "Long drop including win age sing.",
        "eficiencia_energetica": "t",
        "comunidad_autonoma": "Color simply big."
    }
},
{
    "model": "ITV.estacionitv",
    "pk": 6,
    "fields": {
        "local": 3,
        "nombre": "Strong around catch firm that brother trial.",
        "munipio": "Lay skill painting sport us.",
        "eficiencia_energetica": "n",
        "comunidad_autonoma": "Mouth answer eye."
    }
},
{
    "model": "ITV.estacionitv",
    "pk": 7,
    "fields": {
        "local": 8,
        "nombre": "Nature senior play land account.",
        "munipio": "Guy someone company see body.",
        "eficiencia_energetica": "s",
        "comunidad_autonoma": "Look clear industry."
    }
},
{
    "model": "ITV.estacionitv",
    "pk": 8,
    "fields": {
        "local": 14,
        "nombre": "Involve wind word prove.",
        "munipio": "Name rather figure new role trip.",
        "eficiencia_energetica": "s",
        "comunidad_autonoma": "Leg hope here."
    }
},
{
    "model": "ITV.estacionitv",
    "pk": 9,
    "fields": {
        "local": 12,
        "nombre": "On believe sound soldier cost point nation.",
        "munipio": "Mother everybody state. Hot from deal fine else.",
        "eficiencia_energetica": "e",
        "comunidad_autonoma": "Despite live hotel."
    }
},
{
    "model": "ITV.estacionitv",
    "pk": 10,
    "fields": {
        "local": 7,
        "nombre": "Next who school away market.",
        "munipio": "Ever organization unit lead surface.",
        "eficiencia_energetica": "m",
        "comunidad_autonoma": "List sometimes most."
    }
},
{
    "model": "ITV.estacionitv",
    "pk": 11,
    "fields": {
        "local": 6,
        "nombre": "Meeting book sea agent likely imagine.",
        "munipio": "Week anyone so music place.",
        "eficiencia_energetica": "q",
        "comunidad_autonoma": "Up reach seem still."
    }
},
{
    "model": "ITV.estacionitv",
    "pk": 12,
    "fields": {
        "local": 2,
        "nombre": "Arrive quickly amount all.",
        "munipio": "Able relationship Republican old.",
        "eficiencia_energetica": "n",
        "comunidad_autonoma": "You model remain."
    }
},
{
    "model": "ITV.estacionitv",
    "pk": 13,
    "fields": {
        "local": 10,
        "nombre": "How possible require economy quite north.",
        "munipio": "Executive certainly song own sound.",
        "eficiencia_energetica": "m",
        "comunidad_autonoma": "Perform social."
    }
},
{
    "model": "ITV.estacionitv",
    "pk": 14,
    "fields": {
        "local": 4,
        "nombre": "Total like care game rise.",
        "munipio": "Real American data magazine fall.",
        "eficiencia_energetica": "f",
        "comunidad_autonoma": "Statement market."
    }
},
{
    "model": "ITV.estacionitv",
    "pk": 15,
    "fields": {
        "local": 1,
        "nombre": "Class grow where minute.",
        "munipio": "Build especially standard case.",
        "eficiencia_energetica": "b",
        "comunidad_autonoma": "Last chance reflect."
    }
},
{
    "model": "ITV.cita",
    "pk": 1,
    "fields": {
        "cliente": 10,
        "estacion": 5,
        "matricula": "Of it.",
        "fecha_matriculacion": "2011-04-05",
        "numero_bastidor": "Fact town get.",
        "tipo_inspeccion": "VETAX",
        "remolque": false,
        "tipo_pago": "TA",
        "fecha_propuesta": "2020-07-30",
        "hora_propuesta": "19:19:00"
    }
},
{
    "model": "ITV.cita",
    "pk": 3,
    "fields": {
        "cliente": 4,
        "estacion": 14,
        "matricula": "Attack.",
        "fecha_matriculacion": "2019-12-06",
        "numero_bastidor": "Inside recently.",
        "tipo_inspeccion": "VETAXV",
        "remolque": true,
        "tipo_pago": "EF",
        "fecha_propuesta": "1976-03-03",
        "hora_propuesta": "22:48:06"
    }
},
{
    "model": "ITV.cita",
    "pk": 4,
    "fields": {
        "cliente": 4,
        "estacion": 11,
        "matricula": "Eat.",
        "fecha_matriculacion": "1978-10-29",
        "numero_bastidor": "Democrat.",
        "tipo_inspeccion": "VETAX",
        "remolque": false,
        "tipo_pago": "EF",
        "fecha_propuesta": "2009-02-13",
        "hora_propuesta": "22:07:46"
    }
},
{
    "model": "ITV.cita",
    "pk": 6,
    "fields": {
        "cliente": 8,
        "estacion": 9,
        "matricula": "Skin.",
        "fecha_matriculacion": "1993-10-28",
        "numero_bastidor": "Hit reflect.",
        "tipo_inspeccion": "NOPE",
        "remolque": false,
        "tipo_pago": "EF",
        "fecha_propuesta": "1984-10-24",
        "hora_propuesta": "10:29:06"
    }
},
{
    "model": "ITV.cita",
    "pk": 8,
    "fields": {
        "cliente": 12,
        "estacion": 10,
        "matricula": "Fine.",
        "fecha_matriculacion": "1971-07-07",
        "numero_bastidor": "Give against.",
        "tipo_inspeccion": "VETAX",
        "remolque": true,
        "tipo_pago": "EF",
        "fecha_propuesta": "1980-04-27",
        "hora_propuesta": "20:59:42"
    }
},
{
    "model": "ITV.cita",
    "pk": 10,
    "fields": {
        "cliente": 14,
        "estacion": 3,
        "matricula": "But.",
        "fecha_matriculacion": "2024-08-11",
        "numero_bastidor": "Present age.",
        "tipo_inspeccion": "VETAX",
        "remolque": true,
        "tipo_pago": "TA",
        "fecha_propuesta": "1975-12-12",
        "hora_propuesta": "15:54:27"
    }
},
{
    "model": "ITV.cita",
    "pk": 12,
    "fields": {
        "cliente": 13,
        "estacion": 10,
        "matricula": "Task.",
        "fecha_matriculacion": "2006-05-18",
        "numero_bastidor": "Every risk guy.",
        "tipo_inspeccion": "VETAX",
        "remolque": false,
        "tipo_pago": "TA",
        "fecha_propuesta": "2012-09-16",
        "hora_propuesta": "03:48:11"
    }
},
{
    "model": "ITV.cita",
    "pk": 14,
    "fields": {
        "cliente": 10,
        "estacion": 11,
        "matricula": "Them.",
        "fecha_matriculacion": "1994-04-08",
        "numero_bastidor": "Traditional stay.",
        "tipo_inspeccion": "NOPE",
        "remolque": false,
        "tipo_pago": "TA",
        "fecha_propuesta": "2024-05-04",
        "hora_propuesta": "00:44:27"
    }
},
{
    "model": "ITV.empresaexterna",
    "pk": 1,
    "fields": {
        "nombre": "Wait say response impact better foreign Mrs.",
        "municipio": "Positive guy carry issue within and listen.",
        "coste": 0.5260348587627212,
        "cif": "Seat school."
    }
},
{
    "model": "ITV.empresaexterna",
    "pk": 2,
    "fields": {
        "nombre": "Safe reason film concern.",
        "municipio": "Treatment could more part else unit.",
        "coste": 0.17950226258623947,
        "cif": "Loss debate."
    }
},
{
    "model": "ITV.empresaexterna",
    "pk": 3,
    "fields": {
        "nombre": "These throw know bit should.",
        "municipio": "Particularly foot us strong school.",
        "coste": 0.1411999487372263,
        "cif": "Open entire."
    }
},
{
    "model": "ITV.empresaexterna",
    "pk": 4,
    "fields": {
        "nombre": "Well production painting one.",
        "municipio": "Watch lose onto. Away market exactly.",
        "coste": 0.8809731719387383,
        "cif": "Itself."
    }
},
{
    "model": "ITV.empresaexterna",
    "pk": 5,
    "fields": {
        "nombre": "Child skin fly same consider financial return.",
        "municipio": "Source color your land throw indicate individual.",
        "coste": 0.2798751060695007,
        "cif": "Car student."
    }
},
{
    "model": "ITV.empresaexterna",
    "pk": 6,
    "fields": {
        "nombre": "Gun his attorney over lot measure.",
        "municipio": "Social yet time west central rise.",
        "coste": 0.05743861361880043,
        "cif": "Another up."
    }
},
{
    "model": "ITV.empresaexterna",
    "pk": 7,
    "fields": {
        "nombre": "Yeah whom sea set.",
        "municipio": "Long role when price system edge.",
        "coste": 0.0791931904033969,
        "cif": "Space right."
    }
},
{
    "model": "ITV.empresaexterna",
    "pk": 8,
    "fields": {
        "nombre": "Only your many participant find age treatment.",
        "municipio": "Material art role across fund.",
        "coste": 0.5003369952671434,
        "cif": "Million fly."
    }
},
{
    "model": "ITV.empresaexterna",
    "pk": 9,
    "fields": {
        "nombre": "Century happen those scene.",
        "municipio": "Look eight since.",
        "coste": 0.8519157454024466,
        "cif": "Hear heavy."
    }
},
{
    "model": "ITV.empresaexterna",
    "pk": 10,
    "fields": {
        "nombre": "Training both own anyone range audience position.",
        "municipio": "Her attention assume high kid.",
        "coste": 0.9994923254399354,
        "cif": "For loss level."
    }
},
{
    "model": "ITV.empresaexterna",
    "pk": 11,
    "fields": {
        "nombre": "Finally kid wrong road.",
        "municipio": "Language leader tonight debate effort.",
        "coste": 0.37548364667660716,
        "cif": "Power some."
    }
},
{
    "model": "ITV.empresaexterna",
    "pk": 12,
    "fields": {
        "nombre": "Responsibility event back instead nice.",
        "municipio": "Natural and sound. Oil environment out age.",
        "coste": 0.4682943857369616,
        "cif": "Phone sport."
    }
},
{
    "model": "ITV.empresaexterna",
    "pk": 13,
    "fields": {
        "nombre": "Early could deep character.",
        "municipio": "Compare red address probably small nor.",
        "coste": 0.7981029116409493,
        "cif": "Stuff control."
    }
},
{
    "model": "ITV.empresaexterna",
    "pk": 14,
    "fields": {
        "nombre": "Consider subject will each instead bill upon.",
        "municipio": "Word sport tend baby.",
        "coste": 0.9393164868964154,
        "cif": "Executive."
    }
},
{
    "model": "ITV.empresaexterna",
    "pk": 15,
    "fields": {
        "nombre": "Particularly find senior her experience.",
        "municipio": "Measure think gas center week outside his.",
        "coste": 0.45018508458441775,
        "cif": "From name."
    }
},
{
    "model": "ITV.maquinaria",
    "pk": 2,
    "fields": {
        "iestacionItv": 11,
        "idmpresaExterna": 6,
        "nombre": "Exactly meet remember he there cold institution.",
        "tipo": "EM",
        "ultimo_mantenimiento": "1996-08-08",
        "funcionando": true
    }
},
{
    "model": "ITV.maquinaria",
    "pk": 4,
    "fields": {
        "iestacionItv": 15,
        "idmpresaExterna": 14,
        "nombre": "Imagine instead any. Real it fast day exist.",
        "tipo": "EM",
        "ultimo_mantenimiento": "1987-02-08",
        "funcionando": true
    }
},
{
    "model": "ITV.maquinaria",
    "pk": 5,
    "fields": {
        "iestacionItv": 12,
        "idmpresaExterna": 5,
        "nombre": "Trip anything carry system down practice pattern.",
        "tipo": "FR",
        "ultimo_mantenimiento": "1982-04-25",
        "funcionando": true
    }
},
{
    "model": "ITV.maquinaria",
    "pk": 6,
    "fields": {
        "iestacionItv": 6,
        "idmpresaExterna": 4,
        "nombre": "Bank security purpose.",
        "tipo": "EM",
        "ultimo_mantenimiento": "2019-07-31",
        "funcionando": true
    }
},
{
    "model": "ITV.maquinaria",
    "pk": 7,
    "fields": {
        "iestacionItv": 3,
        "idmpresaExterna": 3,
        "nombre": "Take tough member dinner west imagine.",
        "tipo": "DI",
        "ultimo_mantenimiento": "2020-03-31",
        "funcionando": true
    }
},
{
    "model": "ITV.maquinaria",
    "pk": 8,
    "fields": {
        "iestacionItv": 5,
        "idmpresaExterna": 2,
        "nombre": "Me city could his. Affect few design today small.",
        "tipo": "DI",
        "ultimo_mantenimiento": "1971-09-23",
        "funcionando": true
    }
},
{
    "model": "ITV.maquinaria",
    "pk": 9,
    "fields": {
        "iestacionItv": 4,
        "idmpresaExterna": 1,
        "nombre": "Life market you century process clearly air.",
        "tipo": "EM",
        "ultimo_mantenimiento": "2020-09-26",
        "funcionando": true
    }
},
{
    "model": "ITV.maquinaria",
    "pk": 11,
    "fields": {
        "iestacionItv": 6,
        "idmpresaExterna": 13,
        "nombre": "Level prepare show shake action baby baby risk.",
        "tipo": "FR",
        "ultimo_mantenimiento": "1981-04-03",
        "funcionando": true
    }
},
{
    "model": "ITV.maquinaria",
    "pk": 13,
    "fields": {
        "iestacionItv": 7,
        "idmpresaExterna": 9,
        "nombre": "Song month top every hold report above describe.",
        "tipo": "DI",
        "ultimo_mantenimiento": "1973-09-08",
        "funcionando": true
    }
},
{
    "model": "ITV.maquinaria",
    "pk": 14,
    "fields": {
        "iestacionItv": 10,
        "idmpresaExterna": 7,
        "nombre": "Enjoy camera behavior scientist.",
        "tipo": "FR",
        "ultimo_mantenimiento": "2016-12-15",
        "funcionando": true
    }
},
{
    "model": "ITV.maquinaria",
    "pk": 15,
    "fields": {
        "iestacionItv": 11,
        "idmpresaExterna": 15,
        "nombre": "Type call day effort baby item.",
        "tipo": "EM",
        "ultimo_mantenimiento": "1979-07-23",
        "funcionando": true
    }
},
{
    "model": "ITV.trabajador",
    "pk": 1,
    "fields": {
        "nombre": "Cell",
        "apellidos": "Decade kid truth perform month.",
        "puesto": "FR",
        "sueldo": 0.19609045728845031,
        "observaciones": "Fact north condition. Thought onto region record everyone east.\r\nStand about including north exist claim yeah.",
        "estacion": [
            5
        ]
    }
},
{
    "model": "ITV.trabajador",
    "pk": 2,
    "fields": {
        "nombre": "Page pick create including phone relate each.",
        "apellidos": "Want accept affect gun able laugh.",
        "puesto": "DI",
        "sueldo": 0.5034381849627547,
        "observaciones": "Continue explain market eight of. Moment fund rise high list attention answer.",
        "estacion": [
            4,
            7,
            10
        ]
    }
},
{
    "model": "ITV.trabajador",
    "pk": 3,
    "fields": {
        "nombre": "Any leader claim drive.",
        "apellidos": "Watch summer write draw mean.",
        "puesto": "DI",
        "sueldo": 0.0001013018770381624,
        "observaciones": "Current moment data friend. Industry allow by.\nCurrent agency both environment. Then hair show chair environment pass American.",
        "estacion": [
            3,
            12
        ]
    }
},
{
    "model": "ITV.trabajador",
    "pk": 4,
    "fields": {
        "nombre": "Day type theory girl factor.",
        "apellidos": "Same hit event late.",
        "puesto": "EM",
        "sueldo": 0.31516077096347395,
        "observaciones": "He maybe last. Day thing business up himself gas. Whether team might ahead process include at image.",
        "estacion": [
            3,
            4
        ]
    }
},
{
    "model": "ITV.trabajador",
    "pk": 5,
    "fields": {
        "nombre": "Somebody doctor particularly development.",
        "apellidos": "Realize paper should.",
        "puesto": "FR",
        "sueldo": 0.4413235362415199,
        "observaciones": "Today evidence address. Part born play several.\nSuccess budget we major represent beautiful. Second rule others seek relate. Theory son how care then success.",
        "estacion": [
            6
        ]
    }
},
{
    "model": "ITV.trabajador",
    "pk": 6,
    "fields": {
        "nombre": "Ago impact green final mouth.",
        "apellidos": "Can buy unit free. Eat ready find.",
        "puesto": "DI",
        "sueldo": 0.4220916783906923,
        "observaciones": "Doctor letter deal kid. Investment improve eat open sit daughter.\nThough modern campaign person chair despite. Good law car eight look these.",
        "estacion": [
            13
        ]
    }
},
{
    "model": "ITV.trabajador",
    "pk": 7,
    "fields": {
        "nombre": "Assume certain herself name enough.",
        "apellidos": "Or test institution not thousand.",
        "puesto": "FR",
        "sueldo": 0.8499110148123082,
        "observaciones": "Center marriage himself watch police call method year. Drop new thus there hot part. Wish decade beautiful result reveal behavior. May hair two my specific item.",
        "estacion": [
            3,
            6,
            8,
            14
        ]
    }
},
{
    "model": "ITV.trabajador",
    "pk": 8,
    "fields": {
        "nombre": "Later name cover nice goal.",
        "apellidos": "Fish mind writer make also.",
        "puesto": "FR",
        "sueldo": 0.9664339674434487,
        "observaciones": "Serious north fast across production resource. Pretty follow necessary now.\nSignificant expert card nation nearly. Effort four much oil tend energy. Truth member situation shoulder.",
        "estacion": [
            6,
            15
        ]
    }
},
{
    "model": "ITV.trabajador",
    "pk": 9,
    "fields": {
        "nombre": "Something child factor suddenly vote rock.",
        "apellidos": "Common agency act. View trouble cup film.",
        "puesto": "EM",
        "sueldo": 0.21734677613476872,
        "observaciones": "Institution organization reality song quality. Record appear development. Type throw describe series future describe.",
        "estacion": [
            13,
            14,
            15
        ]
    }
},
{
    "model": "ITV.trabajador",
    "pk": 10,
    "fields": {
        "nombre": "Which voice mission top approach on red.",
        "apellidos": "Draw bring mind force respond deal.",
        "puesto": "DI",
        "sueldo": 0.1886647236424117,
        "observaciones": "Condition stage though eight southern member. Former student tax oil. Stand situation network per policy society. Quite avoid hospital with American responsibility.",
        "estacion": [
            12,
            14
        ]
    }
},
{
    "model": "ITV.trabajador",
    "pk": 11,
    "fields": {
        "nombre": "When game carry rise majority myself bank.",
        "apellidos": "Attorney can our water institution.",
        "puesto": "DI",
        "sueldo": 0.5904649155181851,
        "observaciones": "Most marriage story building. Alone structure look particularly decide even part.\nAffect let citizen do use. End or final its government response small reason.\nYou institution significant.",
        "estacion": []
    }
},
{
    "model": "ITV.trabajador",
    "pk": 12,
    "fields": {
        "nombre": "Believe tend force but laugh.",
        "apellidos": "Source rate success left fear best.",
        "puesto": "EM",
        "sueldo": 0.9110760096784,
        "observaciones": "Recent still special water their start. Focus then because set letter. Decision actually edge far.",
        "estacion": [
            4
        ]
    }
},
{
    "model": "ITV.trabajador",
    "pk": 13,
    "fields": {
        "nombre": "Note arm part provide range best store.",
        "apellidos": "Book not party body. Though eat after group take.",
        "puesto": "EM",
        "sueldo": 0.28116403681124646,
        "observaciones": "Fact recently reduce teacher. Child economic answer popular market watch next. Tv let market family air wide.",
        "estacion": [
            8
        ]
    }
},
{
    "model": "ITV.trabajador",
    "pk": 14,
    "fields": {
        "nombre": "The mean ok hair image exist allow.",
        "apellidos": "Baby environment effect five seven.",
        "puesto": "DI",
        "sueldo": 0.43580650001637855,
        "observaciones": "Society huge play president simply future. Action instead why couple from public degree.\nSocial area perform prove yeah but fear. Prevent or only not assume fight.",
        "estacion": [
            3,
            5,
            7,
            13
        ]
    }
},
{
    "model": "ITV.vehiculo",
    "pk": 1,
    "fields": {
        "fecha_matriculacion": "1999-01-28",
        "marca": "Improve put its spend top south.",
        "modelo": "Bar environmental simply nor carry.",
        "numero_bastidor": "Admit dream.",
        "tipo_vehiculo": "cam",
        "cilindrada": -20158,
        "potencia": 21911,
        "combustible": "gnv",
        "mma": 21653,
        "asientos": 17812,
        "ejes": 8605,
        "dni_propietario": "Back boy.",
        "matricula": "Word."
    }
},
{
    "model": "ITV.vehiculo",
    "pk": 2,
    "fields": {
        "fecha_matriculacion": "2017-08-04",
        "marca": "Mind team tend story.",
        "modelo": "For maintain short though watch less.",
        "numero_bastidor": "Sense suffer.",
        "tipo_vehiculo": "quad",
        "cilindrada": 18638,
        "potencia": -14621,
        "combustible": "gas",
        "mma": 9136,
        "asientos": 8072,
        "ejes": 15235,
        "dni_propietario": "Former.",
        "matricula": "Affect."
    }
},
{
    "model": "ITV.vehiculo",
    "pk": 3,
    "fields": {
        "fecha_matriculacion": "1971-10-01",
        "marca": "Drive few everything reason laugh result.",
        "modelo": "Response after during create space but six face.",
        "numero_bastidor": "True his.",
        "tipo_vehiculo": "tracto",
        "cilindrada": -32548,
        "potencia": 18482,
        "combustible": "gnv",
        "mma": 32138,
        "asientos": 26344,
        "ejes": 18077,
        "dni_propietario": "Age.",
        "matricula": "Wall."
    }
},
{
    "model": "ITV.vehiculo",
    "pk": 4,
    "fields": {
        "fecha_matriculacion": "2011-02-13",
        "marca": "Once member member nearly season.",
        "modelo": "Action sport enter bank north scientist.",
        "numero_bastidor": "Wide ten all.",
        "tipo_vehiculo": "moto",
        "cilindrada": -313,
        "potencia": -6959,
        "combustible": "hib",
        "mma": 14198,
        "asientos": 27492,
        "ejes": 28193,
        "dni_propietario": "Cost.",
        "matricula": "Hair."
    }
},
{
    "model": "ITV.vehiculo",
    "pk": 5,
    "fields": {
        "fecha_matriculacion": "2006-04-16",
        "marca": "Economic TV itself top trip.",
        "modelo": "Realize size someone development such issue.",
        "numero_bastidor": "Politics clearly.",
        "tipo_vehiculo": "cam",
        "cilindrada": -16291,
        "potencia": -12246,
        "combustible": "die",
        "mma": 13222,
        "asientos": 8547,
        "ejes": 11292,
        "dni_propietario": "Beat.",
        "matricula": "Wait."
    }
},
{
    "model": "ITV.vehiculo",
    "pk": 6,
    "fields": {
        "fecha_matriculacion": "1970-07-01",
        "marca": "Grow born fact. Price or major play tree.",
        "modelo": "Home last side station might what.",
        "numero_bastidor": "Particular dark.",
        "tipo_vehiculo": "tracto",
        "cilindrada": -6006,
        "potencia": -22187,
        "combustible": "die",
        "mma": 21934,
        "asientos": 27449,
        "ejes": 8429,
        "dni_propietario": "Assume.",
        "matricula": "Fill."
    }
},
{
    "model": "ITV.vehiculo",
    "pk": 7,
    "fields": {
        "fecha_matriculacion": "1987-09-16",
        "marca": "Itself military benefit account represent just.",
        "modelo": "Point white fish possible.",
        "numero_bastidor": "Write would new.",
        "tipo_vehiculo": "quad",
        "cilindrada": -32108,
        "potencia": 17501,
        "combustible": "ele",
        "mma": 19662,
        "asientos": 690,
        "ejes": 5434,
        "dni_propietario": "History.",
        "matricula": "Wish."
    }
},
{
    "model": "ITV.vehiculo",
    "pk": 8,
    "fields": {
        "fecha_matriculacion": "2017-08-04",
        "marca": "Others beyond real life.",
        "modelo": "Street next join just young chair.",
        "numero_bastidor": "Current crime.",
        "tipo_vehiculo": "tracto",
        "cilindrada": -27316,
        "potencia": 9215,
        "combustible": "gnv",
        "mma": 10917,
        "asientos": 21954,
        "ejes": 21391,
        "dni_propietario": "Wall.",
        "matricula": "Money."
    }
},
{
    "model": "ITV.vehiculo",
    "pk": 9,
    "fields": {
        "fecha_matriculacion": "2017-03-05",
        "marca": "Person five sell coach movie human behind true.",
        "modelo": "Between reflect may either result bit.",
        "numero_bastidor": "Rich away speech.",
        "tipo_vehiculo": "furg",
        "cilindrada": -17762,
        "potencia": 30352,
        "combustible": "die",
        "mma": 30306,
        "asientos": 6442,
        "ejes": 9751,
        "dni_propietario": "Plant.",
        "matricula": "Watch."
    }
},
{
    "model": "ITV.vehiculo",
    "pk": 10,
    "fields": {
        "fecha_matriculacion": "2017-01-10",
        "marca": "Both business off mouth consumer impact cell.",
        "modelo": "Task no explain window.",
        "numero_bastidor": "Institution.",
        "tipo_vehiculo": "furg",
        "cilindrada": -13271,
        "potencia": -85,
        "combustible": "die",
        "mma": 23780,
        "asientos": 16834,
        "ejes": 12272,
        "dni_propietario": "Program.",
        "matricula": "Admit."
    }
},
{
    "model": "ITV.vehiculo",
    "pk": 11,
    "fields": {
        "fecha_matriculacion": "2016-09-14",
        "marca": "Address Mr better.",
        "modelo": "Agree as method seek I.",
        "numero_bastidor": "Else read.",
        "tipo_vehiculo": "bus",
        "cilindrada": 27074,
        "potencia": 846,
        "combustible": "die",
        "mma": 23156,
        "asientos": 24381,
        "ejes": 31018,
        "dni_propietario": "Forward.",
        "matricula": "Be."
    }
},
{
    "model": "ITV.vehiculo",
    "pk": 12,
    "fields": {
        "fecha_matriculacion": "2011-11-06",
        "marca": "View laugh such space.",
        "modelo": "Exist move south system many skill system.",
        "numero_bastidor": "Media allow sure.",
        "tipo_vehiculo": "moto",
        "cilindrada": -18820,
        "potencia": 11603,
        "combustible": "die",
        "mma": 27448,
        "asientos": 2313,
        "ejes": 29541,
        "dni_propietario": "Far.",
        "matricula": "Yard."
    }
},
{
    "model": "ITV.vehiculo",
    "pk": 13,
    "fields": {
        "fecha_matriculacion": "2009-08-21",
        "marca": "Young keep skill may development.",
        "modelo": "Produce difference individual woman cut.",
        "numero_bastidor": "Finish employee.",
        "tipo_vehiculo": "quad",
        "cilindrada": -23486,
        "potencia": -22354,
        "combustible": "hib",
        "mma": 20376,
        "asientos": 10088,
        "ejes": 4631,
        "dni_propietario": "Land.",
        "matricula": "Their."
    }
},
{
    "model": "ITV.vehiculo",
    "pk": 14,
    "fields": {
        "fecha_matriculacion": "1987-04-27",
        "marca": "Prove thank reveal me tend business.",
        "modelo": "Finally upon month operation.",
        "numero_bastidor": "Audience time.",
        "tipo_vehiculo": "tur",
        "cilindrada": 28876,
        "potencia": -32120,
        "combustible": "hib",
        "mma": 20645,
        "asientos": 23144,
        "ejes": 24284,
        "dni_propietario": "Age.",
        "matricula": "Cost."
    }
},
{
    "model": "ITV.vehiculo",
    "pk": 15,
    "fields": {
        "fecha_matriculacion": "2015-08-29",
        "marca": "Evidence end your after likely kitchen.",
        "modelo": "Rather lose how their those old control.",
        "numero_bastidor": "Technology.",
        "tipo_vehiculo": "tur",
        "cilindrada": 14679,
        "potencia": 13890,
        "combustible": "gpl",
        "mma": 2637,
        "asientos": 893,
        "ejes": 2492,
        "dni_propietario": "Four.",
        "matricula": "Keep."
    }
},
{
    "model": "ITV.vehiculo",
    "pk": 16,
    "fields": {
        "fecha_matriculacion": "2024-10-09",
        "marca": "marca prueba",
        "modelo": "modelo prueba",
        "numero_bastidor": "12345",
        "tipo_vehiculo": "tur",
        "cilindrada": 1,
        "potencia": 1,
        "combustible": "gas",
        "mma": 1,
        "asientos": 1,
        "ejes": 1,
        "dni_propietario": "12345",
        "matricula": "12345"
    }
},
{
    "model": "ITV.inspeccion",
    "pk": 1,
    "fields": {
        "trabajador": 10,
        "vehiculo": 1,
        "fecha_inspeccion": "2024-10-29",
        "resultado_inspeccion": "",
        "notas_inspeccion": "",
        "cliente_puntual": true
    }
},
{
    "model": "ITV.inspeccion",
    "pk": 2,
    "fields": {
        "trabajador": 1,
        "vehiculo": 1,
        "fecha_inspeccion": "2024-10-29",
        "resultado_inspeccion": "",
        "notas_inspeccion": "",
        "cliente_puntual": true
    }
},
{
    "model": "ITV.inspeccion",
    "pk": 3,
    "fields": {
        "trabajador": 13,
        "vehiculo": 2,
        "fecha_inspeccion": "2024-10-29",
        "resultado_inspeccion": "",
        "notas_inspeccion": "",
        "cliente_puntual": true
    }
},
{
    "model": "ITV.inspeccion",
    "pk": 4,
    "fields": {
        "trabajador": 5,
        "vehiculo": 2,
        "fecha_inspeccion": "2024-10-29",
        "resultado_inspeccion": "",
        "notas_inspeccion": "",
        "cliente_puntual": true
    }
},
{
    "model": "ITV.inspeccion",
    "pk": 6,
    "fields": {
        "trabajador": 5,
        "vehiculo": 3,
        "fecha_inspeccion": "2024-10-29",
        "resultado_inspeccion": "",
        "notas_inspeccion": "",
        "cliente_puntual": true
    }
},
{
    "model": "ITV.inspeccion",
    "pk": 7,
    "fields": {
        "trabajador": 1,
        "vehiculo": 4,
        "fecha_inspeccion": "2024-10-29",
        "resultado_inspeccion": "",
        "notas_inspeccion": "",
        "cliente_puntual": true
    }
},
{
    "model": "ITV.inspeccion",
    "pk": 8,
    "fields": {
        "trabajador": 10,
        "vehiculo": 4,
        "fecha_inspeccion": "2024-10-29",
        "resultado_inspeccion": "",
        "notas_inspeccion": "",
        "cliente_puntual": true
    }
},
{
    "model": "ITV.inspeccion",
    "pk": 9,
    "fields": {
        "trabajador": 8,
        "vehiculo": 4,
        "fecha_inspeccion": "2024-10-29",
        "resultado_inspeccion": "",
        "notas_inspeccion": "",
        "cliente_puntual": true
    }
},
{
    "model": "ITV.inspeccion",
    "pk": 10,
    "fields": {
        "trabajador": 3,
        "vehiculo": 4,
        "fecha_inspeccion": "2024-10-29",
        "resultado_inspeccion": "",
        "notas_inspeccion": "",
        "cliente_puntual": true
    }
},
{
    "model": "ITV.inspeccion",
    "pk": 11,
    "fields": {
        "trabajador": 3,
        "vehiculo": 5,
        "fecha_inspeccion": "2024-10-29",
        "resultado_inspeccion": "",
        "notas_inspeccion": "",
        "cliente_puntual": true
    }
},
{
    "model": "ITV.inspeccion",
    "pk": 12,
    "fields": {
        "trabajador": 13,
        "vehiculo": 5,
        "fecha_inspeccion": "2024-10-29",
        "resultado_inspeccion": "",
        "notas_inspeccion": "",
        "cliente_puntual": true
    }
},
{
    "model": "ITV.inspeccion",
    "pk": 13,
    "fields": {
        "trabajador": 14,
        "vehiculo": 5,
        "fecha_inspeccion": "2024-10-29",
        "resultado_inspeccion": "",
        "notas_inspeccion": "",
        "cliente_puntual": true
    }
},
{
    "model": "ITV.inspeccion",
    "pk": 14,
    "fields": {
        "trabajador": 8,
        "vehiculo": 5,
        "fecha_inspeccion": "2024-10-29",
        "resultado_inspeccion": "",
        "notas_inspeccion": "",
        "cliente_puntual": true
    }
},
{
    "model": "ITV.inspeccion",
    "pk": 16,
    "fields": {
        "trabajador": 8,
        "vehiculo": 7,
        "fecha_inspeccion": "2024-10-29",
        "resultado_inspeccion": "",
        "notas_inspeccion": "",
        "cliente_puntual": true
    }
},
{
    "model": "ITV.inspeccion",
    "pk": 17,
    "fields": {
        "trabajador": 10,
        "vehiculo": 7,
        "fecha_inspeccion": "2024-10-29",
        "resultado_inspeccion": "",
        "notas_inspeccion": "",
        "cliente_puntual": true
    }
},
{
    "model": "ITV.inspeccion",
    "pk": 18,
    "fields": {
        "trabajador": 14,
        "vehiculo": 8,
        "fecha_inspeccion": "2024-10-29",
        "resultado_inspeccion": "",
        "notas_inspeccion": "",
        "cliente_puntual": true
    }
},
{
    "model": "ITV.inspeccion",
    "pk": 19,
    "fields": {
        "trabajador": 13,
        "vehiculo": 8,
        "fecha_inspeccion": "2024-10-29",
        "resultado_inspeccion": "",
        "notas_inspeccion": "",
        "cliente_puntual": true
    }
},
{
    "model": "ITV.inspeccion",
    "pk": 20,
    "fields": {
        "trabajador": 9,
        "vehiculo": 9,
        "fecha_inspeccion": "2024-10-29",
        "resultado_inspeccion": "",
        "notas_inspeccion": "",
        "cliente_puntual": true
    }
},
{
    "model": "ITV.inspeccion",
    "pk": 21,
    "fields": {
        "trabajador": 8,
        "vehiculo": 9,
        "fecha_inspeccion": "2024-10-29",
        "resultado_inspeccion": "",
        "notas_inspeccion": "",
        "cliente_puntual": true
    }
},
{
    "model": "ITV.inspeccion",
    "pk": 23,
    "fields": {
        "trabajador": 3,
        "vehiculo": 9,
        "fecha_inspeccion": "2024-10-29",
        "resultado_inspeccion": "",
        "notas_inspeccion": "",
        "cliente_puntual": true
    }
},
{
    "model": "ITV.inspeccion",
    "pk": 24,
    "fields": {
        "trabajador": 3,
        "vehiculo": 10,
        "fecha_inspeccion": "2024-10-29",
        "resultado_inspeccion": "",
        "notas_inspeccion": "",
        "cliente_puntual": true
    }
},
{
    "model": "ITV.inspeccion",
    "pk": 25,
    "fields": {
        "trabajador": 5,
        "vehiculo": 10,
        "fecha_inspeccion": "2024-10-29",
        "resultado_inspeccion": "",
        "notas_inspeccion": "",
        "cliente_puntual": true
    }
},
{
    "model": "ITV.inspeccion",
    "pk": 26,
    "fields": {
        "trabajador": 7,
        "vehiculo": 10,
        "fecha_inspeccion": "2024-10-29",
        "resultado_inspeccion": "",
        "notas_inspeccion": "",
        "cliente_puntual": true
    }
},
{
    "model": "ITV.inspeccion",
    "pk": 27,
    "fields": {
        "trabajador": 7,
        "vehiculo": 11,
        "fecha_inspeccion": "2024-10-29",
        "resultado_inspeccion": "",
        "notas_inspeccion": "",
        "cliente_puntual": true
    }
},
{
    "model": "ITV.inspeccion",
    "pk": 28,
    "fields": {
        "trabajador": 12,
        "vehiculo": 11,
        "fecha_inspeccion": "2024-10-29",
        "resultado_inspeccion": "",
        "notas_inspeccion": "",
        "cliente_puntual": true
    }
},
{
    "model": "ITV.inspeccion",
    "pk": 29,
    "fields": {
        "trabajador": 10,
        "vehiculo": 11,
        "fecha_inspeccion": "2024-10-29",
        "resultado_inspeccion": "",
        "notas_inspeccion": "",
        "cliente_puntual": true
    }
},
{
    "model": "ITV.inspeccion",
    "pk": 30,
    "fields": {
        "trabajador": 6,
        "vehiculo": 11,
        "fecha_inspeccion": "2024-10-29",
        "resultado_inspeccion": "",
        "notas_inspeccion": "",
        "cliente_puntual": true
    }
},
{
    "model": "ITV.inspeccion",
    "pk": 31,
    "fields": {
        "trabajador": 10,
        "vehiculo": 12,
        "fecha_inspeccion": "2024-10-29",
        "resultado_inspeccion": "",
        "notas_inspeccion": "",
        "cliente_puntual": true
    }
},
{
    "model": "ITV.inspeccion",
    "pk": 32,
    "fields": {
        "trabajador": 6,
        "vehiculo": 12,
        "fecha_inspeccion": "2024-10-29",
        "resultado_inspeccion": "",
        "notas_inspeccion": "",
        "cliente_puntual": true
    }
},
{
    "model": "ITV.inspeccion",
    "pk": 33,
    "fields": {
        "trabajador": 11,
        "vehiculo": 12,
        "fecha_inspeccion": "2024-10-29",
        "resultado_inspeccion": "",
        "notas_inspeccion": "",
        "cliente_puntual": true
    }
},
{
    "model": "ITV.inspeccion",
    "pk": 34,
    "fields": {
        "trabajador": 12,
        "vehiculo": 12,
        "fecha_inspeccion": "2024-10-29",
        "resultado_inspeccion": "",
        "notas_inspeccion": "",
        "cliente_puntual": true
    }
},
{
    "model": "ITV.inspeccion",
    "pk": 35,
    "fields": {
        "trabajador": 13,
        "vehiculo": 13,
        "fecha_inspeccion": "2024-10-29",
        "resultado_inspeccion": "",
        "notas_inspeccion": "",
        "cliente_puntual": true
    }
},
{
    "model": "ITV.inspeccion",
    "pk": 36,
    "fields": {
        "trabajador": 2,
        "vehiculo": 13,
        "fecha_inspeccion": "2024-10-29",
        "resultado_inspeccion": "",
        "notas_inspeccion": "",
        "cliente_puntual": true
    }
},
{
    "model": "ITV.inspeccion",
    "pk": 37,
    "fields": {
        "trabajador": 5,
        "vehiculo": 14,
        "fecha_inspeccion": "2024-10-29",
        "resultado_inspeccion": "",
        "notas_inspeccion": "",
        "cliente_puntual": true
    }
},
{
    "model": "ITV.inspeccion",
    "pk": 38,
    "fields": {
        "trabajador": 9,
        "vehiculo": 14,
        "fecha_inspeccion": "2024-10-29",
        "resultado_inspeccion": "",
        "notas_inspeccion": "",
        "cliente_puntual": true
    }
},
{
    "model": "ITV.inspeccion",
    "pk": 39,
    "fields": {
        "trabajador": 2,
        "vehiculo": 14,
        "fecha_inspeccion": "2024-10-29",
        "resultado_inspeccion": "",
        "notas_inspeccion": "",
        "cliente_puntual": true
    }
},
{
    "model": "ITV.inspeccion",
    "pk": 40,
    "fields": {
        "trabajador": 4,
        "vehiculo": 15,
        "fecha_inspeccion": "2024-10-29",
        "resultado_inspeccion": "",
        "notas_inspeccion": "",
        "cliente_puntual": true
    }
},
{
    "model": "ITV.inspeccion",
    "pk": 41,
    "fields": {
        "trabajador": 6,
        "vehiculo": 15,
        "fecha_inspeccion": "2024-10-29",
        "resultado_inspeccion": "",
        "notas_inspeccion": "",
        "cliente_puntual": true
    }
},
{
    "model": "ITV.inspeccion",
    "pk": 42,
    "fields": {
        "trabajador": 14,
        "vehiculo": 13,
        "fecha_inspeccion": "2024-10-29",
        "resultado_inspeccion": "Theory minute necessary. Way article third order specific. Age there third page.",
        "notas_inspeccion": "Machine now physical suffer example interest it. Campaign structure degree beautiful north.",
        "cliente_puntual": true
    }
},
{
    "model": "ITV.inspeccion",
    "pk": 43,
    "fields": {
        "trabajador": 6,
        "vehiculo": 6,
        "fecha_inspeccion": "2024-10-29",
        "resultado_inspeccion": "Song that medical term market. Already type happen her mother guess.",
        "notas_inspeccion": "Believe great however.\nFear end sit drive rule buy. Single pull no American. Into from role watch control.",
        "cliente_puntual": true
    }
},
{
    "model": "ITV.inspeccion",
    "pk": 44,
    "fields": {
        "trabajador": 7,
        "vehiculo": 13,
        "fecha_inspeccion": "2024-10-29",
        "resultado_inspeccion": "Have live instead security.\nOfficial theory I read join.",
        "notas_inspeccion": "Sure easy produce treat. Central down wrong minute however activity away. Away ready full work per everybody.\nHotel hear high none bar describe.",
        "cliente_puntual": true
    }
},
{
    "model": "ITV.inspeccion",
    "pk": 45,
    "fields": {
        "trabajador": 10,
        "vehiculo": 3,
        "fecha_inspeccion": "2024-10-29",
        "resultado_inspeccion": "Interview defense station office civil response sell. Write all six statement tend spend.",
        "notas_inspeccion": "Activity idea recent coach court. Story wife meeting its middle arrive door. Oil question white commercial instead.",
        "cliente_puntual": true
    }
},
{
    "model": "ITV.inspeccion",
    "pk": 47,
    "fields": {
        "trabajador": 13,
        "vehiculo": 3,
        "fecha_inspeccion": "2024-10-29",
        "resultado_inspeccion": "Culture grow",
        "notas_inspeccion": "Rich positive former",
        "cliente_puntual": false
    }
},
{
    "model": "ITV.inspeccion",
    "pk": 48,
    "fields": {
        "trabajador": 2,
        "vehiculo": 4,
        "fecha_inspeccion": "2024-10-29",
        "resultado_inspeccion": "Party course whom them help back prepare financial. Particularly manager run full.",
        "notas_inspeccion": "Education cover return by more final appear. Future seem new air seek.\nBegin even mission decide. Worker arrive body inside political. Grow return major half.",
        "cliente_puntual": true
    }
},
{
    "model": "ITV.inspeccion",
    "pk": 49,
    "fields": {
        "trabajador": 2,
        "vehiculo": 5,
        "fecha_inspeccion": "2024-10-29",
        "resultado_inspeccion": "Trip affect Republican reduce pull. Natural you machine degree.",
        "notas_inspeccion": "Suggest national piece be rate. Thousand focus third above message.\nScene small second away. Customer bill mother already defense.",
        "cliente_puntual": true
    }
},
{
    "model": "ITV.inspeccion",
    "pk": 50,
    "fields": {
        "trabajador": 5,
        "vehiculo": 1,
        "fecha_inspeccion": "2024-10-29",
        "resultado_inspeccion": "If relate red beautiful.\nContinue daughter appear gun. Doctor century water.",
        "notas_inspeccion": "Color room once. Position girl boy than president peace whom.",
        "cliente_puntual": true
    }
},
{
    "model": "ITV.inspeccion",
    "pk": 51,
    "fields": {
        "trabajador": 10,
        "vehiculo": 15,
        "fecha_inspeccion": "2024-10-29",
        "resultado_inspeccion": "Growth I over. Former little size security Mr development.",
        "notas_inspeccion": "Down character popular owner decision rate. No just organization could end that upon peace. Attorney least third agent pick pick.",
        "cliente_puntual": true
    }
},
{
    "model": "ITV.inspeccion",
    "pk": 52,
    "fields": {
        "trabajador": 9,
        "vehiculo": 13,
        "fecha_inspeccion": "2024-10-29",
        "resultado_inspeccion": "Choice want positive return boy body. Year build across she exactly activity soldier.",
        "notas_inspeccion": "Peace run concern walk opportunity bar. Including reflect later animal. Responsibility account maybe.",
        "cliente_puntual": true
    }
},
{
    "model": "ITV.inspeccion",
    "pk": 53,
    "fields": {
        "trabajador": 10,
        "vehiculo": 5,
        "fecha_inspeccion": "2024-10-29",
        "resultado_inspeccion": "Third machine until conference during second. Along certainly not career share sport clear.",
        "notas_inspeccion": "Himself religious modern. Surface choice else out finish reality then.\nIndividual lose purpose south value. Just let church.",
        "cliente_puntual": true
    }
},
{
    "model": "ITV.inspeccion",
    "pk": 55,
    "fields": {
        "trabajador": 6,
        "vehiculo": 7,
        "fecha_inspeccion": "2024-10-29",
        "resultado_inspeccion": "Life computer short speech indicate before our. Former order strong exactly second cold.",
        "notas_inspeccion": "Risk century race rock.\nYear sing none card because. Side several position all Mrs top.\nReveal attention program fact other onto face still. State television past high two though.",
        "cliente_puntual": true
    }
},
{
    "model": "ITV.factura",
    "pk": 1,
    "fields": {
        "inspeccion": 52,
        "importe": "0.30",
        "pagado": true,
        "fecha_emision_factura": "2024-10-29",
        "observaciones": "Peace indicate soon change arm alone plant short. Camera again she available.\nDebate agreement threat any edge. Thank today serious building."
    }
},
{
    "model": "ITV.factura",
    "pk": 2,
    "fields": {
        "inspeccion": 50,
        "importe": "0.43",
        "pagado": false,
        "fecha_emision_factura": "2024-10-29",
        "observaciones": "Use side physical to kind bed real. Politics camera authority sure parent movement simple production."
    }
},
{
    "model": "ITV.factura",
    "pk": 3,
    "fields": {
        "inspeccion": 49,
        "importe": "0.43",
        "pagado": true,
        "fecha_emision_factura": "2024-10-29",
        "observaciones": "Magazine pretty number state push. His than play everything place.\nLeave culture under environmental memory series product. Page marriage hear according. Little mouth myself certainly fill."
    }
},
{
    "model": "ITV.factura",
    "pk": 4,
    "fields": {
        "inspeccion": 47,
        "importe": "0.62",
        "pagado": false,
        "fecha_emision_factura": "2024-10-29",
        "observaciones": "Remain law imagine last approach quickly. Total produce pick stop way wait can. Coach detail travel argue bring trial. Town anything hand feel attention see the look."
    }
},
{
    "model": "ITV.factura",
    "pk": 5,
    "fields": {
        "inspeccion": 43,
        "importe": "0.37",
        "pagado": true,
        "fecha_emision_factura": "2024-10-29",
        "observaciones": "Election sound theory leader middle structure. Subject kind serve down peace."
    }
},
{
    "model": "ITV.factura",
    "pk": 6,
    "fields": {
        "inspeccion": 48,
        "importe": "0.36",
        "pagado": false,
        "fecha_emision_factura": "2024-10-29",
        "observaciones": "Father heavy experience leg.\nClose good money certainly. Think where doctor.\nCity blue former between back. Cause another choose prevent measure."
    }
},
{
    "model": "ITV.factura",
    "pk": 8,
    "fields": {
        "inspeccion": 44,
        "importe": "0.94",
        "pagado": false,
        "fecha_emision_factura": "2024-10-29",
        "observaciones": "Machine kind rate cut. Ever structure institution summer able increase response difficult. People television sit establish itself sing right."
    }
},
{
    "model": "ITV.factura",
    "pk": 9,
    "fields": {
        "inspeccion": 55,
        "importe": "0.93",
        "pagado": true,
        "fecha_emision_factura": "2024-10-29",
        "observaciones": "Choice six small your experience else. As one five various action notice if.\nFriend word maybe grow coach establish this rich. Several add political more."
    }
},
{
    "model": "ITV.factura",
    "pk": 10,
    "fields": {
        "inspeccion": 53,
        "importe": "0.97",
        "pagado": false,
        "fecha_emision_factura": "2024-10-29",
        "observaciones": "Hit month surface game. Brother thought seven above condition include nice politics."
    }
},
{
    "model": "ITV.factura",
    "pk": 11,
    "fields": {
        "inspeccion": 51,
        "importe": "0.89",
        "pagado": true,
        "fecha_emision_factura": "2024-10-29",
        "observaciones": "Local structure area day option hundred machine help. Yet personal high drug such operation.\nRather record huge somebody. Trip live look find many south."
    }
},
{
    "model": "ITV.factura",
    "pk": 14,
    "fields": {
        "inspeccion": 42,
        "importe": "0.44",
        "pagado": true,
        "fecha_emision_factura": "2024-10-29",
        "observaciones": "Summer real person entire write mind very always. Play remember benefit once factor attention. Six idea difficult. Before middle official rule religious."
    }
},
{
    "model": "ITV.factura",
    "pk": 15,
    "fields": {
        "inspeccion": 45,
        "importe": "0.04",
        "pagado": true,
        "fecha_emision_factura": "2024-10-29",
        "observaciones": "Thought magazine site agree. Face provide girl she. Positive player level hit stop among service."
    }
}
]
