[
{
    "model": "auth.permission",
    "pk": 1,
    "fields": {
        "name": "Can add log entry",
        "content_type": 1,
        "codename": "add_logentry"
    }
},
{
    "model": "auth.permission",
    "pk": 2,
    "fields": {
        "name": "Can change log entry",
        "content_type": 1,
        "codename": "change_logentry"
    }
},
{
    "model": "auth.permission",
    "pk": 3,
    "fields": {
        "name": "Can delete log entry",
        "content_type": 1,
        "codename": "delete_logentry"
    }
},
{
    "model": "auth.permission",
    "pk": 4,
    "fields": {
        "name": "Can view log entry",
        "content_type": 1,
        "codename": "view_logentry"
    }
},
{
    "model": "auth.permission",
    "pk": 5,
    "fields": {
        "name": "Can add permission",
        "content_type": 2,
        "codename": "add_permission"
    }
},
{
    "model": "auth.permission",
    "pk": 6,
    "fields": {
        "name": "Can change permission",
        "content_type": 2,
        "codename": "change_permission"
    }
},
{
    "model": "auth.permission",
    "pk": 7,
    "fields": {
        "name": "Can delete permission",
        "content_type": 2,
        "codename": "delete_permission"
    }
},
{
    "model": "auth.permission",
    "pk": 8,
    "fields": {
        "name": "Can view permission",
        "content_type": 2,
        "codename": "view_permission"
    }
},
{
    "model": "auth.permission",
    "pk": 9,
    "fields": {
        "name": "Can add group",
        "content_type": 3,
        "codename": "add_group"
    }
},
{
    "model": "auth.permission",
    "pk": 10,
    "fields": {
        "name": "Can change group",
        "content_type": 3,
        "codename": "change_group"
    }
},
{
    "model": "auth.permission",
    "pk": 11,
    "fields": {
        "name": "Can delete group",
        "content_type": 3,
        "codename": "delete_group"
    }
},
{
    "model": "auth.permission",
    "pk": 12,
    "fields": {
        "name": "Can view group",
        "content_type": 3,
        "codename": "view_group"
    }
},
{
    "model": "auth.permission",
    "pk": 13,
    "fields": {
        "name": "Can add user",
        "content_type": 4,
        "codename": "add_user"
    }
},
{
    "model": "auth.permission",
    "pk": 14,
    "fields": {
        "name": "Can change user",
        "content_type": 4,
        "codename": "change_user"
    }
},
{
    "model": "auth.permission",
    "pk": 15,
    "fields": {
        "name": "Can delete user",
        "content_type": 4,
        "codename": "delete_user"
    }
},
{
    "model": "auth.permission",
    "pk": 16,
    "fields": {
        "name": "Can view user",
        "content_type": 4,
        "codename": "view_user"
    }
},
{
    "model": "auth.permission",
    "pk": 17,
    "fields": {
        "name": "Can add content type",
        "content_type": 5,
        "codename": "add_contenttype"
    }
},
{
    "model": "auth.permission",
    "pk": 18,
    "fields": {
        "name": "Can change content type",
        "content_type": 5,
        "codename": "change_contenttype"
    }
},
{
    "model": "auth.permission",
    "pk": 19,
    "fields": {
        "name": "Can delete content type",
        "content_type": 5,
        "codename": "delete_contenttype"
    }
},
{
    "model": "auth.permission",
    "pk": 20,
    "fields": {
        "name": "Can view content type",
        "content_type": 5,
        "codename": "view_contenttype"
    }
},
{
    "model": "auth.permission",
    "pk": 21,
    "fields": {
        "name": "Can add session",
        "content_type": 6,
        "codename": "add_session"
    }
},
{
    "model": "auth.permission",
    "pk": 22,
    "fields": {
        "name": "Can change session",
        "content_type": 6,
        "codename": "change_session"
    }
},
{
    "model": "auth.permission",
    "pk": 23,
    "fields": {
        "name": "Can delete session",
        "content_type": 6,
        "codename": "delete_session"
    }
},
{
    "model": "auth.permission",
    "pk": 24,
    "fields": {
        "name": "Can view session",
        "content_type": 6,
        "codename": "view_session"
    }
},
{
    "model": "auth.permission",
    "pk": 25,
    "fields": {
        "name": "Can add cliente",
        "content_type": 7,
        "codename": "add_cliente"
    }
},
{
    "model": "auth.permission",
    "pk": 26,
    "fields": {
        "name": "Can change cliente",
        "content_type": 7,
        "codename": "change_cliente"
    }
},
{
    "model": "auth.permission",
    "pk": 27,
    "fields": {
        "name": "Can delete cliente",
        "content_type": 7,
        "codename": "delete_cliente"
    }
},
{
    "model": "auth.permission",
    "pk": 28,
    "fields": {
        "name": "Can view cliente",
        "content_type": 7,
        "codename": "view_cliente"
    }
},
{
    "model": "auth.permission",
    "pk": 29,
    "fields": {
        "name": "Can add empresa externa",
        "content_type": 8,
        "codename": "add_empresaexterna"
    }
},
{
    "model": "auth.permission",
    "pk": 30,
    "fields": {
        "name": "Can change empresa externa",
        "content_type": 8,
        "codename": "change_empresaexterna"
    }
},
{
    "model": "auth.permission",
    "pk": 31,
    "fields": {
        "name": "Can delete empresa externa",
        "content_type": 8,
        "codename": "delete_empresaexterna"
    }
},
{
    "model": "auth.permission",
    "pk": 32,
    "fields": {
        "name": "Can view empresa externa",
        "content_type": 8,
        "codename": "view_empresaexterna"
    }
},
{
    "model": "auth.permission",
    "pk": 33,
    "fields": {
        "name": "Can add estacion itv",
        "content_type": 9,
        "codename": "add_estacionitv"
    }
},
{
    "model": "auth.permission",
    "pk": 34,
    "fields": {
        "name": "Can change estacion itv",
        "content_type": 9,
        "codename": "change_estacionitv"
    }
},
{
    "model": "auth.permission",
    "pk": 35,
    "fields": {
        "name": "Can delete estacion itv",
        "content_type": 9,
        "codename": "delete_estacionitv"
    }
},
{
    "model": "auth.permission",
    "pk": 36,
    "fields": {
        "name": "Can view estacion itv",
        "content_type": 9,
        "codename": "view_estacionitv"
    }
},
{
    "model": "auth.permission",
    "pk": 37,
    "fields": {
        "name": "Can add inspeccion",
        "content_type": 10,
        "codename": "add_inspeccion"
    }
},
{
    "model": "auth.permission",
    "pk": 38,
    "fields": {
        "name": "Can change inspeccion",
        "content_type": 10,
        "codename": "change_inspeccion"
    }
},
{
    "model": "auth.permission",
    "pk": 39,
    "fields": {
        "name": "Can delete inspeccion",
        "content_type": 10,
        "codename": "delete_inspeccion"
    }
},
{
    "model": "auth.permission",
    "pk": 40,
    "fields": {
        "name": "Can view inspeccion",
        "content_type": 10,
        "codename": "view_inspeccion"
    }
},
{
    "model": "auth.permission",
    "pk": 41,
    "fields": {
        "name": "Can add local",
        "content_type": 11,
        "codename": "add_local"
    }
},
{
    "model": "auth.permission",
    "pk": 42,
    "fields": {
        "name": "Can change local",
        "content_type": 11,
        "codename": "change_local"
    }
},
{
    "model": "auth.permission",
    "pk": 43,
    "fields": {
        "name": "Can delete local",
        "content_type": 11,
        "codename": "delete_local"
    }
},
{
    "model": "auth.permission",
    "pk": 44,
    "fields": {
        "name": "Can view local",
        "content_type": 11,
        "codename": "view_local"
    }
},
{
    "model": "auth.permission",
    "pk": 45,
    "fields": {
        "name": "Can add cita",
        "content_type": 12,
        "codename": "add_cita"
    }
},
{
    "model": "auth.permission",
    "pk": 46,
    "fields": {
        "name": "Can change cita",
        "content_type": 12,
        "codename": "change_cita"
    }
},
{
    "model": "auth.permission",
    "pk": 47,
    "fields": {
        "name": "Can delete cita",
        "content_type": 12,
        "codename": "delete_cita"
    }
},
{
    "model": "auth.permission",
    "pk": 48,
    "fields": {
        "name": "Can view cita",
        "content_type": 12,
        "codename": "view_cita"
    }
},
{
    "model": "auth.permission",
    "pk": 49,
    "fields": {
        "name": "Can add factura",
        "content_type": 13,
        "codename": "add_factura"
    }
},
{
    "model": "auth.permission",
    "pk": 50,
    "fields": {
        "name": "Can change factura",
        "content_type": 13,
        "codename": "change_factura"
    }
},
{
    "model": "auth.permission",
    "pk": 51,
    "fields": {
        "name": "Can delete factura",
        "content_type": 13,
        "codename": "delete_factura"
    }
},
{
    "model": "auth.permission",
    "pk": 52,
    "fields": {
        "name": "Can view factura",
        "content_type": 13,
        "codename": "view_factura"
    }
},
{
    "model": "auth.permission",
    "pk": 53,
    "fields": {
        "name": "Can add maquinaria",
        "content_type": 14,
        "codename": "add_maquinaria"
    }
},
{
    "model": "auth.permission",
    "pk": 54,
    "fields": {
        "name": "Can change maquinaria",
        "content_type": 14,
        "codename": "change_maquinaria"
    }
},
{
    "model": "auth.permission",
    "pk": 55,
    "fields": {
        "name": "Can delete maquinaria",
        "content_type": 14,
        "codename": "delete_maquinaria"
    }
},
{
    "model": "auth.permission",
    "pk": 56,
    "fields": {
        "name": "Can view maquinaria",
        "content_type": 14,
        "codename": "view_maquinaria"
    }
},
{
    "model": "auth.permission",
    "pk": 57,
    "fields": {
        "name": "Can add trabajador",
        "content_type": 15,
        "codename": "add_trabajador"
    }
},
{
    "model": "auth.permission",
    "pk": 58,
    "fields": {
        "name": "Can change trabajador",
        "content_type": 15,
        "codename": "change_trabajador"
    }
},
{
    "model": "auth.permission",
    "pk": 59,
    "fields": {
        "name": "Can delete trabajador",
        "content_type": 15,
        "codename": "delete_trabajador"
    }
},
{
    "model": "auth.permission",
    "pk": 60,
    "fields": {
        "name": "Can view trabajador",
        "content_type": 15,
        "codename": "view_trabajador"
    }
},
{
    "model": "auth.permission",
    "pk": 61,
    "fields": {
        "name": "Can add vehiculo",
        "content_type": 16,
        "codename": "add_vehiculo"
    }
},
{
    "model": "auth.permission",
    "pk": 62,
    "fields": {
        "name": "Can change vehiculo",
        "content_type": 16,
        "codename": "change_vehiculo"
    }
},
{
    "model": "auth.permission",
    "pk": 63,
    "fields": {
        "name": "Can delete vehiculo",
        "content_type": 16,
        "codename": "delete_vehiculo"
    }
},
{
    "model": "auth.permission",
    "pk": 64,
    "fields": {
        "name": "Can view vehiculo",
        "content_type": 16,
        "codename": "view_vehiculo"
    }
},
{
    "model": "contenttypes.contenttype",
    "pk": 1,
    "fields": {
        "app_label": "admin",
        "model": "logentry"
    }
},
{
    "model": "contenttypes.contenttype",
    "pk": 2,
    "fields": {
        "app_label": "auth",
        "model": "permission"
    }
},
{
    "model": "contenttypes.contenttype",
    "pk": 3,
    "fields": {
        "app_label": "auth",
        "model": "group"
    }
},
{
    "model": "contenttypes.contenttype",
    "pk": 4,
    "fields": {
        "app_label": "auth",
        "model": "user"
    }
},
{
    "model": "contenttypes.contenttype",
    "pk": 5,
    "fields": {
        "app_label": "contenttypes",
        "model": "contenttype"
    }
},
{
    "model": "contenttypes.contenttype",
    "pk": 6,
    "fields": {
        "app_label": "sessions",
        "model": "session"
    }
},
{
    "model": "contenttypes.contenttype",
    "pk": 7,
    "fields": {
        "app_label": "ITV",
        "model": "cliente"
    }
},
{
    "model": "contenttypes.contenttype",
    "pk": 8,
    "fields": {
        "app_label": "ITV",
        "model": "empresaexterna"
    }
},
{
    "model": "contenttypes.contenttype",
    "pk": 9,
    "fields": {
        "app_label": "ITV",
        "model": "estacionitv"
    }
},
{
    "model": "contenttypes.contenttype",
    "pk": 10,
    "fields": {
        "app_label": "ITV",
        "model": "inspeccion"
    }
},
{
    "model": "contenttypes.contenttype",
    "pk": 11,
    "fields": {
        "app_label": "ITV",
        "model": "local"
    }
},
{
    "model": "contenttypes.contenttype",
    "pk": 12,
    "fields": {
        "app_label": "ITV",
        "model": "cita"
    }
},
{
    "model": "contenttypes.contenttype",
    "pk": 13,
    "fields": {
        "app_label": "ITV",
        "model": "factura"
    }
},
{
    "model": "contenttypes.contenttype",
    "pk": 14,
    "fields": {
        "app_label": "ITV",
        "model": "maquinaria"
    }
},
{
    "model": "contenttypes.contenttype",
    "pk": 15,
    "fields": {
        "app_label": "ITV",
        "model": "trabajador"
    }
},
{
    "model": "contenttypes.contenttype",
    "pk": 16,
    "fields": {
        "app_label": "ITV",
        "model": "vehiculo"
    }
},
{
    "model": "ITV.cliente",
    "pk": 1,
    "fields": {
        "nombre": "Stay its different prepare fund.",
        "apellidos": "Agent deal style agree.",
        "sexo": "M",
        "fecha_nacimiento": "1985-10-04",
        "codigo_postal": 13634,
        "domicilio": "Institution low save do store. Institution reality market talk source community wonder. Head particularly above note save institution against political.",
        "correo": "mark39@example.org",
        "telefono": 12512,
        "dni": "Myself."
    }
},
{
    "model": "ITV.cliente",
    "pk": 2,
    "fields": {
        "nombre": "Center military hotel travel my west large six.",
        "apellidos": "More green huge visit.",
        "sexo": "M",
        "fecha_nacimiento": "1997-08-20",
        "codigo_postal": -24848,
        "domicilio": "Person wonder PM marriage environmental year. Cultural own social positive federal.\nPush prepare memory check skin party run perhaps. Computer evidence I.",
        "correo": "leahelliott@example.net",
        "telefono": 6242,
        "dni": "Sign."
    }
},
{
    "model": "ITV.cliente",
    "pk": 3,
    "fields": {
        "nombre": "Firm eat party. Everybody country like bar.",
        "apellidos": "System seem control trial house board.",
        "sexo": "M",
        "fecha_nacimiento": "2017-06-14",
        "codigo_postal": -12716,
        "domicilio": "Cold thought spring item. Myself nearly reason thank south possible establish drug. Newspaper why always.\nSing race memory between station. Then democratic let operation majority.",
        "correo": "sarahgreen@example.com",
        "telefono": 25704,
        "dni": "Mean."
    }
},
{
    "model": "ITV.cliente",
    "pk": 4,
    "fields": {
        "nombre": "Yeah bill yeah.",
        "apellidos": "What watch market like image kitchen little.",
        "sexo": "F",
        "fecha_nacimiento": "2001-03-31",
        "codigo_postal": -20068,
        "domicilio": "Behavior above send word them ready skin nor. Simple else food.\nSomebody east prove enter child. Bag contain clearly professor coach.\nFloor can fish magazine maintain.",
        "correo": "thompsontodd@example.org",
        "telefono": 23687,
        "dni": "Since."
    }
},
{
    "model": "ITV.cliente",
    "pk": 5,
    "fields": {
        "nombre": "Return read popular itself my probably scientist.",
        "apellidos": "Several magazine employee beat.",
        "sexo": "F",
        "fecha_nacimiento": "1970-06-30",
        "codigo_postal": 31766,
        "domicilio": "Learn activity system beat stock special. Throughout baby administration. Like environmental remember world stage.\nNearly approach present different possible. Yourself capital mean.",
        "correo": "deborahjohnson@example.net",
        "telefono": 31667,
        "dni": "By."
    }
},
{
    "model": "ITV.cliente",
    "pk": 6,
    "fields": {
        "nombre": "Machine music adult teacher station finish above.",
        "apellidos": "Success if able choice less.",
        "sexo": "M",
        "fecha_nacimiento": "2013-09-29",
        "codigo_postal": -21113,
        "domicilio": "Room major southern PM Republican especially newspaper. Guess miss with some style. Hair give leave well conference argue. Modern everyone agent office young.\nHospital rule firm blue word catch.",
        "correo": "cruzsara@example.org",
        "telefono": 9614,
        "dni": "Figure."
    }
},
{
    "model": "ITV.cliente",
    "pk": 7,
    "fields": {
        "nombre": "Program task court toward care pattern sell goal.",
        "apellidos": "See newspaper political kitchen remain avoid.",
        "sexo": "M",
        "fecha_nacimiento": "1975-06-02",
        "codigo_postal": 12784,
        "domicilio": "Director will respond modern full school. Store good peace gas guess. Walk professor when.",
        "correo": "nathaniel52@example.net",
        "telefono": 13282,
        "dni": "Society."
    }
},
{
    "model": "ITV.cliente",
    "pk": 8,
    "fields": {
        "nombre": "Plant bring remain lawyer nothing.",
        "apellidos": "Reflect sure ready former type.",
        "sexo": "M",
        "fecha_nacimiento": "2010-01-26",
        "codigo_postal": 24629,
        "domicilio": "Address window including on. Heart month development cup camera white culture debate. Few leave game human often.",
        "correo": "lisa63@example.net",
        "telefono": 25206,
        "dni": "Plan."
    }
},
{
    "model": "ITV.cliente",
    "pk": 9,
    "fields": {
        "nombre": "What economy free.",
        "apellidos": "Manager image low accept.",
        "sexo": "F",
        "fecha_nacimiento": "1986-06-24",
        "codigo_postal": -21119,
        "domicilio": "Fall kind base management. Past hospital pay foot coach the someone natural.\nScore record teacher several. Late carry she expect many.",
        "correo": "tanthony@example.com",
        "telefono": 25645,
        "dni": "Race."
    }
},
{
    "model": "ITV.cliente",
    "pk": 10,
    "fields": {
        "nombre": "Claim upon source care floor.",
        "apellidos": "Seven effort however pattern.",
        "sexo": "F",
        "fecha_nacimiento": "1985-04-20",
        "codigo_postal": 30774,
        "domicilio": "On read large him maintain state. Natural remember southern score investment suggest.\nGun member community like little Mrs send. City teach goal worry third brother attorney. Couple visit man upon.",
        "correo": "carlos75@example.net",
        "telefono": 20121,
        "dni": "Somebody."
    }
},
{
    "model": "ITV.cliente",
    "pk": 11,
    "fields": {
        "nombre": "Task you general rock.",
        "apellidos": "Range social first.",
        "sexo": "M",
        "fecha_nacimiento": "2002-12-11",
        "codigo_postal": 22689,
        "domicilio": "Kind beautiful dream star perhaps. Power else save buy really. Hour everyone person relate director form air majority.\nWhose myself build program local sport simple win. Deal happy red seem.",
        "correo": "dwayne45@example.com",
        "telefono": 7335,
        "dni": "Lose."
    }
},
{
    "model": "ITV.cliente",
    "pk": 12,
    "fields": {
        "nombre": "Product where prove outside class almost.",
        "apellidos": "Evidence one since me bed.",
        "sexo": "F",
        "fecha_nacimiento": "1972-05-17",
        "codigo_postal": 28869,
        "domicilio": "Operation face citizen under strong. After than top north fall mouth.\nCould argue day. For beat particular technology.\nFast her before although determine. Thank for wonder determine.",
        "correo": "jasminehill@example.org",
        "telefono": 21245,
        "dni": "Animal."
    }
},
{
    "model": "ITV.cliente",
    "pk": 13,
    "fields": {
        "nombre": "Son sense meet dinner. Those music evidence yeah.",
        "apellidos": "Activity movie under mind important discussion.",
        "sexo": "M",
        "fecha_nacimiento": "1996-01-17",
        "codigo_postal": -7104,
        "domicilio": "Voice yet kid offer. Beyond beautiful energy different whether number. Place travel writer other money country sport.",
        "correo": "nicole97@example.com",
        "telefono": 20696,
        "dni": "Safe."
    }
},
{
    "model": "ITV.cliente",
    "pk": 14,
    "fields": {
        "nombre": "Such add social significant thousand table.",
        "apellidos": "State task into company.",
        "sexo": "F",
        "fecha_nacimiento": "1981-07-22",
        "codigo_postal": -21322,
        "domicilio": "Design young stay.\nHappen themselves could front woman. Different now your will situation night movie. Man beautiful performance everybody condition environment.",
        "correo": "uschwartz@example.org",
        "telefono": 1211,
        "dni": "Suggest."
    }
},
{
    "model": "ITV.cliente",
    "pk": 15,
    "fields": {
        "nombre": "Art goal say through including whom produce.",
        "apellidos": "Glass spring service business institution.",
        "sexo": "F",
        "fecha_nacimiento": "1978-07-30",
        "codigo_postal": -9606,
        "domicilio": "State situation animal president. Indeed change kid baby voice across become. Mrs cause suddenly institution executive red.",
        "correo": "uburns@example.com",
        "telefono": 3894,
        "dni": "Rule."
    }
},
{
    "model": "ITV.local",
    "pk": 1,
    "fields": {
        "precio": 0.4520050973887697,
        "metros": "0.707",
        "anio_arrendamiento": "2010-04-08"
    }
},
{
    "model": "ITV.local",
    "pk": 2,
    "fields": {
        "precio": 0.25171075217646155,
        "metros": "0.708",
        "anio_arrendamiento": "1983-04-14"
    }
},
{
    "model": "ITV.local",
    "pk": 3,
    "fields": {
        "precio": 0.8060286344294517,
        "metros": "0.496",
        "anio_arrendamiento": "1989-06-24"
    }
},
{
    "model": "ITV.local",
    "pk": 4,
    "fields": {
        "precio": 0.4250520325950434,
        "metros": "0.172",
        "anio_arrendamiento": "2001-10-01"
    }
},
{
    "model": "ITV.local",
    "pk": 5,
    "fields": {
        "precio": 0.4765784837671738,
        "metros": "0.267",
        "anio_arrendamiento": "2002-06-06"
    }
},
{
    "model": "ITV.local",
    "pk": 6,
    "fields": {
        "precio": 0.8181805775164339,
        "metros": "0.280",
        "anio_arrendamiento": "2023-04-06"
    }
},
{
    "model": "ITV.local",
    "pk": 7,
    "fields": {
        "precio": 0.9747216333445092,
        "metros": "0.231",
        "anio_arrendamiento": "2004-06-26"
    }
},
{
    "model": "ITV.local",
    "pk": 8,
    "fields": {
        "precio": 0.06276525278073697,
        "metros": "0.134",
        "anio_arrendamiento": "2015-04-27"
    }
},
{
    "model": "ITV.local",
    "pk": 9,
    "fields": {
        "precio": 0.25997877546375925,
        "metros": "0.273",
        "anio_arrendamiento": "2024-01-29"
    }
},
{
    "model": "ITV.local",
    "pk": 10,
    "fields": {
        "precio": 0.0009325135792416228,
        "metros": "0.445",
        "anio_arrendamiento": "1995-04-27"
    }
},
{
    "model": "ITV.local",
    "pk": 11,
    "fields": {
        "precio": 0.4215870286985238,
        "metros": "0.762",
        "anio_arrendamiento": "1982-04-01"
    }
},
{
    "model": "ITV.local",
    "pk": 12,
    "fields": {
        "precio": 0.7707754560320043,
        "metros": "0.328",
        "anio_arrendamiento": "2021-02-24"
    }
},
{
    "model": "ITV.local",
    "pk": 13,
    "fields": {
        "precio": 0.5186601178240374,
        "metros": "0.651",
        "anio_arrendamiento": "2012-05-12"
    }
},
{
    "model": "ITV.local",
    "pk": 14,
    "fields": {
        "precio": 0.4194511625485847,
        "metros": "0.436",
        "anio_arrendamiento": "2021-09-18"
    }
},
{
    "model": "ITV.local",
    "pk": 15,
    "fields": {
        "precio": 0.9791698511711078,
        "metros": "0.871",
        "anio_arrendamiento": "2000-03-01"
    }
},
{
    "model": "ITV.estacionitv",
    "pk": 1,
    "fields": {
        "id_local": 8,
        "nombre": "Blue speech week whom.",
        "munipio": "Table world claim produce entire safe.",
        "eficiencia_energetica": "b"
    }
},
{
    "model": "ITV.estacionitv",
    "pk": 2,
    "fields": {
        "id_local": 1,
        "nombre": "Series amount produce course.",
        "munipio": "Cup keep live.",
        "eficiencia_energetica": "m"
    }
},
{
    "model": "ITV.estacionitv",
    "pk": 3,
    "fields": {
        "id_local": 14,
        "nombre": "Central people tough hit magazine.",
        "munipio": "How certainly traditional our.",
        "eficiencia_energetica": "f"
    }
},
{
    "model": "ITV.estacionitv",
    "pk": 4,
    "fields": {
        "id_local": 13,
        "nombre": "Follow run blood understand time.",
        "munipio": "Support scientist administration live it almost.",
        "eficiencia_energetica": "e"
    }
},
{
    "model": "ITV.estacionitv",
    "pk": 5,
    "fields": {
        "id_local": 2,
        "nombre": "Grow international office increase sell.",
        "munipio": "Current benefit know machine describe.",
        "eficiencia_energetica": "r"
    }
},
{
    "model": "ITV.estacionitv",
    "pk": 6,
    "fields": {
        "id_local": 12,
        "nombre": "Field born oil game others area find economic.",
        "munipio": "Soon road top only.",
        "eficiencia_energetica": "p"
    }
},
{
    "model": "ITV.estacionitv",
    "pk": 7,
    "fields": {
        "id_local": 9,
        "nombre": "Market lose bring event.",
        "munipio": "Prepare everyone TV process.",
        "eficiencia_energetica": "p"
    }
},
{
    "model": "ITV.estacionitv",
    "pk": 8,
    "fields": {
        "id_local": 15,
        "nombre": "Add single station author result ten.",
        "munipio": "Likely open staff around whatever radio.",
        "eficiencia_energetica": "r"
    }
},
{
    "model": "ITV.estacionitv",
    "pk": 9,
    "fields": {
        "id_local": 10,
        "nombre": "Wall debate evidence now wish factor.",
        "munipio": "Ask true difference. Not less thing service.",
        "eficiencia_energetica": "b"
    }
},
{
    "model": "ITV.estacionitv",
    "pk": 10,
    "fields": {
        "id_local": 3,
        "nombre": "Even on former threat data.",
        "munipio": "Participant behind offer difficult ten a.",
        "eficiencia_energetica": "a"
    }
},
{
    "model": "ITV.estacionitv",
    "pk": 11,
    "fields": {
        "id_local": 5,
        "nombre": "Parent federal light do now.",
        "munipio": "Theory despite entire cell fill lead central.",
        "eficiencia_energetica": "s"
    }
},
{
    "model": "ITV.estacionitv",
    "pk": 12,
    "fields": {
        "id_local": 4,
        "nombre": "Result third top spring food.",
        "munipio": "West open serve.",
        "eficiencia_energetica": "a"
    }
},
{
    "model": "ITV.estacionitv",
    "pk": 13,
    "fields": {
        "id_local": 11,
        "nombre": "Avoid church their wall be.",
        "munipio": "Pull necessary whether board stay our tax open.",
        "eficiencia_energetica": "c"
    }
},
{
    "model": "ITV.estacionitv",
    "pk": 14,
    "fields": {
        "id_local": 6,
        "nombre": "Camera agency reality.",
        "munipio": "Gun current finish require work.",
        "eficiencia_energetica": "n"
    }
},
{
    "model": "ITV.estacionitv",
    "pk": 15,
    "fields": {
        "id_local": 7,
        "nombre": "Particular thing speech size court.",
        "munipio": "Black three put break land meeting.",
        "eficiencia_energetica": "s"
    }
},
{
    "model": "ITV.cita",
    "pk": 1,
    "fields": {
        "id_cliente": 13,
        "id_estacion": 10,
        "matricula": "Argue.",
        "fecha_matriculacion": "1996-01-06",
        "numero_bastidor": "Five discuss on.",
        "tipo_inspeccion": "VETAX",
        "remolque": false,
        "tipo_pago": "TA",
        "fecha_propuesta": "1991-02-16",
        "hora_propuesta": "16:12:30"
    }
},
{
    "model": "ITV.cita",
    "pk": 2,
    "fields": {
        "id_cliente": 11,
        "id_estacion": 4,
        "matricula": "Trip.",
        "fecha_matriculacion": "1993-05-17",
        "numero_bastidor": "Some adult.",
        "tipo_inspeccion": "VETAXV",
        "remolque": true,
        "tipo_pago": "TA",
        "fecha_propuesta": "1975-09-19",
        "hora_propuesta": "07:13:20"
    }
},
{
    "model": "ITV.cita",
    "pk": 3,
    "fields": {
        "id_cliente": 3,
        "id_estacion": 12,
        "matricula": "Know.",
        "fecha_matriculacion": "1972-11-16",
        "numero_bastidor": "Ago seat base.",
        "tipo_inspeccion": "NOPE",
        "remolque": false,
        "tipo_pago": "TA",
        "fecha_propuesta": "1972-03-14",
        "hora_propuesta": "19:18:06"
    }
},
{
    "model": "ITV.cita",
    "pk": 4,
    "fields": {
        "id_cliente": 5,
        "id_estacion": 2,
        "matricula": "Trip.",
        "fecha_matriculacion": "2018-12-23",
        "numero_bastidor": "Leave prepare.",
        "tipo_inspeccion": "VETAXV",
        "remolque": true,
        "tipo_pago": "TA",
        "fecha_propuesta": "1979-11-04",
        "hora_propuesta": "23:13:09"
    }
},
{
    "model": "ITV.cita",
    "pk": 5,
    "fields": {
        "id_cliente": 13,
        "id_estacion": 4,
        "matricula": "Cut.",
        "fecha_matriculacion": "2020-11-21",
        "numero_bastidor": "Sit thousand.",
        "tipo_inspeccion": "NOPE",
        "remolque": true,
        "tipo_pago": "TA",
        "fecha_propuesta": "2022-07-16",
        "hora_propuesta": "08:15:13"
    }
},
{
    "model": "ITV.cita",
    "pk": 6,
    "fields": {
        "id_cliente": 4,
        "id_estacion": 13,
        "matricula": "Size.",
        "fecha_matriculacion": "1973-12-11",
        "numero_bastidor": "Thousand down.",
        "tipo_inspeccion": "PE",
        "remolque": true,
        "tipo_pago": "TA",
        "fecha_propuesta": "2001-04-01",
        "hora_propuesta": "03:20:05"
    }
},
{
    "model": "ITV.cita",
    "pk": 7,
    "fields": {
        "id_cliente": 7,
        "id_estacion": 5,
        "matricula": "Form.",
        "fecha_matriculacion": "1995-05-13",
        "numero_bastidor": "Church.",
        "tipo_inspeccion": "VETAX",
        "remolque": true,
        "tipo_pago": "EF",
        "fecha_propuesta": "2021-10-17",
        "hora_propuesta": "05:13:57"
    }
},
{
    "model": "ITV.cita",
    "pk": 8,
    "fields": {
        "id_cliente": 5,
        "id_estacion": 15,
        "matricula": "By.",
        "fecha_matriculacion": "2020-04-14",
        "numero_bastidor": "Part make run.",
        "tipo_inspeccion": "VETAXV",
        "remolque": false,
        "tipo_pago": "TA",
        "fecha_propuesta": "2021-06-18",
        "hora_propuesta": "03:52:02"
    }
},
{
    "model": "ITV.cita",
    "pk": 9,
    "fields": {
        "id_cliente": 13,
        "id_estacion": 12,
        "matricula": "Common.",
        "fecha_matriculacion": "1988-06-27",
        "numero_bastidor": "My say act.",
        "tipo_inspeccion": "PE",
        "remolque": true,
        "tipo_pago": "EF",
        "fecha_propuesta": "1987-02-28",
        "hora_propuesta": "09:45:15"
    }
},
{
    "model": "ITV.cita",
    "pk": 10,
    "fields": {
        "id_cliente": 8,
        "id_estacion": 5,
        "matricula": "Strong.",
        "fecha_matriculacion": "2015-10-21",
        "numero_bastidor": "Short also.",
        "tipo_inspeccion": "PE",
        "remolque": true,
        "tipo_pago": "TA",
        "fecha_propuesta": "1995-05-29",
        "hora_propuesta": "04:47:01"
    }
},
{
    "model": "ITV.cita",
    "pk": 11,
    "fields": {
        "id_cliente": 3,
        "id_estacion": 6,
        "matricula": "Off.",
        "fecha_matriculacion": "1980-03-25",
        "numero_bastidor": "Best evidence.",
        "tipo_inspeccion": "PE",
        "remolque": true,
        "tipo_pago": "TA",
        "fecha_propuesta": "2013-07-25",
        "hora_propuesta": "10:34:59"
    }
},
{
    "model": "ITV.cita",
    "pk": 12,
    "fields": {
        "id_cliente": 2,
        "id_estacion": 2,
        "matricula": "Nearly.",
        "fecha_matriculacion": "2018-03-23",
        "numero_bastidor": "Listen sometimes.",
        "tipo_inspeccion": "VETAX",
        "remolque": true,
        "tipo_pago": "EF",
        "fecha_propuesta": "1994-05-18",
        "hora_propuesta": "23:14:20"
    }
},
{
    "model": "ITV.cita",
    "pk": 13,
    "fields": {
        "id_cliente": 9,
        "id_estacion": 4,
        "matricula": "Set.",
        "fecha_matriculacion": "2002-01-30",
        "numero_bastidor": "Generation.",
        "tipo_inspeccion": "VETAX",
        "remolque": true,
        "tipo_pago": "EF",
        "fecha_propuesta": "2016-04-26",
        "hora_propuesta": "22:04:37"
    }
},
{
    "model": "ITV.cita",
    "pk": 14,
    "fields": {
        "id_cliente": 1,
        "id_estacion": 11,
        "matricula": "Image.",
        "fecha_matriculacion": "2000-12-14",
        "numero_bastidor": "Shoulder page.",
        "tipo_inspeccion": "NOPE",
        "remolque": false,
        "tipo_pago": "EF",
        "fecha_propuesta": "1985-06-03",
        "hora_propuesta": "06:17:13"
    }
},
{
    "model": "ITV.cita",
    "pk": 15,
    "fields": {
        "id_cliente": 1,
        "id_estacion": 6,
        "matricula": "Yet.",
        "fecha_matriculacion": "2013-10-08",
        "numero_bastidor": "Executive.",
        "tipo_inspeccion": "NOPE",
        "remolque": false,
        "tipo_pago": "EF",
        "fecha_propuesta": "1978-11-21",
        "hora_propuesta": "05:34:51"
    }
},
{
    "model": "ITV.empresaexterna",
    "pk": 1,
    "fields": {
        "nombre": "Animal about spring range while well hot.",
        "municipio": "Example TV process not that also.",
        "coste": 0.2580732133330552,
        "cif": "Though program."
    }
},
{
    "model": "ITV.empresaexterna",
    "pk": 2,
    "fields": {
        "nombre": "His ok field medical. Through room try.",
        "municipio": "Friend huge may save team behavior modern.",
        "coste": 0.037792768898589735,
        "cif": "Push reach."
    }
},
{
    "model": "ITV.empresaexterna",
    "pk": 3,
    "fields": {
        "nombre": "Him interest put system.",
        "municipio": "Social exactly blue development address.",
        "coste": 0.4981734656384347,
        "cif": "Environmental."
    }
},
{
    "model": "ITV.empresaexterna",
    "pk": 4,
    "fields": {
        "nombre": "Green before hear week important federal behind.",
        "municipio": "Six very management world similar floor.",
        "coste": 0.5845326759692447,
        "cif": "Fight its."
    }
},
{
    "model": "ITV.empresaexterna",
    "pk": 5,
    "fields": {
        "nombre": "Medical by air much serve bank.",
        "municipio": "Number themselves message glass friend.",
        "coste": 0.670999267601092,
        "cif": "Type phone."
    }
},
{
    "model": "ITV.empresaexterna",
    "pk": 6,
    "fields": {
        "nombre": "Wall determine value old base.",
        "municipio": "Relate these class firm try.",
        "coste": 0.25224458214468215,
        "cif": "Such police."
    }
},
{
    "model": "ITV.empresaexterna",
    "pk": 7,
    "fields": {
        "nombre": "Generation top impact gun.",
        "municipio": "Air art force purpose.",
        "coste": 0.35823013219007427,
        "cif": "Young quality."
    }
},
{
    "model": "ITV.empresaexterna",
    "pk": 8,
    "fields": {
        "nombre": "Way ahead college here five something the.",
        "municipio": "My cold lot care within.",
        "coste": 0.0117278378360135,
        "cif": "Find fly."
    }
},
{
    "model": "ITV.empresaexterna",
    "pk": 9,
    "fields": {
        "nombre": "Federal cold record per enter weight.",
        "municipio": "Such government of each half read tree.",
        "coste": 0.7984438981802001,
        "cif": "Couple school."
    }
},
{
    "model": "ITV.empresaexterna",
    "pk": 10,
    "fields": {
        "nombre": "Nature along think wish.",
        "municipio": "Section budget way interesting instead cup.",
        "coste": 0.9518884081353662,
        "cif": "Mrs surface."
    }
},
{
    "model": "ITV.empresaexterna",
    "pk": 11,
    "fields": {
        "nombre": "Camera safe vote.",
        "municipio": "Growth behind such wait way.",
        "coste": 0.3685883131384312,
        "cif": "Body culture."
    }
},
{
    "model": "ITV.empresaexterna",
    "pk": 12,
    "fields": {
        "nombre": "Really next exactly ready.",
        "municipio": "Movement down example focus off push.",
        "coste": 0.48318382953975403,
        "cif": "Drive free."
    }
},
{
    "model": "ITV.empresaexterna",
    "pk": 13,
    "fields": {
        "nombre": "Image send miss success material.",
        "municipio": "Job major house if positive push a.",
        "coste": 0.839882357524402,
        "cif": "Green recently."
    }
},
{
    "model": "ITV.empresaexterna",
    "pk": 14,
    "fields": {
        "nombre": "Church job call table lose.",
        "municipio": "Read theory world pretty practice argue.",
        "coste": 0.5819084415562711,
        "cif": "Off small safe."
    }
},
{
    "model": "ITV.empresaexterna",
    "pk": 15,
    "fields": {
        "nombre": "Claim college morning century assume.",
        "municipio": "Majority cup culture Mr visit middle.",
        "coste": 0.48351305454127436,
        "cif": "Ok happy cost."
    }
},
{
    "model": "ITV.maquinaria",
    "pk": 1,
    "fields": {
        "id_estacionItv": 5,
        "id_empresaExterna": 5,
        "nombre": "Score ready where culture medical.",
        "tipo": "FR",
        "ultimo_mantenimiento": "1992-08-21"
    }
},
{
    "model": "ITV.maquinaria",
    "pk": 2,
    "fields": {
        "id_estacionItv": 3,
        "id_empresaExterna": 14,
        "nombre": "Customer best standard phone.",
        "tipo": "EM",
        "ultimo_mantenimiento": "2016-01-11"
    }
},
{
    "model": "ITV.maquinaria",
    "pk": 3,
    "fields": {
        "id_estacionItv": 7,
        "id_empresaExterna": 8,
        "nombre": "Bad case ever. Star level cell help foot.",
        "tipo": "FR",
        "ultimo_mantenimiento": "2015-03-18"
    }
},
{
    "model": "ITV.maquinaria",
    "pk": 4,
    "fields": {
        "id_estacionItv": 12,
        "id_empresaExterna": 11,
        "nombre": "Example similar three million news case.",
        "tipo": "DI",
        "ultimo_mantenimiento": "2020-07-16"
    }
},
{
    "model": "ITV.maquinaria",
    "pk": 5,
    "fields": {
        "id_estacionItv": 11,
        "id_empresaExterna": 9,
        "nombre": "Know hundred here of commercial difference until.",
        "tipo": "EM",
        "ultimo_mantenimiento": "2024-09-18"
    }
},
{
    "model": "ITV.maquinaria",
    "pk": 6,
    "fields": {
        "id_estacionItv": 1,
        "id_empresaExterna": 2,
        "nombre": "Decision raise few might real.",
        "tipo": "DI",
        "ultimo_mantenimiento": "2016-03-02"
    }
},
{
    "model": "ITV.maquinaria",
    "pk": 7,
    "fields": {
        "id_estacionItv": 2,
        "id_empresaExterna": 6,
        "nombre": "Between song reach position.",
        "tipo": "FR",
        "ultimo_mantenimiento": "2003-03-25"
    }
},
{
    "model": "ITV.maquinaria",
    "pk": 8,
    "fields": {
        "id_estacionItv": 8,
        "id_empresaExterna": 12,
        "nombre": "Forget understand sound foot oil total reveal.",
        "tipo": "EM",
        "ultimo_mantenimiento": "1980-11-17"
    }
},
{
    "model": "ITV.maquinaria",
    "pk": 9,
    "fields": {
        "id_estacionItv": 9,
        "id_empresaExterna": 7,
        "nombre": "Trade fast war cut.",
        "tipo": "FR",
        "ultimo_mantenimiento": "2011-08-30"
    }
},
{
    "model": "ITV.maquinaria",
    "pk": 10,
    "fields": {
        "id_estacionItv": 11,
        "id_empresaExterna": 13,
        "nombre": "Interview much commercial care religious.",
        "tipo": "EM",
        "ultimo_mantenimiento": "1996-07-25"
    }
},
{
    "model": "ITV.maquinaria",
    "pk": 11,
    "fields": {
        "id_estacionItv": 1,
        "id_empresaExterna": 1,
        "nombre": "Remain common great you in in require.",
        "tipo": "FR",
        "ultimo_mantenimiento": "2014-07-15"
    }
},
{
    "model": "ITV.maquinaria",
    "pk": 12,
    "fields": {
        "id_estacionItv": 2,
        "id_empresaExterna": 3,
        "nombre": "Red return fire common.",
        "tipo": "FR",
        "ultimo_mantenimiento": "1981-02-18"
    }
},
{
    "model": "ITV.maquinaria",
    "pk": 13,
    "fields": {
        "id_estacionItv": 5,
        "id_empresaExterna": 4,
        "nombre": "Visit point thousand west.",
        "tipo": "FR",
        "ultimo_mantenimiento": "1974-01-03"
    }
},
{
    "model": "ITV.maquinaria",
    "pk": 14,
    "fields": {
        "id_estacionItv": 10,
        "id_empresaExterna": 15,
        "nombre": "Owner drive center blood.",
        "tipo": "FR",
        "ultimo_mantenimiento": "1982-05-18"
    }
},
{
    "model": "ITV.maquinaria",
    "pk": 15,
    "fields": {
        "id_estacionItv": 3,
        "id_empresaExterna": 10,
        "nombre": "Father executive visit charge time lawyer.",
        "tipo": "FR",
        "ultimo_mantenimiento": "1994-04-12"
    }
},
{
    "model": "ITV.trabajador",
    "pk": 1,
    "fields": {
        "nombre": "Read investment yes raise. Young away hope big.",
        "apellidos": "Certain identify someone despite.",
        "puesto": "DI",
        "sueldo": 0.0787434409422072,
        "observaciones": "Act why hot wonder second itself himself.\nThroughout safe opportunity air. Try hour certain necessary executive dream machine identify.",
        "id_estacion": [
            7
        ],
        "jefe": []
    }
},
{
    "model": "ITV.trabajador",
    "pk": 2,
    "fields": {
        "nombre": "Front local news major.",
        "apellidos": "Future officer direction effect movement.",
        "puesto": "EM",
        "sueldo": 0.13517523913332907,
        "observaciones": "Near another born poor. Require second really only phone edge time.\nSociety table citizen crime cover. Reflect great about spring view personal skin. After plan water break continue.",
        "id_estacion": [
            8
        ],
        "jefe": [
            1
        ]
    }
},
{
    "model": "ITV.trabajador",
    "pk": 3,
    "fields": {
        "nombre": "Them hair talk people. No college include wait.",
        "apellidos": "Service clear play.",
        "puesto": "DI",
        "sueldo": 0.48802689955622025,
        "observaciones": "Accept list per rise mind artist. Upon everybody across easy someone. Thank benefit generation issue travel. Choose city before box cultural wish car.",
        "id_estacion": [
            11
        ],
        "jefe": [
            1
        ]
    }
},
{
    "model": "ITV.trabajador",
    "pk": 4,
    "fields": {
        "nombre": "Worry increase seven onto eye stuff mind.",
        "apellidos": "Tax movement agency class bar dream.",
        "puesto": "EM",
        "sueldo": 0.06433081010838804,
        "observaciones": "Sense vote figure above add nothing program. Play they have. Recognize hotel buy.",
        "id_estacion": [
            6
        ],
        "jefe": [
            3
        ]
    }
},
{
    "model": "ITV.trabajador",
    "pk": 5,
    "fields": {
        "nombre": "Strong life five benefit.",
        "apellidos": "Painting animal court certain seat.",
        "puesto": "DI",
        "sueldo": 0.7339108653899631,
        "observaciones": "Defense tonight forget natural place true. Interest place certainly too relate film head. Leg last in with develop song wide. Perhaps a example.\nBoy alone space will language.",
        "id_estacion": [
            2,
            5,
            11
        ],
        "jefe": [
            3,
            4
        ]
    }
},
{
    "model": "ITV.trabajador",
    "pk": 6,
    "fields": {
        "nombre": "Live alone myself state while Mrs.",
        "apellidos": "Growth plan good.",
        "puesto": "DI",
        "sueldo": 0.048786695704250316,
        "observaciones": "Several single perform. Ball challenge crime professor list series.\nHeavy rest significant main line wall.\nSubject I public. Reality watch effect type share as.",
        "id_estacion": [
            3,
            9,
            11
        ],
        "jefe": [
            2,
            5
        ]
    }
},
{
    "model": "ITV.trabajador",
    "pk": 7,
    "fields": {
        "nombre": "Majority prepare remain increase about system.",
        "apellidos": "Series itself discuss which.",
        "puesto": "EM",
        "sueldo": 0.14088996801496967,
        "observaciones": "Employee admit family my table. Expect top free save.\nArtist man arm. Property song maybe kitchen involve much across.",
        "id_estacion": [
            5,
            11
        ],
        "jefe": [
            3,
            6
        ]
    }
},
{
    "model": "ITV.trabajador",
    "pk": 8,
    "fields": {
        "nombre": "Young well technology place.",
        "apellidos": "Ten offer above care interesting explain soldier.",
        "puesto": "EM",
        "sueldo": 0.747194449823485,
        "observaciones": "Attorney itself condition next hot also parent.\nRight open country trip success outside. Charge ask fish course test. Sign against leave task eight.",
        "id_estacion": [
            1,
            13
        ],
        "jefe": [
            5,
            6
        ]
    }
},
{
    "model": "ITV.trabajador",
    "pk": 9,
    "fields": {
        "nombre": "Magazine message me black near.",
        "apellidos": "Very market truth south yet after sea.",
        "puesto": "EM",
        "sueldo": 0.09817019439505881,
        "observaciones": "Better occur another number behind. Drop scene use serious. Thing provide girl such claim difficult south.",
        "id_estacion": [
            5,
            6,
            10
        ],
        "jefe": [
            3
        ]
    }
},
{
    "model": "ITV.trabajador",
    "pk": 10,
    "fields": {
        "nombre": "Executive charge member.",
        "apellidos": "Control future drug nature produce clearly claim.",
        "puesto": "EM",
        "sueldo": 0.06247870697448277,
        "observaciones": "Floor one teach relate design million. Rest me another sign get image knowledge.",
        "id_estacion": [
            14
        ],
        "jefe": [
            8
        ]
    }
},
{
    "model": "ITV.trabajador",
    "pk": 11,
    "fields": {
        "nombre": "Man key first.",
        "apellidos": "Similar yeah over collection man west.",
        "puesto": "FR",
        "sueldo": 0.8872144982520389,
        "observaciones": "Suggest opportunity wall plant better focus action sport. Computer hotel possible on fast opportunity. Expect action weight day recently realize term.\nIf approach red.",
        "id_estacion": [
            1,
            5,
            8,
            11
        ],
        "jefe": [
            2,
            7
        ]
    }
},
{
    "model": "ITV.trabajador",
    "pk": 12,
    "fields": {
        "nombre": "Use country light impact. Help air respond small.",
        "apellidos": "Low event assume particular scene.",
        "puesto": "EM",
        "sueldo": 0.4757170362539659,
        "observaciones": "Audience one for support serious. Give defense none leader break book. Floor share statement deep high unit. Month personal water stock.",
        "id_estacion": [
            4,
            7,
            8,
            15
        ],
        "jefe": [
            8,
            9
        ]
    }
},
{
    "model": "ITV.trabajador",
    "pk": 13,
    "fields": {
        "nombre": "Ready there sport miss early nation.",
        "apellidos": "Role customer actually.",
        "puesto": "EM",
        "sueldo": 0.9070046157199884,
        "observaciones": "Authority center establish responsibility position mouth environment. Them support range arm against nearly. Sister itself toward point.\nAuthor seek participant town would environment.",
        "id_estacion": [
            2,
            8,
            14,
            15
        ],
        "jefe": [
            11
        ]
    }
},
{
    "model": "ITV.trabajador",
    "pk": 14,
    "fields": {
        "nombre": "Throw but student writer whether.",
        "apellidos": "Even his against administration painting future.",
        "puesto": "FR",
        "sueldo": 0.5551342095623626,
        "observaciones": "Teacher we pick number onto character wear. Number nature newspaper produce avoid sense government too.\nParticipant national outside bit final single. Customer by adult thing.",
        "id_estacion": [
            12,
            15
        ],
        "jefe": [
            2,
            5,
            6,
            8
        ]
    }
},
{
    "model": "ITV.trabajador",
    "pk": 15,
    "fields": {
        "nombre": "Option against threat religious.",
        "apellidos": "Politics responsibility stand senior goal.",
        "puesto": "EM",
        "sueldo": 0.8597067723160413,
        "observaciones": "My man carry sort. Choose strong five. Last woman none born whole.\nChurch kitchen air of throughout institution couple. Down spend clearly evening south. Floor maintain new success owner fill take.",
        "id_estacion": [
            3,
            8,
            12
        ],
        "jefe": [
            2,
            7,
            10,
            13
        ]
    }
},
{
    "model": "ITV.vehiculo",
    "pk": 1,
    "fields": {
        "fecha_matriculacion": "1998-08-20",
        "marca": "Rule before theory nature.",
        "modelo": "Box natural woman event say mouth notice.",
        "numero_bastidor": "Seat toward.",
        "tipo_vehiculo": "bus",
        "cilindrada": -24557,
        "potencia": -18549,
        "combustible": "hib",
        "mma": 2440,
        "asientos": 2188,
        "ejes": 15694,
        "dni_propietario": "Far.",
        "matricula": "Offer."
    }
},
{
    "model": "ITV.vehiculo",
    "pk": 2,
    "fields": {
        "fecha_matriculacion": "1999-08-24",
        "marca": "Month energy know claim knowledge people.",
        "modelo": "Across value speech he.",
        "numero_bastidor": "Day seven.",
        "tipo_vehiculo": "quad",
        "cilindrada": -25432,
        "potencia": -29797,
        "combustible": "die",
        "mma": 15660,
        "asientos": 16317,
        "ejes": 4333,
        "dni_propietario": "Often.",
        "matricula": "Small."
    }
},
{
    "model": "ITV.vehiculo",
    "pk": 3,
    "fields": {
        "fecha_matriculacion": "2000-11-23",
        "marca": "Administration prove plan that office send those.",
        "modelo": "Series already national because discussion.",
        "numero_bastidor": "Money bill about.",
        "tipo_vehiculo": "quad",
        "cilindrada": -12188,
        "potencia": 23483,
        "combustible": "gpl",
        "mma": 17483,
        "asientos": 24007,
        "ejes": 16120,
        "dni_propietario": "State.",
        "matricula": "Each."
    }
},
{
    "model": "ITV.vehiculo",
    "pk": 4,
    "fields": {
        "fecha_matriculacion": "1974-05-10",
        "marca": "Half manage about set report.",
        "modelo": "Stand live garden technology without.",
        "numero_bastidor": "Current office.",
        "tipo_vehiculo": "quad",
        "cilindrada": 22712,
        "potencia": -5572,
        "combustible": "ele",
        "mma": 23257,
        "asientos": 20835,
        "ejes": 24686,
        "dni_propietario": "Those.",
        "matricula": "Mother."
    }
},
{
    "model": "ITV.vehiculo",
    "pk": 5,
    "fields": {
        "fecha_matriculacion": "1985-02-12",
        "marca": "Certainly after entire wrong natural agree.",
        "modelo": "Range although process already city.",
        "numero_bastidor": "Whom than course.",
        "tipo_vehiculo": "furg",
        "cilindrada": -19338,
        "potencia": 14115,
        "combustible": "ele",
        "mma": 7019,
        "asientos": 4446,
        "ejes": 2278,
        "dni_propietario": "Follow.",
        "matricula": "Near."
    }
},
{
    "model": "ITV.vehiculo",
    "pk": 6,
    "fields": {
        "fecha_matriculacion": "2018-06-20",
        "marca": "Paper experience agency however.",
        "modelo": "Blood record brother citizen single trade.",
        "numero_bastidor": "Trade hit fine.",
        "tipo_vehiculo": "quad",
        "cilindrada": -24666,
        "potencia": 22088,
        "combustible": "gnv",
        "mma": 32095,
        "asientos": 8602,
        "ejes": 10108,
        "dni_propietario": "Phone.",
        "matricula": "Public."
    }
},
{
    "model": "ITV.vehiculo",
    "pk": 7,
    "fields": {
        "fecha_matriculacion": "1989-07-06",
        "marca": "Commercial physical serve improve size five.",
        "modelo": "Science group whole financial.",
        "numero_bastidor": "Almost day.",
        "tipo_vehiculo": "cam",
        "cilindrada": -12338,
        "potencia": 17765,
        "combustible": "gpl",
        "mma": 20759,
        "asientos": 18944,
        "ejes": 16871,
        "dni_propietario": "Blue.",
        "matricula": "Lead."
    }
},
{
    "model": "ITV.vehiculo",
    "pk": 8,
    "fields": {
        "fecha_matriculacion": "2008-01-19",
        "marca": "Treatment next show all program.",
        "modelo": "Even able check best father purpose.",
        "numero_bastidor": "Cause for center.",
        "tipo_vehiculo": "cam",
        "cilindrada": 30724,
        "potencia": 2048,
        "combustible": "gnv",
        "mma": 2293,
        "asientos": 16103,
        "ejes": 28627,
        "dni_propietario": "Anyone.",
        "matricula": "Stand."
    }
},
{
    "model": "ITV.vehiculo",
    "pk": 9,
    "fields": {
        "fecha_matriculacion": "1993-12-01",
        "marca": "Government air wife usually.",
        "modelo": "Which foreign difficult degree lay until social.",
        "numero_bastidor": "Daughter billion.",
        "tipo_vehiculo": "bus",
        "cilindrada": 30886,
        "potencia": -1258,
        "combustible": "gnv",
        "mma": 25608,
        "asientos": 31878,
        "ejes": 32149,
        "dni_propietario": "Cause.",
        "matricula": "Music."
    }
},
{
    "model": "ITV.vehiculo",
    "pk": 10,
    "fields": {
        "fecha_matriculacion": "1993-12-08",
        "marca": "Such real beautiful detail write current we.",
        "modelo": "Her hot population black Mrs doctor wind.",
        "numero_bastidor": "More factor leg.",
        "tipo_vehiculo": "cam",
        "cilindrada": -28429,
        "potencia": -16519,
        "combustible": "die",
        "mma": 14479,
        "asientos": 23629,
        "ejes": 2835,
        "dni_propietario": "Item.",
        "matricula": "Young."
    }
},
{
    "model": "ITV.vehiculo",
    "pk": 11,
    "fields": {
        "fecha_matriculacion": "1974-10-02",
        "marca": "Firm apply politics item.",
        "modelo": "Pm yourself let once.",
        "numero_bastidor": "Must control me.",
        "tipo_vehiculo": "tracto",
        "cilindrada": -14023,
        "potencia": -20312,
        "combustible": "die",
        "mma": 20768,
        "asientos": 25921,
        "ejes": 4380,
        "dni_propietario": "Prevent.",
        "matricula": "This."
    }
},
{
    "model": "ITV.vehiculo",
    "pk": 12,
    "fields": {
        "fecha_matriculacion": "1996-09-12",
        "marca": "Send common night small relate year education.",
        "modelo": "Thousand chair next decade.",
        "numero_bastidor": "Such simple hour.",
        "tipo_vehiculo": "bus",
        "cilindrada": 1093,
        "potencia": 31017,
        "combustible": "gas",
        "mma": 29092,
        "asientos": 172,
        "ejes": 6880,
        "dni_propietario": "Fast.",
        "matricula": "Report."
    }
},
{
    "model": "ITV.vehiculo",
    "pk": 13,
    "fields": {
        "fecha_matriculacion": "1994-09-06",
        "marca": "Continue anything that theory require.",
        "modelo": "Must animal somebody as stage kid bank.",
        "numero_bastidor": "Seem process.",
        "tipo_vehiculo": "quad",
        "cilindrada": 234,
        "potencia": 16105,
        "combustible": "gnv",
        "mma": 5092,
        "asientos": 21977,
        "ejes": 12658,
        "dni_propietario": "Vote.",
        "matricula": "Tree."
    }
},
{
    "model": "ITV.vehiculo",
    "pk": 14,
    "fields": {
        "fecha_matriculacion": "1988-08-27",
        "marca": "Security hard interview space shoulder.",
        "modelo": "Arrive garden couple discuss evening.",
        "numero_bastidor": "Program arrive.",
        "tipo_vehiculo": "cam",
        "cilindrada": -19050,
        "potencia": 19070,
        "combustible": "gas",
        "mma": 24404,
        "asientos": 22688,
        "ejes": 10672,
        "dni_propietario": "Next.",
        "matricula": "Bag."
    }
},
{
    "model": "ITV.vehiculo",
    "pk": 15,
    "fields": {
        "fecha_matriculacion": "1974-06-05",
        "marca": "Behind space notice attention move national.",
        "modelo": "Kid look ever prevent new. Wonder white charge.",
        "numero_bastidor": "Skin ask end.",
        "tipo_vehiculo": "bus",
        "cilindrada": -26583,
        "potencia": 6287,
        "combustible": "gnv",
        "mma": 6731,
        "asientos": 29294,
        "ejes": 12834,
        "dni_propietario": "Front.",
        "matricula": "Unit."
    }
},
{
    "model": "ITV.inspeccion",
    "pk": 1,
    "fields": {
        "trabajador": 2,
        "vehiculo": 1,
        "fecha_inspeccion": "2024-10-16",
        "resultado_inspeccion": ""
    }
},
{
    "model": "ITV.inspeccion",
    "pk": 2,
    "fields": {
        "trabajador": 13,
        "vehiculo": 1,
        "fecha_inspeccion": "2024-10-16",
        "resultado_inspeccion": ""
    }
},
{
    "model": "ITV.inspeccion",
    "pk": 3,
    "fields": {
        "trabajador": 10,
        "vehiculo": 1,
        "fecha_inspeccion": "2024-10-16",
        "resultado_inspeccion": ""
    }
},
{
    "model": "ITV.inspeccion",
    "pk": 4,
    "fields": {
        "trabajador": 10,
        "vehiculo": 2,
        "fecha_inspeccion": "2024-10-16",
        "resultado_inspeccion": ""
    }
},
{
    "model": "ITV.inspeccion",
    "pk": 5,
    "fields": {
        "trabajador": 5,
        "vehiculo": 3,
        "fecha_inspeccion": "2024-10-16",
        "resultado_inspeccion": ""
    }
},
{
    "model": "ITV.inspeccion",
    "pk": 6,
    "fields": {
        "trabajador": 15,
        "vehiculo": 3,
        "fecha_inspeccion": "2024-10-16",
        "resultado_inspeccion": ""
    }
},
{
    "model": "ITV.inspeccion",
    "pk": 7,
    "fields": {
        "trabajador": 6,
        "vehiculo": 3,
        "fecha_inspeccion": "2024-10-16",
        "resultado_inspeccion": ""
    }
},
{
    "model": "ITV.inspeccion",
    "pk": 8,
    "fields": {
        "trabajador": 8,
        "vehiculo": 4,
        "fecha_inspeccion": "2024-10-16",
        "resultado_inspeccion": ""
    }
},
{
    "model": "ITV.inspeccion",
    "pk": 9,
    "fields": {
        "trabajador": 6,
        "vehiculo": 4,
        "fecha_inspeccion": "2024-10-16",
        "resultado_inspeccion": ""
    }
},
{
    "model": "ITV.inspeccion",
    "pk": 10,
    "fields": {
        "trabajador": 10,
        "vehiculo": 4,
        "fecha_inspeccion": "2024-10-16",
        "resultado_inspeccion": ""
    }
},
{
    "model": "ITV.inspeccion",
    "pk": 11,
    "fields": {
        "trabajador": 4,
        "vehiculo": 5,
        "fecha_inspeccion": "2024-10-16",
        "resultado_inspeccion": ""
    }
},
{
    "model": "ITV.inspeccion",
    "pk": 12,
    "fields": {
        "trabajador": 10,
        "vehiculo": 5,
        "fecha_inspeccion": "2024-10-16",
        "resultado_inspeccion": ""
    }
},
{
    "model": "ITV.inspeccion",
    "pk": 13,
    "fields": {
        "trabajador": 2,
        "vehiculo": 6,
        "fecha_inspeccion": "2024-10-16",
        "resultado_inspeccion": ""
    }
},
{
    "model": "ITV.inspeccion",
    "pk": 14,
    "fields": {
        "trabajador": 10,
        "vehiculo": 6,
        "fecha_inspeccion": "2024-10-16",
        "resultado_inspeccion": ""
    }
},
{
    "model": "ITV.inspeccion",
    "pk": 15,
    "fields": {
        "trabajador": 8,
        "vehiculo": 6,
        "fecha_inspeccion": "2024-10-16",
        "resultado_inspeccion": ""
    }
},
{
    "model": "ITV.inspeccion",
    "pk": 16,
    "fields": {
        "trabajador": 12,
        "vehiculo": 7,
        "fecha_inspeccion": "2024-10-16",
        "resultado_inspeccion": ""
    }
},
{
    "model": "ITV.inspeccion",
    "pk": 17,
    "fields": {
        "trabajador": 2,
        "vehiculo": 7,
        "fecha_inspeccion": "2024-10-16",
        "resultado_inspeccion": ""
    }
},
{
    "model": "ITV.inspeccion",
    "pk": 18,
    "fields": {
        "trabajador": 4,
        "vehiculo": 8,
        "fecha_inspeccion": "2024-10-16",
        "resultado_inspeccion": ""
    }
},
{
    "model": "ITV.inspeccion",
    "pk": 19,
    "fields": {
        "trabajador": 14,
        "vehiculo": 8,
        "fecha_inspeccion": "2024-10-16",
        "resultado_inspeccion": ""
    }
},
{
    "model": "ITV.inspeccion",
    "pk": 20,
    "fields": {
        "trabajador": 13,
        "vehiculo": 8,
        "fecha_inspeccion": "2024-10-16",
        "resultado_inspeccion": ""
    }
},
{
    "model": "ITV.inspeccion",
    "pk": 21,
    "fields": {
        "trabajador": 12,
        "vehiculo": 9,
        "fecha_inspeccion": "2024-10-16",
        "resultado_inspeccion": ""
    }
},
{
    "model": "ITV.inspeccion",
    "pk": 22,
    "fields": {
        "trabajador": 13,
        "vehiculo": 10,
        "fecha_inspeccion": "2024-10-16",
        "resultado_inspeccion": ""
    }
},
{
    "model": "ITV.inspeccion",
    "pk": 23,
    "fields": {
        "trabajador": 12,
        "vehiculo": 11,
        "fecha_inspeccion": "2024-10-16",
        "resultado_inspeccion": ""
    }
},
{
    "model": "ITV.inspeccion",
    "pk": 24,
    "fields": {
        "trabajador": 7,
        "vehiculo": 11,
        "fecha_inspeccion": "2024-10-16",
        "resultado_inspeccion": ""
    }
},
{
    "model": "ITV.inspeccion",
    "pk": 25,
    "fields": {
        "trabajador": 14,
        "vehiculo": 12,
        "fecha_inspeccion": "2024-10-16",
        "resultado_inspeccion": ""
    }
},
{
    "model": "ITV.inspeccion",
    "pk": 26,
    "fields": {
        "trabajador": 8,
        "vehiculo": 12,
        "fecha_inspeccion": "2024-10-16",
        "resultado_inspeccion": ""
    }
},
{
    "model": "ITV.inspeccion",
    "pk": 27,
    "fields": {
        "trabajador": 6,
        "vehiculo": 12,
        "fecha_inspeccion": "2024-10-16",
        "resultado_inspeccion": ""
    }
},
{
    "model": "ITV.inspeccion",
    "pk": 28,
    "fields": {
        "trabajador": 15,
        "vehiculo": 12,
        "fecha_inspeccion": "2024-10-16",
        "resultado_inspeccion": ""
    }
},
{
    "model": "ITV.inspeccion",
    "pk": 29,
    "fields": {
        "trabajador": 15,
        "vehiculo": 13,
        "fecha_inspeccion": "2024-10-16",
        "resultado_inspeccion": ""
    }
},
{
    "model": "ITV.inspeccion",
    "pk": 30,
    "fields": {
        "trabajador": 3,
        "vehiculo": 13,
        "fecha_inspeccion": "2024-10-16",
        "resultado_inspeccion": ""
    }
},
{
    "model": "ITV.inspeccion",
    "pk": 31,
    "fields": {
        "trabajador": 7,
        "vehiculo": 13,
        "fecha_inspeccion": "2024-10-16",
        "resultado_inspeccion": ""
    }
},
{
    "model": "ITV.inspeccion",
    "pk": 32,
    "fields": {
        "trabajador": 1,
        "vehiculo": 14,
        "fecha_inspeccion": "2024-10-16",
        "resultado_inspeccion": ""
    }
},
{
    "model": "ITV.inspeccion",
    "pk": 33,
    "fields": {
        "trabajador": 9,
        "vehiculo": 15,
        "fecha_inspeccion": "2024-10-16",
        "resultado_inspeccion": ""
    }
},
{
    "model": "ITV.inspeccion",
    "pk": 34,
    "fields": {
        "trabajador": 10,
        "vehiculo": 11,
        "fecha_inspeccion": "2024-10-16",
        "resultado_inspeccion": "Task investment clearly personal clearly with Mr. Major choose source risk window door."
    }
},
{
    "model": "ITV.inspeccion",
    "pk": 35,
    "fields": {
        "trabajador": 12,
        "vehiculo": 7,
        "fecha_inspeccion": "2024-10-16",
        "resultado_inspeccion": "One them individual far interest. Fast give pay prevent four more analysis."
    }
},
{
    "model": "ITV.inspeccion",
    "pk": 36,
    "fields": {
        "trabajador": 13,
        "vehiculo": 1,
        "fecha_inspeccion": "2024-10-16",
        "resultado_inspeccion": "Both hour system deal ball safe near environment. Big rich more budget enter control share."
    }
},
{
    "model": "ITV.inspeccion",
    "pk": 37,
    "fields": {
        "trabajador": 9,
        "vehiculo": 2,
        "fecha_inspeccion": "2024-10-16",
        "resultado_inspeccion": "City water must prove main expect record. Sea loss little."
    }
},
{
    "model": "ITV.inspeccion",
    "pk": 38,
    "fields": {
        "trabajador": 3,
        "vehiculo": 13,
        "fecha_inspeccion": "2024-10-16",
        "resultado_inspeccion": "Religious administration doctor late. Realize beyond deep single say participant million western."
    }
},
{
    "model": "ITV.inspeccion",
    "pk": 39,
    "fields": {
        "trabajador": 13,
        "vehiculo": 11,
        "fecha_inspeccion": "2024-10-16",
        "resultado_inspeccion": "Pressure try both car. Indicate stock prepare when alone side. Find remain up clearly."
    }
},
{
    "model": "ITV.inspeccion",
    "pk": 40,
    "fields": {
        "trabajador": 4,
        "vehiculo": 1,
        "fecha_inspeccion": "2024-10-16",
        "resultado_inspeccion": "Realize eat organization federal officer pull piece imagine. Red soon land smile."
    }
},
{
    "model": "ITV.inspeccion",
    "pk": 41,
    "fields": {
        "trabajador": 6,
        "vehiculo": 10,
        "fecha_inspeccion": "2024-10-16",
        "resultado_inspeccion": "And everyone consumer specific debate middle hot effort. Enter last far deep."
    }
},
{
    "model": "ITV.inspeccion",
    "pk": 42,
    "fields": {
        "trabajador": 6,
        "vehiculo": 11,
        "fecha_inspeccion": "2024-10-16",
        "resultado_inspeccion": "Mention she less career suddenly however record. Site decision structure."
    }
},
{
    "model": "ITV.inspeccion",
    "pk": 43,
    "fields": {
        "trabajador": 6,
        "vehiculo": 15,
        "fecha_inspeccion": "2024-10-16",
        "resultado_inspeccion": "Nothing cut voice.\nThis coach sort time me sit not. Right sea and serve data both."
    }
},
{
    "model": "ITV.inspeccion",
    "pk": 44,
    "fields": {
        "trabajador": 3,
        "vehiculo": 7,
        "fecha_inspeccion": "2024-10-16",
        "resultado_inspeccion": "Spend ask value system. Her hope but month.\nCare various game bit section owner. Business on oil."
    }
},
{
    "model": "ITV.inspeccion",
    "pk": 45,
    "fields": {
        "trabajador": 3,
        "vehiculo": 9,
        "fecha_inspeccion": "2024-10-16",
        "resultado_inspeccion": "Ground hundred democratic science. Outside generation off drug former art pick."
    }
},
{
    "model": "ITV.inspeccion",
    "pk": 46,
    "fields": {
        "trabajador": 11,
        "vehiculo": 13,
        "fecha_inspeccion": "2024-10-16",
        "resultado_inspeccion": "Item husband general. Through easy deep style practice low time rather. Fire pay discuss whole."
    }
},
{
    "model": "ITV.inspeccion",
    "pk": 47,
    "fields": {
        "trabajador": 5,
        "vehiculo": 4,
        "fecha_inspeccion": "2024-10-16",
        "resultado_inspeccion": "Seven kitchen speech participant role can option. One fast attorney I through note."
    }
},
{
    "model": "ITV.inspeccion",
    "pk": 48,
    "fields": {
        "trabajador": 2,
        "vehiculo": 6,
        "fecha_inspeccion": "2024-10-16",
        "resultado_inspeccion": "Ability spend sort tell. Travel view shake medical always dark heavy.\nStill resource benefit."
    }
},
{
    "model": "ITV.factura",
    "pk": 1,
    "fields": {
        "id_inspeccion": 42,
        "importe": "0.29",
        "pagado": false,
        "resultado": 42
    }
},
{
    "model": "ITV.factura",
    "pk": 2,
    "fields": {
        "id_inspeccion": 46,
        "importe": "1.00",
        "pagado": false,
        "resultado": 34
    }
},
{
    "model": "ITV.factura",
    "pk": 3,
    "fields": {
        "id_inspeccion": 36,
        "importe": "0.32",
        "pagado": true,
        "resultado": 47
    }
},
{
    "model": "ITV.factura",
    "pk": 4,
    "fields": {
        "id_inspeccion": 43,
        "importe": "0.76",
        "pagado": true,
        "resultado": 38
    }
},
{
    "model": "ITV.factura",
    "pk": 5,
    "fields": {
        "id_inspeccion": 48,
        "importe": "0.16",
        "pagado": false,
        "resultado": 48
    }
},
{
    "model": "ITV.factura",
    "pk": 6,
    "fields": {
        "id_inspeccion": 38,
        "importe": "0.76",
        "pagado": false,
        "resultado": 44
    }
},
{
    "model": "ITV.factura",
    "pk": 7,
    "fields": {
        "id_inspeccion": 34,
        "importe": "0.12",
        "pagado": false,
        "resultado": 43
    }
},
{
    "model": "ITV.factura",
    "pk": 8,
    "fields": {
        "id_inspeccion": 39,
        "importe": "0.64",
        "pagado": true,
        "resultado": 40
    }
},
{
    "model": "ITV.factura",
    "pk": 9,
    "fields": {
        "id_inspeccion": 47,
        "importe": "0.65",
        "pagado": false,
        "resultado": 41
    }
},
{
    "model": "ITV.factura",
    "pk": 10,
    "fields": {
        "id_inspeccion": 41,
        "importe": "0.39",
        "pagado": false,
        "resultado": 37
    }
},
{
    "model": "ITV.factura",
    "pk": 11,
    "fields": {
        "id_inspeccion": 44,
        "importe": "0.38",
        "pagado": true,
        "resultado": 35
    }
},
{
    "model": "ITV.factura",
    "pk": 12,
    "fields": {
        "id_inspeccion": 37,
        "importe": "0.16",
        "pagado": true,
        "resultado": 36
    }
},
{
    "model": "ITV.factura",
    "pk": 13,
    "fields": {
        "id_inspeccion": 40,
        "importe": "0.54",
        "pagado": false,
        "resultado": 45
    }
},
{
    "model": "ITV.factura",
    "pk": 14,
    "fields": {
        "id_inspeccion": 35,
        "importe": "0.26",
        "pagado": false,
        "resultado": 46
    }
},
{
    "model": "ITV.factura",
    "pk": 15,
    "fields": {
        "id_inspeccion": 45,
        "importe": "0.00",
        "pagado": true,
        "resultado": 39
    }
}
]
